{
  "Name": "Lemon Kombucha",
  "Description": "It isn't sour at all!",
  "Category": "ArtisanGoods",
  "Edibility": 30,
  "EdibleIsDrink": true,
  "Price": 750,
  "IsColored": false,
  "Recipe": null,
"GiftTastes": {
	"Love": ["Gus", "Sebastian"],
    "Like": ["Alex", "Caroline", "Clint", "Demetrius", "Dwarf", "Elliott", "Emily", "Evelyn", "George", "Harvey", "Jodi", "Kent", "Krobus", "Leah", "Lewis", "Linus", "Marnie", "Maru", "Pam", "Penny", "Pierre","Robin", "Sam", "Sandy", "Shane", "Willy", "Wizard"],
	"Neutral": ["Abigail", "Haley"],
	"Dislike": ["Jas", "Vincent"],
  },
  "NameLocalization":
    {
         "es": "Kombucha de limón",
        "ko": "레몬 콤부차",
        "de": "Zitronen-Kombucha",
         // "fr": "",
         // "hu": "",
         // "it": "",
        "ja": "レモンコンブチャ",
         // "pt": "",
         // "ru": "",
         // "tr": "",
        "zh": "柠檬康普茶",
    },
    "DescriptionLocalization":
    {
         "es": "¡No es amargo en absoluto!",
        "ko": "신맛이 전혀 나지 않습니다!",
        "de": "Es ist überhaupt nicht sauer!",
         // "fr": "",
         // "hu": "",
         // "it": "",
        "ja": "「ぜんぜん酸っぱくなかったよ…」",
         // "pt": "",
         // "ru": "",
         // "tr": "",
        "zh": "有柠檬茶发酵而成。它一点也不酸！",
    },
}
