{
    "Name": "Whiskey",
    "Description": "A spirit distilled from wheat malt. Drink in moderation.",
    "Category": "ArtisanGoods",
    "Edibility": 10,
    "EdibleIsDrink": true,
    "EdibleBuffs":
    {
        "Farming": 0,
        "Fishing": 0,
        "Mining": 0,
        "Luck": 0,
        "Foraging": 0,
        "MaxStamina": 0,
        "MagnetRadius": 0,
        "Speed": -3,
        "Defense": 0,
        "Attack": 0,
        "Duration": 300,
    },
    "Price": 400,
    "IsColored": false,
    "Recipe": null,
    "GiftTastes":
    {
        "Love": ["Pam", "Shane"],
        "Like": ["Gus"],
        "Neutral": ["Marnie", "Clint", "George", "Sebastian", "Abigial", "Alex", "Caroline", "Demetrius", "Dwarf", "Elliott", "Emily", "Evelyn", "Haley", "Harvey", "Jodi", "Kent", "Krobus", "Leah", "Lewis", "Linus", "Maru", "Pierre", "Robin", "Sam", "Sandy", "Willy", "Wizard"],
        "Dislike": ["Penny"],
        "Hate": ["Vincent", "Jas"]
    },
    "NameLocalization":
    {
        "es": "Whisky",
        "ko": "위스키",
        "de": "Whiskey",
         // "fr": "",
         // "hu": "",
         // "it": "",
        "ja": "ウィスキー",
         // "pt": "",
         // "ru": "",
         // "tr": "",
        "zh": "威士忌",
    },
    "DescriptionLocalization":
    {
        "es": "Una bebida destilada a base de malta de trigo. Beber con moderación.",
        "ko": "밀 맥아를 증류시켜 만든 술. 절제해서 드세요.",
        "de": "Ein Schnaps aus Weizenmalz destilliert. Genieße Ihn in Maßen.",
         // "fr": "",
         // "hu": "",
         // "it": "",
        "ja": "麦芽から蒸留したスピリッツ。飲む時はほどほどに。",
         // "pt": "",
         // "ru": "",
         // "tr": "",
        "zh": "一种由小麦中蒸馏而来的烈酒。适量饮酒。",
    }
}