{
    "Name": "Vinegar Cask",
    "Description": "A cask designed to turn grapes, apple and unmilled rice into vinegar.",
    "Price": 1,
    "ProvidesLight": false,
    "ReserveNextIndex": false,
    "Recipe":
    {
        "ResultCount": 1,
        "Ingredients": [
        {
            "Object": 338,
            "Count": 30,
        },
        {
            "Object": 335,
            "Count": 1,
        },
        {
            "Object": 726,
            "Count": 3,
        }, ],
        "CanPurchase": false,
        "IsDefault": true,
    },
    "NameLocalization":
    {
        "es": "Barril de Vinagre",
        "ko": "식초 발효통",
        "de": "Essigfass",
        // "fr": "",
        // "hu": "",
        // "it": "",
        "ja": "酢造ダル",
        "pt": "Barril de Vinagre",
        "ru": "Уксусная бочка",
        // "tr": "",
        "zh": "醋桶",
    },
    "DescriptionLocalization":
    {
        "es": "Un barril diseñado para convertir uvas, manzanas y arroz sin moler en vinagre.",
        "ko": "포도를 식초로 만드는 발효통.",
        "de": "Ein Fass, das genutzt wird, um Weintrauben, Äpfel und ungeschälten Reis zu Essig zu vergären.",
        // "fr": "",
        // "hu": "",
        // "it": "",
        "ja": "ブドウやリンゴや米を酢に変えるために設計されたタル。",
        "pt": "Um barril para fazer vinagre com uvas, maçãs ou arroz não moído.",
        "ru": "Бочка, предназначенная для превращения винограда, яблока и не измельченного риса в уксус.",
        // "tr": "",
        "zh": "往桶里倒入葡萄、苹果和未碾碎的大米以酿醋。",
    }
}
