{
    "Name": "Yogurt",
    "Description": "Yogurt made from cow's milk. It's plain, with a slightly sweet flavor.",
    "Category": "ArtisanGoods",
    "Edibility": 22,
    "Price": 175,
    "IsColored": false,
    "Recipe": null,
    "GiftTastes":
    {
        "Like": ["Abigail", "Alex", "Caroline", "Clint", "Demetrius", "Dwarf", "Elliott", "Emily", "Evelyn", "George", "Gus", "Haley", "Harvey", "Jas", "Jodi", "Krobus", "Leah", "Lewis", "Linus", "Marnie", "Maru", "Pam", "Penny", "Pierre", "Robin", "Sam", "Sandy", "Shane", "Vincent", "Willy", "Wizard"],
        "Dislike": ["Kent", "Sebastian"],
    },
    "NameLocalization":
    {
        "es": "Yogur",
        "ko": "요거트",
        "de": "Joghurt",
         // "fr": "",
         // "hu": "",
         // "it": "",
        "ja": "ヨーグルト",
         // "pt": "",
         // "ru": "",
         // "tr": "",
        "zh": "酸奶",
    },
    "DescriptionLocalization":
    {
        "es": "Yogurt elaborado con leche de vaca. Es sencillo, con un sabor ligeramente dulce.",
        "ko": "우유로 만든 요거트. 담백하고 약간 단맛이 납니다.",
        "de": "Joghurt aus Kuhmilch. Es ist einfach, mit einem leicht süßen Geschmack.",
         // "fr": "",
         // "hu": "",
         // "it": "",
        "ja": "牛乳から作られたヨーグルト。プレーンで、少し甘い味がする。",
         // "pt": "",
         // "ru": "",
         // "tr": "",
        "zh": "酸奶是由牛奶制成的。它很简单，略带甜味。",
    }
}