{
    "Name": "Miso Paste",
    "Description": "A paste made from soybeans. Used to make soup.",
    "Category": "ArtisanGoods",
    "Edibility": -300,
    "Price": 300,
    "IsColored": false,
    "Recipe": null,
    "GiftTastes":
    {
        "Like": ["Alex", "Caroline", "Clint", "Demetrius", "Dwarf", "Elliott", "Emily", "Evelyn", "George", "Gus", "Harvey", "Jodi", "Kent", "Krobus", "Leah", "Lewis", "Linus", "Marnie", "Maru", "Pam", "Penny", "Pierre", "Robin", "Sandy", "Sebastian", "Shane", "Willy", "Wizard"],
        "Dislike": ["Abigail", "Haley", "Jas", "Sam", "Vincent"],
    },
    "NameLocalization":
    {
        "es": "Pasta de miso",
        "ko": "미소",
        "de": "Miso Paste",
         // "fr": "",
         // "hu": "",
         // "it": "",
        "ja": "みそ",
         // "pt": "",
         // "ru": "",
         // "tr": "",
        "zh": "味噌酱",
    },
    "DescriptionLocalization":
    {
        "es": "Una pasta hecha de soja. Se usa para hacer sopa.",
        "ko": "대두로 만든 페이스트. 국을 끓일때 사용됩니다.",
        "de": "Eine Paste aus Sojabohnen. Verwendet, um Suppe zu machen.",
         // "fr": "",
         // "hu": "",
         // "it": "",
        "ja": "大豆から作られたペースト。これでスープを作る。",
         // "pt": "",
         // "ru": "",
         // "tr": "",
        "zh": "一种由大豆制成的糊状物。用来做汤。",
    }
}