{
  "Name": "Chambord",
  "Description": "A sweet liquor distilled from raspberries.",
  "Category": "ArtisanGoods",
  "Edibility": 7,
    "EdibleIsDrink": true,
    "EdibleBuffs":
    {
        "Farming": 0,
        "Fishing": 0,
        "Mining": 0,
        "Luck": 0,
        "Foraging": 0,
        "MaxStamina": 0,
        "MagnetRadius": 0,
        "Speed": -2,
        "Defense": 0,
        "Attack": 0,
        "Duration": 180,
    },
  "Price": 275,
  "IsColored": false,
  "Recipe": null,
  "CanPurchase": true,
  "PurchaseFrom": "Gus",
  "PurchasePrice": 275,
  "PurchaseRequirements": null,
    "GiftTastes":
    {
        "Love": ["Pam", "Shane", "Gus", "Robin"],
        "Like": ["Caroline", "Elliott", "Jodi", "Leah", "Lewis", "Pierre"],
        "Neutral": ["Marnie", "Clint", "George", "Sebastian", "Abigail", "Alex", "Demetrius", "Dwarf", "Emily", "Evelyn", "Harvey", "Kent", "Krobus", "Linus", "Maru", "Sam", "Sandy", "Willy", "Wizard"],
        "Dislike": ["Haley", "Penny"],
        "Hate": ["Vincent", "Jas"]
  },

    "NameLocalization":
    {
        "es": "Chambord",
        "ko": "샴보드",
        //"de": "",
        // "fr": "",
        // "hu": "",
        // "it": "",
        "ja": "シャンボール・リキュール",
        // "pt": "",
        // "ru": "",
        // "tr": "",
        //"zh": "",
    },
    "DescriptionLocalization":
    {
        "es": "Un licor dulce destilado de frambuesas.",
        "ko": "라즈베리를 증류시켜 만든 달콤한 술.",
        //"de": "",
        // "fr": "",
        // "hu": "",
        // "it": "",
        "ja": "ラズベリーから蒸留された甘いお酒。",
        // "pt": "",
        // "ru": "",
        // "tr": "",
        //"zh": "",
    }

}
