﻿{
    "Name": "Goat Butter",
    "Description": "Soft, tangy butter made from goat’s milk.",
    "Category": "ArtisanGoods",
    "Edibility": 22,
    "Price": 300,
    "IsColored": false,
    "Recipe": null,
    "GiftTastes":
    {
        "Love": ["Gus"],
        "Like": ["Abigail", "Alex", "Caroline", "Clint", "Demetrius", "Dwarf", "Elliott", "Emily", "Evelyn", "George", "Haley", "Harvey", "Jodi", "Krobus", "Leah", "Lewis", "Linus", "Marnie", "Maru", "Pam", "Penny", "Pierre", "Robin", "Sam", "Sandy", "Shane", "Willy", "Wizard"],
        "Dislike": ["Jas", "Kent", "Vincent"],
        "Hate": ["Sebastian"],
    },
    "NameLocalization":
    {
        "es": "Mantequilla de cabra",
        "ko": "염소 버터",
        "de": "Ziegenbutter",
         // "fr": "",
         // "hu": "",
         // "it": "",
        "ja": "ヤギバター",
        "pt": "Manteiga de Cabra",
        "ru": "Масло из козьего молока",
         // "tr": "",
        "zh": "羊奶黄油",
    },
    "DescriptionLocalization":
    {
        "es": "Mantequilla suave y ácida hecha de leche de cabra.",
        "ko": "염소 젖으로 만든 부드럽고 시큼한 버터.",
        "de": "Weiche, spritzige Butter aus Ziegenmilch.",
         // "fr": "",
         // "hu": "",
         // "it": "",
        "ja": "ヤギの乳から作られた、柔らかく酸味の効いたバター。",
        "pt": "Manteiga suave e ácida feita de leite de cabra.",
        "ru": "Мягкое пикантное масло из козьего молока.",
         // "tr": "",
        "zh": "用羊奶制作的柔软且有浓郁味道的黄油。",
    }
}