{
    "Name": "Clover Club",
    "Description": "It doesn't need to be St. Patrick's day to enjoy this beverage.",
    "Category": "Cooking",
    "Edibility": 66,
    "EdibleIsDrink": true,
    "EdibleBuffs":
    {
        "Farming": 0,
        "Fishing": 0,
        "Mining": 0,
        "Luck": 0,
        "Foraging": 0,
        "MaxStamina": 0,
        "MagnetRadius": 0,
        "Speed": -1,
        "Defense": 0,
        "Attack": 0,
        "Duration": 100,
    },
    "Price": 680,
    "IsColored": false,
    "CanPurchase": true,
    "PurchaseFrom": "Gus",
    "PurchasePrice": 1005,
    "Recipe":
    {
        "ResultCount": 1,
        "Ingredients": [
        {
            "Object": "Gin",
            "Count": 1,
        },
        {
            "Object": "Lemon",
            "Count": 1,
        },
        {
            "Object": "Raspberry",
            "Count": 1,
        },
        {
            "Object": -5,
            "Count": 1,
        }],
        "CanPurchase": true,
        "PurchaseFrom": "Gus",
        "PurchasePrice": 5680,
        "PurchaseRequirements": ["y 2", ],
    },

    "NameLocalization":
    {
        "es": "Clover Club",
        "ko": "클로버 클럽",
        "de": "Clover Club",
        // "fr": "",
        // "hu": "",
        // "it": "",
        // "ja": "",
        // "pt": "",
        // "ru": "",
        // "tr": "",
        "zh": "富豪俱乐部",
    },
    "DescriptionLocalization":
    {
        "es": "No es necesario que sea el día de San Patricio para disfrutar de esta bebida.",
        "ko": "이 음료를 즐기기 위해 성 패트릭의 날일 필요는 없어요.",
        "de": "Es muss kein St. Patrick's Day sein, um dieses Getränk zu genießen.",
        // "fr": "",
        // "hu": "",
        // "it": "",
        // "ja": "",
        // "pt": "",
        // "ru": "",
        // "tr": "",
        "zh": "富豪俱乐部鸡尾酒。不一定要等到圣帕特里克节才能享用这种饮料。",
    }
}
