{
    "Name": "Whiskey Sour",
    "Description": "Shockingly, it isn't sour.",
    "Category": "Cooking",
    "Edibility": 53,
    "EdibleIsDrink": true,
    "EdibleBuffs":
    {
        "Farming": 0,
        "Fishing": 0,
        "Mining": 0,
        "Luck": 0,
        "Foraging": 0,
        "MaxStamina": 0,
        "MagnetRadius": 0,
        "Speed": -1,
        "Defense": 0,
        "Attack": 0,
        "Duration": 100,
    },
    "Price": 680,
    "IsColored": false,
    "CanPurchase": true,
    "PurchaseFrom": "Gus",
    "PurchasePrice": 1680,
    "PurchaseRequirements": null,

    "Recipe":
    {
        "ResultCount": 1,
        "Ingredients": [
        {
            "Object": "Whiskey",
            "Count": 1,
        },
        {
            "Object": "Lemon",
            "Count": 1,
        },
        {
            "Object": 638,
            "Count": 1,
        }],
        "CanPurchase": true,
        "PurchaseFrom": "Gus",
        "PurchasePrice": 5680,
        "PurchaseRequirements": null,
    },

    "NameLocalization":
    {
        "es": "Whisky agrio",
        "ko": "위스키 사워",
        // "de": "Saurer Wiskes",
        // "fr": "",
        // "hu": "",
        // "it": "",
        // "ja": "",
        // "pt": "",
        // "ru": "",
        // "tr": "",
        "zh": "威士忌酸酒",
    },
    "DescriptionLocalization":
    {
        "es": "Sorprendentemente, no es agrio.",
        "ko": "놀랍게도, 신맛이 나지 않아요.",
        "de": "Erstaunlicherweise ist er nicht sauer.",
        // "fr": "",
        // "hu": "",
        // "it": "",
        // "ja": "",
        // "pt": "",
        // "ru": "",
        // "tr": "",
        "zh": "威士忌酸酒。令人震惊的是，它并不酸。",
    }
}
