{
    "Name": "Wheat Noodles",
    "Description": "A bag of robust noodles used throughout the world for a multitude of meals.",
    "Category": "ArtisanGoods",
    "Edibility": -300,
    "Price": 150,
    "IsColored": false,
    "Recipe": null,
    "GiftTastes":
    {
        "Neutral": ["Abigail", "Alex", "Caroline", "Clint", "Demetrius", "Dwarf", "Elliott", "Emily", "Evelyn", "George", "Gus", "Haley", "Harvey", "Jas", "Jodi", "Kent", "Krobus", "Leah", "Lewis", "Linus", "Marnie", "Maru", "Pam", "Penny", "Pierre", "Robin", "Sam", "Sandy", "Sebastian", "Shane", "Vincent", "Willy", "Wizard"],
    },
    "NameLocalization":
    {
        "es": "Fideos de trigo",
        "ko": "밀면",
        "de": "Weizennudeln",
        // "fr": "",
        // "hu": "",
        // "it": "",
        "ja": "コムギ麺",
        "pt": "Macarrão de Trigo",
        "ru": "Пшеничная лапша",
        // "tr": "",
        "zh": "面条",
    },
    "DescriptionLocalization":
    {
        "es": "Una bolsa de fideos robustos utilizados en todo el mundo para una multitud de comidas.",
        "ko": "전 세계적으로 사용되는 탄탄한 국수 한 봉지.",
        "de": "Ein Beutel mit robusten Nudeln, die auf der ganzen Welt für eine Vielzahl von Mahlzeiten verwendet werden.",
        // "fr": "",
        // "hu": "",
        // "it": "",
        "ja": "世界中のたくさんの料理につかわれるコシの強い麺。",
        "pt": "Uma bolsa de trigo robusto usada no mundo inteiro para uma multidão de refeições.",
        "ru": "Мешок с твёрдой лапшой, используемой во всем мире для множества блюд.",
        // "tr": "",
        "zh": "一袋颇具韧性的面条，世界各地的食物中都可见其身影。",
    }
}