{
    "Name": "Money Plant",
    "Product": "Doubloon",
    "SeedName": "Doubloon Seeds",
    "SeedDescription": "Plant these in fall. Takes 13 days to mature, and keeps producing after the first harvest.",
    "Type": "ArtisanGoods",

    "Seasons": ["fall"],
    "Phases": [ 2, 2, 3, 3, 3],
    "RegrowthPhase": 6,
    "HarvestWithScythe": false,
    "TrellisCrop": false,
    "Colors": null,
    "Bonus": {
        "MinimumPerHarvest": 1,
        "MaximumPerHarvest": 1,
        "MaxIncreasePerFarmLevel": 5,
        "ExtraChance": 0.0
    },
"SeedPurchaseFrom": "Krobus",
  "SeedPurchasePrice": 250,

"SeedNameLocalization": { 
    "es": "Semillas Doblón",
    "ko": "금화 씨앗",
    "de": "Doppelblumensamen",
    "fr": "Graines Doublon",
    "hu": "Doubloon magok",
    "it": "Semi di doubloon",
    "ja": "ダブロンの種",
    "pt": "Sementes de Dobrão",
    "ru": "Семена дублона",
    "tr": "Doubloon Tohumları",
    "zh": "钱币种子"

    },
"SeedDescriptionLocalization": { 
    "es": "Plantalas en otoño. Toma 13 dias para madurar, sigue produciendo después de la primera cosecha.",
    "ko": "가을 작물. 성장하려면 13일이 소요되며, 수확한 후에도 계속 생산됩니다.",
    "de": "Pflanzen Sie diese im Herbst. Die Reifezeit beträgt 13 Tage und die Produktion wird nach der ersten Ernte fortgesetzt.",
    "fr": "Plantez-les en automne. Il faut 13 jours pour arriver à maturité. Continuera de produire après cela.",
    "hu": "Ültesse ezeket ősszel. 13 napig ér, és az első betakarítás után folytatja a termelést.",
    "it": "Piantali in autunno. Richiede 13 giorni per maturare e continua a produrre dopo il primo raccolto.",
    "ja": "秋にこれらを植えます。 熟すのに13日かかり、最初の収穫後も生産を続けます。",
    "pt": "Plante-as no outono. Leva 13 dias para amadurecer e continua produzindo após a primeira colheita.",
    "ru": "Высаживайте их осенью. Созревают за 13 дней, продолжая давать урожай после первого сбора.",
    "tr": "Bunları sonbaharda ekin. Olgunlaşması 13 gün sürer ve ilk hasattan sonra üretime devam eder.",
    "zh": "秋天播种。13天成熟，在第一次收获后循环生产。"
    }
}
