{
    "Name": "Stocking Cookie",
    "Description": "A hard cookie decorated like a stocking.",
    "Category": "Cooking",
    "Edibility": 40,
    "EdibleIsDrink": false,
    "EdibleBuffs": null,
    "Price": 140,
    "IsColored": false,
    "Recipe":
    {
        "ResultCount": 1,
        "Ingredients": [
        {
            "Object": 246,
            "Count": 1,
        },
        {
            "Object": 245,
            "Count": 1,
        },
        {
            "Object": -5,
            "Count": 1,
        }, ],
    },
    "GiftTastes":
    {
        "Like": ["Abigail", "Alex", "Caroline", "Clint", "Demetrius", "Dwarf", "Elliott", "Emily", "Evelyn", "George", "Gus", "Haley", "Jas", "Jodi", "Kent", "Lewis", "Linus", "Marnie", "Maru", "Pam", "Penny", "Pierre", "Robin", "Sam", "Sandy", "Sebastian", "Shane", "Vincent", "Wizard"],
        "Dislike": ["Harvey", "Krobus", "Leah", "Willy"],
    },
    "NameLocalization":
    {
        // "es": "",
        "ko": "양말쿠키",
        "de": "Strumpf Keks",
        // "fr": "",
        // "hu": "",
        // "it": "",
        "ja": "くつ下のクッキー",
        "pt": "Biscoito de Meias Natalinas",
        // "ru": "",
        // "tr": "",
        "zh": "圣诞袜饼干",
    },
    "DescriptionLocalization":
    {
        // "es": "",
        "ko": "양말모양으로 장식한 딱딱한 쿠키",
        "de": "Ein harter Keks, der wie ein Strumpf dekoriert ist.",
        // "fr": "",
        // "hu": "",
        // "it": "",
        "ja": "くつ下の形に焼いたクッキー。",
        "pt": "Um biscoito duro decorado em formato de meia.",
        // "ru": "",
        // "tr": "",
        "zh": "一块圣诞袜形状的硬饼干。",
    }
}