{
    "Name": "Magnolia Tree",
    "Product": "Magnolia",
    "SaplingName": "Magnolia Sapling",
    "SaplingDescription": "Takes 28 days to produce a mature Magnolia tree. Bears flowers in the spring. Only grows if the 8 surrounding \"tiles\" are empty.",

    "Season": "spring",

    "SaplingPurchasePrice": 2000,
    "SaplingPurchaseRequirements": null,
    "SaplingNameLocalization":
    {
        "es": "Brote de magnolia",
        "ko": "목련 묘목",
        "de": "Magnolien-Setzling (Sapling)",
         // "fr": "",
         // "hu": "",
         // "it": "",
         // "ja": "",
        "pt": "Muda de Magnólia",
         // "ru": "",
         // "tr": "",
        "zh": "木兰花树苗Sapling",
    },
    "SaplingDescriptionLocalization":
    {
        "es": "Toma 28 días para producir un árbol de magnolia maduro. Da fruto en primavera. Solo crece si las 8 casillas circundantes están vacías.",
        "ko": "28일후에 성목이 됩니다. 봄에 꽃이 핍니다. 주변 8칸이 비어있어야 자랍니다.",
        "de": "Die Herstellung eines reifen Magnolienbaums dauert 28 Tage. Trägt Blumen im Frühjahr. Wächst nur, wenn die 8 umgebenden 'Kacheln' leer sind.",
         // "fr": "",
         // "hu": "",
         // "it": "",
         // "ja": "",
        "pt": "Demora até 28 dias para produzir uma árvore magnólia madura. Dá flores na primavera. Só cresce se os 8 espaços adjacentes estiverem vazios.",
         // "ru": "",
         // "tr": "",
        "zh": "28天成熟为成年木兰花树。春天开花。只有在附近8块地块都空置的情况下才会成长。",
    }
}