{
  "Name": "Potted Jasmine",
  "Description": "A tiny, ornamental jasmine tree potted in a little wooden pot. Remember to water it!",
  "Price": 1,
  "ProvidesLight": false,
  "Recipe": {
    "ResultCount": 1,
    "Ingredients": [
      {
		  "Object": "Jasmine",
		  "Count": 1,
      },
      {
		  "Object": 388,
		  "Count": 10,
      },
	  {
		  "Object": 330,
		  "Count": 10,
	  },
    ],
	"CanPurchase": false,
  },
  "NameLocalization": { 
    "es": "Jazmín en maceta",
    "ko": "실내 화초 자스민",
    "de": "Eingemachter Jasmin",
     // "fr": "",
     // "hu": "",
     // "it": "",
     // "ja": "",
    "pt": "Vaso de Jasmim",
     // "ru": "",
     // "tr": "",
    "zh": "茉莉盆栽",
     },
 "DescriptionLocalization": { 
    "es": "Un pequeño árbol ornamental de jazmín en una pequeña maceta de madera. ¡Recuerda regarla!",
    "ko": "작은 나무 화분에 심겨진 정말로 작은 장식용 자스민 입니다. 물 주는거 잊지마세요!",
    "de": "Ein kleiner, dekorativer Jasminbaum in einem kleinen Holztopf. Denken Sie daran, es zu gießen!",
     // "fr": "",
     // "hu": "",
     // "it": "",
     // "ja": "",
    "pt": "Uma minúscula jasmim em um pequeno vaso de madeira. Lembre-se sempre de regá-la!",
     // "ru": "",
     // "tr": "",
    "zh": "一个小木盆里的盆栽。记得给它浇水！",
    }
}
