{
    "Name": "Estival Tea",
    "Description": "A spicy, tangy tea. Oddly refreshing on a hot day.",
    "Category": "Cooking",
    "Edibility": 55,
    "EdibleIsDrink": true,
    "EdibleBuffs":
    {
        "Farming": 0,
        "Fishing": 0,
        "Mining": 0,
        "Luck": 0,
        "Foraging": 0,
        "MaxStamina": 0,
        "MagnetRadius": 1,
        "Speed": 0,
        "Defense": 0,
        "Attack": 0,
        "Duration": 300,
    },
    "Price": 350,
    "IsColored": false,
    "Recipe":
    {
        "ResultCount": 1,
        "Ingredients": [
        {
            "Object": "Hibiscus",
            "Count": 1,
        },
        {
            "Object": 635,
            "Count": 1,
        },
        {
            "Object": "Camellia",
            "Count": 1,
        }, ],
        "IsDefault": false,
        "CanPurchase": false,
    },
    "NameLocalization":
    {
        "es": "Té de estival",
        "ko": "여름의 차",
        "de": "Sommerlicher Tee",
         // "fr": "",
         // "hu": "",
         // "it": "",
         // "ja": "",
        "pt": "Chá de Verão",
         // "ru": "",
         // "tr": "",
        "zh": "夏日茶",
    },
    "DescriptionLocalization":
    {
        "es": "Un té fuerte y picante. Curiosamente refrescante en un día caluroso.",
        "ko": "맵고 톡 쏘는 차. 더운 날 마시면 상쾌합니다.",
        "de": "Ein würziger Tee. Seltsamerweise erfrischend an einem heißen Tag.",
         // "fr": "",
         // "hu": "",
         // "it": "",
         // "ja": "",
        "pt": "Um chá picante e muito picante. Estranhamente refrescante em um dia quente.",
         // "ru": "",
         // "tr": "",
        "zh": "一种味道浓烈的茶。使人在炎炎夏日里神清气爽。",
    }
}