{
    "Name": "Green Junimo",
    "Description": "Like a black or white junimo, but made with absinthe.",
    "Category": "Cooking",
    "Edibility": 58,
    "EdibleIsDrink": true,
    "EdibleBuffs":
    {
        "Farming": 0,
        "Fishing": 0,
        "Mining": 0,
        "Luck": 0,
        "Foraging": 0,
        "MaxStamina": 0,
        "MagnetRadius": 0,
        "Speed": -1,
        "Defense": 0,
        "Attack": 0,
        "Duration": 100,
    },
    "Price": 1040,
    "IsColored": false,
    "CanPurchase": true,
    "PurchaseFrom": "Gus",
    "PurchasePrice": 1365,
    "Recipe":
    {
        "ResultCount": 1,
        "Ingredients": [
        {
            "Object": -6,
            "Count": 1,
        },
        {
            "Object": "Coffee Liqueur",
            "Count": 1,
        },
        {
            "Object": "Absinthe",
            "Count": 1,
        }],
        "CanPurchase": true,
        "PurchaseFrom": "Gus",
        "PurchasePrice": 6040,
        "PurchaseRequirements": ["y 2", ],
    },

    "NameLocalization":
    {
        "es": "Junimo verde",
        "ko": "그린 주니모",
        "de": "Grüner Junimo",
        // "fr": "",
        // "hu": "",
        // "it": "",
        // "ja": "",
        // "pt": "",
        // "ru": "",
        // "tr": "",
        "zh": "绿色祝尼魔",
    },
    "DescriptionLocalization":
    {
        "es": "Como un junimo blanco o negro, pero hecho con absenta.",
        "ko": "블랙 또는 화이트 주니모같지만, 압생트로 만들어졌습니다.",
        "de": "Wie ein schwarzer oder weißer Junimo, aber aus Absinth",
        // "fr": "",
        // "hu": "",
        // "it": "",
        // "ja": "",
        // "pt": "",
        // "ru": "",
        // "tr": "",
        "zh": "绿色祝尼魔。类似黑色或者白色祝尼魔，但由苦艾酒制作而成。",
    }
}
