{
    "Name": "Iced Green Christmas Tree",
    "Description": "It kinda looks like a Christmas tree - with a splash of green icing.",
    "Category": "Cooking",
    "Edibility": 48,
    "EdibleIsDrink": false,
    "EdibleBuffs": null,
    "Price": 500,
    "IsColored": false,
    "Recipe":
    {
        "ResultCount": 1,
        "Ingredients": [
        {
            "Object": 486,
            "Count": 1,
        },
        {
            "Object": 245,
            "Count": 1,
        },
        {
            "Object": -5,
            "Count": 1,
        },
        {
            "Object": 246,
            "Count": 1,
        },
        {
            "Object": "Spinach",
            "Count": 1,
        }, ],
        "IsDefault": true,
    },
    "GiftTastes":
    {
        "Love": ["Abigail", "Haley", "Maru", "Sebastian"],
        "Like": ["Alex", "Caroline", "Clint", "Demetrius", "Dwarf", "Elliott", "George", "Gus", "Harvey", "Jas", "Jodi", "Kent", "Leah", "Lewis", "Linus", "Marnie", "Pam", "Penny", "Pierre", "Robin", "Sam", "Sandy", "Shane", "Vincent", "Wizard"],
        "Neutral": ["Emily", "Krobus", "Willy"],
        "Hate": ["Evelyn"],
    },
    "NameLocalization":
    {
        // "es": "",
        "ko": "녹색 크리스마스 트리",
         "de": "Gefrorener grüner Weihnachtsbaum",
        // "fr": "",
        // "hu": "",
        // "it": "",
        "ja": "ツリーアイシングクッキー(緑)",
        "pt": "Biscoito de Árvore de Natal",
        // "ru": "",
        // "tr": "",
        "zh": "冰绿圣诞树",
    },
    "DescriptionLocalization":
    {
        // "es": "",
        "ko": "녹색아이싱으로 장식한 트리모양 쿠키",
         "de": "Es sieht irgendwie aus wie ein Weihnachtsbaum - mit einem Schuss grüner Glasur.",
        // "fr": "",
        // "hu": "",
        // "it": "",
        "ja": "緑のアイシングをトッピングしてクリスマスツリーの形に。",
        "pt": "É um pouco parecido com uma árvore de Natal - mergulhado em gelo verde.",
        // "ru": "",
        // "tr": "",
        "zh": "它看起来有点像一棵圣诞树——点缀着绿色的糖霜。",
    }
}