{
    "Name": "Moonlight Jellies",
    "Description": "From the Stardew Valley Pixel to Plate menu.",
    "Category": "Cooking",
    "Edibility": 35,
    "EdibleIsDrink": true,
    "EdibleBuffs":
    {
        "Farming": 0,
        "Fishing": 0,
        "Mining": 0,
        "Luck": 0,
        "Foraging": 0,
        "MaxStamina": 0,
        "MagnetRadius": 0,
        "Speed": -1,
        "Defense": 0,
        "Attack": 0,
        "Duration": 100,
    },
    "Price": 470,
    "IsColored": false,
    "CanPurchase": true,
    "PurchaseFrom": "Gus",
    "PurchasePrice": 470,
    "Recipe":
    {
        "ResultCount": 1,
        "Ingredients": [
        {
            "Object": "Vodka",
            "Count": 1,
        },
        {
            "Object": "Aloe",
            "Count": 2,
        }, ],
        "CanPurchase": true,
        "PurchaseFrom": "Gus",
        "PurchasePrice": 940,
        "PurchaseRequirements": ["f Krobus 1000", ],
    },
    "NameLocalization":
    {
        // "es": "",
        "ko": "달빛 해파리",
        "de": "Mondschein-Gelee",
        // "fr": "",
        // "hu": "",
        // "it": "",
        // "ja": "",
        // "pt": "",
        // "ru": "",
        // "tr": "",
        "zh": "月光水母",
    },
    "DescriptionLocalization":
    {
        // "es": "",
        "ko": "스타듀 밸리 픽셀에서 플레이트 메뉴까지.",
        "de": "Aus dem Menü Stardew Valley Pixel,
        // "fr": "",
        // "hu": "",
        // "it": "",
        // "ja": "",
        // "pt": "",
        // "ru": "",
        // "tr": "",
        "zh": "月光水母。名字起源于星露谷游戏。",
    }
}
