{
  "Name": "Chocolate Liqueur",
  "Description": "A beverage derived from chocolate.",
  "Category": "Cooking",
  "Edibility": 87,
  "EdibleIsDrink": true,
   "EdibleBuffs": {
    "Farming": 0,
    "Fishing": 0,
    "Mining": 0,
    "Luck": 0,
	"Foraging": 0,
	"MaxStamina": 0,
    "MagnetRadius": 0,
	"Speed": -1,
	"Defense": 0,
	"Attack": 0,
    "Duration": 100,
  },
  "Price": 1300,
  "IsColored": false,
  "Recipe": {
    "ResultCount": 1,
    "Ingredients": [
      {
        "Object": "Vodka",
        "Count": 1,
      },
      {
        "Object": "Chocolate",
        "Count": 2,
      }
    ],
    "CanPurchase": true,
    "PurchaseFrom": "Gus",
    "PurchasePrice": 6300,
    "PurchaseRequirements": ["y 2",
],
  },

 "NameLocalization": {
    "es": "Licor de chocolate",
    "ko": "초콜릿 리큐어",
    "ko": "초콜릿에서 추출한 음료.",
    "de": "Schokoladen Likör",
     // "fr": "",
     // "hu": "",
     // "it": "",
     // "ja": "",
     // "pt": "",
     // "ru": "",
     // "tr": "",
    "zh": "巧克力利口酒",
  },
 "DescriptionLocalization": {
    "es": "Una bebida derivada del chocolate.",
     // "ko": "",
    "de": "Ein Getränk aus Schokolade.",
     // "fr": "",
     // "hu": "",
     // "it": "",
     // "ja": "",
     // "pt": "",
     // "ru": "",
     // "tr": "",
    "zh": "巧克力利口酒。由巧克力制成的饮品。",
  }
}
