{
    "Name": "Smoker",
    "Description": "A smoker used to smoke fish and cheese.",
    "Price": 1,
    "ProvidesLight": false,
    "ReserveNextIndex": true,
    "Recipe":
    {
        "ResultCount": 1,
        "Ingredients": [
        {
            "Object": 335,
            "Count": 10,
        },
        {
            "Object": 382,
            "Count": 20,
        }, ],
        "CanPurchase": false,
        "SkillUnlockName": "Fishing",
        "SkillUnlockLevel": 4,
    },
    "NameLocalization":
    {
        // "es": "",
        "ko": "연기찜기",
        "de": "Räucherofen",
        // "fr": "",
        // "hu": "",
        // "it": "",
        // "ja": "",
        // "pt": "",
        // "ru": "",
        // "tr": "",
        "zh": "熏炉",
    },
    "DescriptionLocalization":
    {
        // "es": "",
        "ko": "생선과 치즈를 요리하는 연기찜기.",
        "de": "Ein Räucherofen, der für Fisch und Käse genutzt werden kann.",
        // "fr": "",
        // "hu": "",
        // "it": "",
        // "ja": "",
        // "pt": "",
        // "ru": "",
        // "tr": "",
        "zh": "用来熏制鱼和奶酪的熏炉。",
    }
}