{
    "Name": "Ginger Ale",
    "Description": "A light beverage often used to settle stomach aches.",
    "Category": "ArtisanGoods",
    "Edibility": 14,
    "EdibleIsDrink": true,
    "Price": 200,
    "IsColored": false,
    "Recipe": null,
    "GiftTastes":
    {
        "Love": ["Evelyn", "George", "Harvey"],
        "Like": ["Abigail", "Alex", "Caroline", "Clint", "Demetrius", "Dwarf", "Elliott", "Emily", "Gus", "Jodi", "Kent", "Krobus", "Leah", "Lewis", "Linus", "Marnie", "Maru", "Pam", "Penny", "Pierre", "Robin", "Sam", "Sandy", "Sebastian", "Shane", "Willy", "Wizard"],
        "Dislike": ["Haley", "Jas", "Vincent", ],
    },
    "NameLocalization":
    {
        "es": "Refresco de jengibre",
        "ko": "생강 에일",
        "de": "Ginger Ale",
         // "fr": "",
         // "hu": "",
         // "it": "",
        "ja": "ジンジャーエール",
        "pt": "Refrigerante de Gengibre",
        "ru": "Имбирный эль",
         // "tr": "",
        "zh": "姜汁汽水",
    },
    "DescriptionLocalization":
    {
        "es": "Una bebida ligera a menudo utilizada para calmar los dolores de estómago.",
        "ko": "복통을 가라앉히기 위해 자주 사용되는 가벼운 음료.",
        "de": "Ein leichtes Getränk, das oft zur Behandlung von Bauchschmerzen verwendet wird.",
         // "fr": "",
         // "hu": "",
         // "it": "",
        "ja": "胃痛を和らげるためによく飲まれる飲み物。",
        "pt": "Uma bebida leve muito usada para controlar dores de estômago.",
        "ru": "Легкий напиток, часто используемый для устранения болей в животе.",
         // "tr": "",
        "zh": "一种清淡的饮料，通常用来缓解胃痛。",
    }
}