{
    "Name": "Garlic Mayonnaise",
    "Description": "You can use it in a sandwich.",
    "Category": "ArtisanGoods",
    "Edibility": -300,
    "Price": 280,
    "IsColored": false,
    "Recipe": null,
    "GiftTastes":
    {
        "Like": ["Alex", "Caroline", "Clint", "Demetrius", "Dwarf", "Elliott", "Emily", "George", "Gus", "Harvey", "Kent", "Krobus", "Leah", "Lewis", "Linus", "Marnie", "Maru", "Pam", "Penny", "Robin", "Sandy", "Sebastian", "Shane", "Willy", "Wizard"],
        "Dislike": ["Abigail", "Haley", "Jas", "Jodi", "Sam", "Vincent"],
        "Hate": ["Evelyn", "Pierre"]
    },
    "NameLocalization":
    {
        "es": "Mayonesa de ajo",
        "ko": "마늘 마요네즈",
        "de": "Knoblauch-Mayonnaise",
         // "fr": "",
         // "hu": "",
         // "it": "",
        "ja": "ガーリックマヨネーズ",
         // "pt": "",
         // "ru": "",
         // "tr": "",
        "zh": "大蒜蛋黄酱",
    },
    "DescriptionLocalization":
    {
        "es": "Puedes usarlo para preparar emparedados.",
        "ko": "샌드위치를 만드는데 사용할 수 있습니다.",
        "de": "Du kannst es in einem Sandwich verwenden.",
         // "fr": "",
         // "hu": "",
         // "it": "",
        "ja": "サンドイッチに使える。",
         // "pt": "",
         // "ru": "",
         // "tr": "",
        "zh": "你可以把它涂在三明治里。",
    }
}