{
    "Name": "Twine",
    "Description": "A spool of rough twine.",
    "Category": "ArtisanGoods",
    "Edibility": -300,
    "Price": 20,
    "IsColored": false,
    "Recipe": null,
    "GiftTastes":
    {
        "Love": ["Emily", "Evelyn"],
        "Like": ["Leah"],
        "Neutral": ["Marnie", "Gus", "Clint", "George", "Sebastian", "Abigail", "Alex", "Caroline", "Demetrius", "Dwarf", "Elliott", "Haley", "Harvey", "Jodi", "Kent", "Krobus", "Leah", "Lewis", "Linus", "Maru", "Pierre", "Robin", "Sam", "Sandy", "Willy", "Wizard", "Pam", "Shane", "Penny", "Vincent", "Jas"],
    },
    "NameLocalization":
    {
        "es": "Guita",
        "ko": "노끈",
        "de": "Schnur",
         // "fr": "",
         // "hu": "",
         // "it": "",
        "ja": "より糸",
         // "pt": "",
         // "ru": "",
         // "tr": "",
        "zh": "麻线",
    },
    "DescriptionLocalization":
    {
        "es": "Un carrete de hilo desigual.",
        "ko": "거친 노끈 한 꾸리",
        "de": "Eine Spule mit grober Schnur.",
         // "fr": "",
         // "hu": "",
         // "it": "",
        "ja": "粗めに巻いた糸。",
         // "pt": "",
         // "ru": "",
         // "tr": "",
        "zh": "一卷粗线。",
    }
}