{
    "Name": "Iris",
    "Product": "Iris",
    "SeedName": "Iris Bulb",
    "SeedDescription": "Plant in the fall. Takes 10 days to grow from bulb to flower.",
    "Type": "Flower",

    "Seasons": ["fall"],
    "Phases": [1, 2, 2, 3, 2],
    "RegrowthPhase": -1,
    "HarvestWithScythe": false,
    "TrellisCrop": false,
    "Colors": [
        "30, 20, 255, 255",
        "125, 0, 255, 255",
        "200, 0, 255, 255"
    ],
    "Bonus":
    {
        "MinimumPerHarvest": 1,
        "MaximumPerHarvest": 1,
        "MaxIncreasePerFarmLevel": 5,
        "ExtraChance": 0.0
    },

    "SeedPurchaseRequirements": null,
    "SeedPurchasePrice": 60,
    "SeedNameLocalization":
    {
        "es": "Bulbo de iris",
        "ko": "아이리스 구근",
        "de": "Schwertlilien-Saat",
         // "fr": "",
         // "hu": "",
         // "it": "",
         // "ja": "",
        "pt": "Bulbo de Íris",
         // "ru": "",
         // "tr": "",
        "zh": "鸢尾花种子",
    },
    "SeedDescriptionLocalization":
    {
        "es": "Plántalas en otoño. Toma 10 días para madurar de bulbo a flor.",
        "ko": "가을에 심습니다. 10일후에 구근에서 자라 꽃이 핍니다.",
        "de": "Pflanze im Herbst. Wächst innerhalb von 10 Tagen von der Zwiebel zur Blüte.",
         // "fr": "",
         // "hu": "",
         // "it": "",
         // "ja": "",
        "pt": "Plante-a no outono. Demoram 10 dias para crescer um bulbo para flor",
         // "ru": "",
         // "tr": "",
        "zh": "秋天下种。10天产出花朵。",
    }
}