{
    "Name": "Jasmine Kombucha",
    "Description": "A Kombucha made from Jasmine flowers.",
    "Category": "ArtisanGoods",
    "Edibility": 30,
    "EdibleIsDrink": true,
    "Price": 850,
    "IsColored": false,
    "Recipe": null,
    "GiftTastes":
    {
        "Love": ["Sebastian"],
        "Like": ["Alex", "Caroline", "Clint", "Demetrius", "Dwarf", "Elliott", "Emily", "Evelyn", "George", "Gus", "Harvey", "Jodi", "Kent", "Leah", "Lewis", "Linus", "Marnie", "Maru", "Pam", "Penny", "Pierre", "Robin", "Sam", "Sandy", "Shane", "Willy", "Wizard"],
        "Dislike": ["Abigail", "Haley", "Jas", "Krobus", "Vincent"],
    },
    "NameLocalization":
    {
        "es": "Kombucha de jazmín",
        "ko": "자스민 콤부차",
        "de": "Jasmin-Kombucha",
        // "fr": "",
        // "hu": "",
        // "it": "",
       "ja": "ジャスミンコンブチャ",
        // "pt": "",
        // "ru": "",
        // "tr": "",
        "zh": "茉莉花康普茶",
    },
    "DescriptionLocalization":
    {
        "es": "Una kombucha hecha de flores de jazmín.",
        "ko": "자스민 꽃으로 만든 콤부차.",
        "de": "Ein Kombucha aus Jasminblüten.",
        // "fr": "",
        // "hu": "",
        // "it": "",
       "ja": "ジャスミンの花から作ったコンブチャ。",
        // "pt": "",
        // "ru": "",
        // "tr": "",
        "zh": "由茉莉花茶经发酵制成。",
    }
}