{
    "Name": "Still",
    "Description": "A distillation system used to make liquor.",
    "Price": 1,
    "ProvidesLight": false,
    "ReserveNextIndex": false,
    "Recipe":
    {
        "ResultCount": 1,
        "Ingredients": [
        {
            "Object": 335,
            "Count": 5,
        },
        {
            "Object": 334,
            "Count": 10,
        }, ],
        "CanPurchase": false,
        "SkillUnlockName": "Farming",
        "SkillUnlockLevel": 8,
    },
    "NameLocalization":
    {
        // "es": "",
        "ko": "술을 만드는데 사용되는 증류장치.",
        "de": "Destille",
        // "fr": "",
        // "hu": "",
        // "it": "",
        // "ja": "",
        "pt": "Destilador",
        // "ru": "",
        // "tr": "",
        "zh": "酒蒸馏器",
    },
    "DescriptionLocalization":
    {
        // "es": "",
        "ko": "증류 가마",
        "de": "Ein Destillationssystem, das für die Likörherstellung genutzt wird.",
        // "fr": "",
        // "hu": "",
        // "it": "",
        // "ja": "",
        "pt": "Usado para destilar bebidas alcoólicas.",
        // "ru": "",
        // "tr": "",
        "zh": "一种用来酿酒的蒸馏系统。",
    }
}