{
    "Name": "Peanut Oil",
    "Description": "A nutty oil used in cooking or frying.",
    "Category": "ArtisanGoods",
    "Edibility": -300,
    "Price": 120,
    "IsColored": false,
    "Recipe": null,
    "GiftTastes":
    {
        "Neutral": ["Gus"],
        "Dislike": ["Abigail", "Alex", "Caroline", "Clint", "Demetrius", "Dwarf", "Elliott", "Emily", "Evelyn", "George", "Haley", "Harvey", "Jas", "Jodi", "Kent", "Krobus", "Leah", "Lewis", "Linus", "Marnie", "Maru", "Pam", "Penny", "Pierre", "Robin", "Sam", "Sandy", "Sebastian", "Shane", "Vincent", "Willy", "Wizard"],
    },
    "NameLocalization":
    {
        "es": "Aceite de maní",
        "ko": "땅콩 기름",
        "de": "Erdnussöl",
         // "fr": "",
         // "hu": "",
         // "it": "",
        "ja": "ピーナッツオイル",
         // "pt": "",
         // "ru": "",
         // "tr": "",
        "zh": "花生油",
    },
    "DescriptionLocalization":
    {
        "es": "Un aceite de nuez utilizado para cocinar o freír.",
        "ko": "요리 또는 튀김에 사용되는 기름.",
        "de": "Ein nussiges Öl zum Kochen oder Braten.",
         // "fr": "",
         // "hu": "",
         // "it": "",
        "ja": "揚げ物などに使われるナッツの油。",
         // "pt": "",
         // "ru": "",
         // "tr": "",
        "zh": "一种用于烹饪或油炸的坚果油。",
    }
}