{
    "Name": "Flower Soda",
    "Description": "A sweet and tangy concoction. It's also quite fragrant.",
    "Category": "Cooking",
    "Edibility": 50,
    "EdibleIsDrink": true,
    "EdibleBuffs":
    {
        "Farming": 0,
        "Fishing": 0,
        "Mining": 0,
        "Luck": 1,
        "Foraging": 0,
        "MaxStamina": 0,
        "MagnetRadius": 0,
        "Speed": 0,
        "Defense": 1,
        "Attack": 0,
        "Duration": 480,
    },
    "Price": 550,
    "IsColored": false,
    "Recipe":
    {
        "ResultCount": 1,
        "Ingredients": [
        {
            "Object": "Herbal Peony",
            "Count": 1,
        },
        {
            "Object": "Freesia",
            "Count": 1,
        },
        {
            "Object": 635,
            "Count": 1,
        },
        {
            "Object": 245,
            "Count": 1,
        }, ],
        "IsDefault": false,
        "CanPurchase": false,
    },
    "NameLocalization":
    {
        "es": "Soda de flores",
        "ko": "꽃 소다",
        "de": "Blumen-Soda",
         // "fr": "",
         // "hu": "",
         // "it": "",
         // "ja": "",
        "pt": "Refrigerante de Flor",
         // "ru": "",
         // "tr": "",
        "zh": "花蜜苏打水",
    },
    "DescriptionLocalization":
    {
        "es": "Un licor dulce y picante. También es bastante elegante.",
        "ko": "달콤하고 톡 쏘는 혼합물. 꽤 향기롭기도 하다.",
        "de": "Eine süße und würzige Mischung. Es ist auch ziemlich duftend.",
         // "fr": "",
         // "hu": "",
         // "it": "",
         // "ja": "",
        "pt": "Uma mistura doce e picante. Também é bem perfumado.",
         // "ru": "",
         // "tr": "",
        "zh": "花蜜苏打水。味道超甜的饮品，芬芳四溢。",
    }
}