{
    "Name": "Coffee Liqueur",
    "Description": "A beverage derived from coffee.",
    "Category": "Cooking",
    "Edibility": 21,
    "EdibleIsDrink": true,
    "EdibleBuffs":
    {
        "Farming": 0,
        "Fishing": 0,
        "Mining": 0,
        "Luck": 0,
        "Foraging": 0,
        "MaxStamina": 0,
        "MagnetRadius": 0,
        "Speed": 0,
        "Defense": 0,
        "Attack": 0,
        "Duration": 100,
    },
    "Price": 480,
    "IsColored": false,
    "Recipe":
    {
        "ResultCount": 1,
        "Ingredients": [
        {
            "Object": "Vodka",
            "Count": 1,
        },
        {
            "Object": 433,
            "Count": 2,
        }],
        "CanPurchase": true,
        "PurchaseFrom": "Gus",
        "PurchasePrice": 5480,
        "PurchaseRequirements": null,
    },

    "NameLocalization":
    {
        "es": "Licor de café",
        "ko": "커피 리큐어",
        "de": "Kaffee Likör",
        // "fr": "",
        // "hu": "",
        // "it": "",
        // "ja": "",
        // "pt": "",
        // "ru": "",
        // "tr": "",
        "zh": "咖啡利口酒",
    },
    "DescriptionLocalization":
    {
        "es": "Una bebida derivada del café.",
        "ko": "커피에서 파생된 음료.",
        "de": "Ein Getränk aus Kaffee",
        // "fr": "",
        // "hu": "",
        // "it": "",
        // "ja": "",
        // "pt": "",
        // "ru": "",
        // "tr": "",
        "zh": "咖啡利口酒。从咖啡中提取的饮料。",
    }
}
