{
    "Name": "Tapioca",
    "Description": "A gelatin-like substance with a chewy texture.",
    "Category": "ArtisanGoods",
    "Edibility": -300,
    "Price": 175,
    "IsColored": false,
    "Recipe": null,
    "GiftTastes":
    {
        "Neutral": ["Abigail", "Alex", "Caroline", "Clint", "Demetrius", "Dwarf", "Elliott", "Emily", "Evelyn", "George", "Gus", "Haley", "Harvey", "Jas", "Jodi", "Kent", "Krobus", "Leah", "Lewis", "Linus", "Marnie", "Maru", "Pam", "Penny", "Pierre", "Robin", "Sam", "Sandy", "Sebastian", "Shane", "Vincent", "Willy", "Wizard"],
    },
    "NameLocalization":
    {
        "es": "Tapioca",
        "ko": "타피오카",
        "de": "Tapioca",
         // "fr": "",
         // "hu": "",
         // "it": "",
        "ja": "タピオカ",
         // "pt": "",
         // "ru": "",
         // "tr": "",
        "zh": "木薯粉",
    },
    "DescriptionLocalization":
    {
        "es": "Una sustancia similar a la gelatina con una textura masticable.",
        "ko": "쫄깃쫄깃한 식감의 젤라틴같은 식품.",
        "de": "Eine gelatineartige Substanz mit einer zähen Textur.",
         // "fr": "",
         // "hu": "",
         // "it": "",
        "ja": "歯ごたえが有るゼラチン質の食べ物。",
         // "pt": "",
         // "ru": "",
         // "tr": "",
        "zh": "加热水后，变成一种有嚼劲的凝胶状物质。",
    }
}