{
    "Name": "Fruit Yogurt",
    "Description": "Yogurt with the flavor of a fruit.",
    "Category": "ArtisanGoods",
    "Edibility": 22,
    "Price": 125,
    "IsColored": false,
    "Recipe": null,
    "GiftTastes":
    {
        "Like": ["Abigail", "Alex", "Caroline", "Clint", "Demetrius", "Dwarf", "Elliott", "Emily", "Evelyn", "George", "Gus", "Haley", "Harvey", "Jas", "Jodi", "Krobus", "Leah", "Lewis", "Linus", "Marnie", "Maru", "Pam", "Penny", "Pierre", "Robin", "Sam", "Sandy", "Shane", "Vincent", "Willy", "Wizard"],
        "Hate": ["Kent", "Sebastian"],
    },
    "NameLocalization":
    {
        "es": "Yogur frutal",
        "ko": "과일 요거트",
        "de": "Fruchtjoghurt",
         // "fr": "",
         // "hu": "",
         // "it": "",
        "ja": "フルーツヨーグルト",
         // "pt": "",
         // "ru": "",
         // "tr": "",
        "zh": "水果酸奶",
    },
    "DescriptionLocalization":
    {
        "es": "Yogurt con sabor a fruta.",
        "ko": "과일 맛이 나는 요거트.",
        "de": "Joghurt mit Fruchtgeschmack.",
         // "fr": "",
         // "hu": "",
         // "it": "",
        "ja": "フルーツ風味のヨーグルト。",
         // "pt": "",
         // "ru": "",
         // "tr": "",
        "zh": "这罐酸奶有水果的味道。",
    }
}