{
  "Name": "Potted Sunflower",
  "Description": "A sunflower potted in a little wooden pot. Remember to water it!",
  "Price": 1,
  "ProvidesLight": false,
  "Recipe": {
    "ResultCount": 1,
    "Ingredients": [
      {
		  "Object": 421,
		  "Count": 1,
      },
      {
		  "Object": 388,
		  "Count": 10,
      },
	  {
		  "Object": 330,
		  "Count": 10,
	  },
    ],
	"CanPurchase": false,
  },
  "NameLocalization": { 
    "es": "Girasol en maceta",
    "ko": "실내 화초 해바라기",
    "de": "Eingemachte Sonnenblume",
     // "fr": "",
     // "hu": "",
     // "it": "",
     // "ja": "",
    "pt": "Vaso de girassol",
     // "ru": "",
     // "tr": "",
    "zh": "向日葵盆栽",
     },
 "DescriptionLocalization": { 
    "es": "Un girasol en una pequeña maceta de madera. ¡Recuerda regarlo!",
    "ko": "작은 나무 화분에 심겨진 해바라기 입니다. 물 주는거 잊지마세요!",
    "de": "Eine Sonnenblume in einem kleinen Holztopf. Denken Sie daran, es zu gießen!",
     // "fr": "",
     // "hu": "",
     // "it": "",
     // "ja": "",
    "pt": "Um girassol em um pequeno vaso de madeira. Lembre-se sempre de regá-lo!",
     // "ru": "",
     // "tr": "",
    "zh": "一个小木盆里的向日葵。记得给它浇水！",
    }
}
