﻿{
    "Name": "Ancient Tuber",
    "Description": "This ancestor of the potato used to feed ancient sloth-like animals for millennia.",
    "Category": "Vegetable",
    "Edibility": 38,
    "EdibleIsDrink": false,
    "Price": 1500,
    "IsColored": false,
    "Recipe": null,
    "GiftTastes":
    {
        "Love": ["Dwarf", "Gregory", "Wizard", "Krobus"],
    },
    "NameLocalization":
    {
        "es": "Tubérculo Antiguo",
        "ko": "고대의 뿌리",
        //"de": "",
        //"fr": "",
        //"hu": "",
        //"it": "",
        //"ja": "",
        //"pt": "",
        //"ru": "",
        //"tr": "",
        "zh": "古老的根茎"
    },
    "DescriptionLocalization":
    {
        "es": "Este ancestro de la papa se usaba para alimentar antiguos animales perezosos por milenios.",
        "ko": "감자의 조상으로, 고대에 살았던 나무늘보의 조상들의 주 먹잇감이었습니다.",
        //"de": "",
        //"fr": "",
        //"hu": "",
        //"it": "",
        //"ja": "",
        //"pt": "",
        //"ru": "",
        //"tr": "",
        "zh": "这种根茎的祖先几千年来一直是古代树懒类动物的食物。"
    },
    "ContextTags": [
        "color_blue"
    ]
}