[
	{
		"Id": "ppja.americanorecipe",
		"GroupID": "StarbrewValley.CookingRecipe",
		"Text": "这是我在国外学到的食谱。好好享受它。^^谢谢你让我感到受欢迎。^^  -肯特",
		"Recipe": "Americano",
		"WhichBG": 0,
		"Date": "1 spring Y2",
		"Repeatable": false,
		"FriendshipConditions":
		[
			{ "NpcName": "Kent", "FriendshipLevel": 8 }
		],
		/*"SkillConditions": 
		[
			{ "SkillName": "Farming", "SkillLevel": 1 }
		]*/
	},
	{
		"Id": "ppja.brandyalexanderrecipe",
		"GroupID": "StarbrewValley.CookingRecipe",
		"Text": "亲爱的 @，^^ 我买的肉豆蔻太多了!当我看到包裹已经到了的时候我很兴奋，但是当我打开它的时候就没有那么兴奋了。我将与大家分享这款“白兰地亚历山大”的配方。我等不及要试一试了。下回见！^^  -乔迪",
		"Recipe": "Brandy Alexander",
		"WhichBG": 0,
		"Date": "1 spring Y1",
		"Repeatable": false,
		"FriendshipConditions":
		[
			{ "NpcName": "Jodi", "FriendshipLevel": 6 }
		],
	},
	{
		"Id": "ppja.cosmorecipe",
		"GroupID": "StarbrewValley.CookingRecipe",
		"Text": "@，^^ 我想给你写张便条会很有趣。^^随信附上我的大都会鸡尾酒。希望很快见到你。^^  -海莉",
		"Recipe": "Cosmo",
		"WhichBG": 0,
		"Date": "1 spring Y1",
		"Repeatable": false,
		"FriendshipConditions":
		[
			{ "NpcName": "Haley", "FriendshipLevel": 5 }
		],
	},
	{
		"Id": "ppja.darkandstormyrecipe",
		"GroupID": "StarbrewValley.CookingRecipe",
		"Text": "@，^^ 我不怎么喝酒，但是祖祖市有一家酒吧，那里有最好的黑暗风暴。我从酒保那里拿到了食谱，要和你分享。^^  -塞巴斯蒂安",
		"Recipe": "Dark and Stormy",
		"WhichBG": 0,
		"Date": "1 spring Y1",
		"Repeatable": false,
		"FriendshipConditions":
		[
			{ "NpcName": "Sebastian", "FriendshipLevel": 8 }
		],
	},
	{
		"Id": "ppja.espressomartinirecipe",
		"GroupID": "StarbrewValley.CookingRecipe",
		"Text": "嘿！^^ 我用空闲的时间尝试混合了一些饮料，这可能会很有趣。我想知道你对此有什么看法!^^ -罗宾",
		"Recipe": "Espresso Martini",
		"WhichBG": 0,
		"Date": "1 spring Y1",
		"Repeatable": false,
		"FriendshipConditions":
		[
			{ "NpcName": "Robin", "FriendshipLevel": 10 }
		],
	},
	{
		"Id": "ppja.french75recipe",
		"GroupID": "StarbrewValley.CookingRecipe",
		"Text": "亲爱的 @^这是我的专属邮件。",
		"Recipe": "French 75",
		"WhichBG": 0,
		"Date": "1 spring Y1",
		"Repeatable": false,
		"FriendshipConditions":
		[
			{ "NpcName": "Dwarf", "FriendshipLevel": 10 }
		],
	},
	{
		"Id": "ppja.hemingwayspecialrecipe",
		"GroupID": "StarbrewValley.CookingRecipe",
		"Text": "即使是在你喝醉了的情况之下也一定要履行你说过的话。这会教你闭嘴。^^  -欧内斯特·海明威",
		"Recipe": "Hemingway Special",
		"WhichBG": 0,
		"Date": "1 spring Y2",
		"Repeatable": false,
		"FriendshipConditions":
		[
			{ "NpcName": "Elliott", "FriendshipLevel": 8 }
		],
	},
	{
		"Id": "ppja.mintjuleprecipe",
		"GroupID": "StarbrewValley.CookingRecipe",
		"Text": "亲爱的邻居，^^ 当我不照顾动物时，我喜欢在厨房里试着做各种新食物。自从我们成为朋友后，我想和你分享一些食谱或食物。我希望你喜欢这个！^^  -玛妮",
		"Recipe": "Mint Julep",
		"WhichBG": 0,
		"Date": "1 spring Y1",
		"Repeatable": false,
		"FriendshipConditions":
		[
			{ "NpcName": "Marnie", "FriendshipLevel": 6 }
		],
	},
	{
		"Id": "ppja.moonshinecherriesrecipe",
		"GroupID": "StarbrewValley.CookingRecipe",
		"Text": "亲爱的 @，^^ 再次感谢你一直支持我的艺术。当我不雕刻的时候，我喜欢帮助格斯制作他的月光樱桃。别告诉他是我给你的配方。^^  -莉亚",
		"Recipe": "Moonshine Cherries",
		"WhichBG": 0,
		"Date": "1 spring Y1",
		"Repeatable": false,
		"FriendshipConditions":
		[
			{ "NpcName": "Leah", "FriendshipLevel": 7 }
		],
	},
	{
		"Id": "ppja.nightonthebeachrecipe",
		"GroupID": "StarbrewValley.CookingRecipe",
		"Text": "@，^^ 伏特加、蜜桃杜松子酒和一些柑橘类酒是马丁尼酒的绝佳搭配，而伏特加则混合了橙汁、简单的糖浆和装饰物，使人耳目一新。你对此怎么认为？你最喜欢用什么方法把橙汁和伏特加混合在一起？这是我的海滩之夜。^^  -德米特里厄斯",
		"Recipe": "Night on the Beach",
		"WhichBG": 0,
		"Date": "1 summer Y2",
		"Repeatable": false,
		"FriendshipConditions":
		[
			{ "NpcName": "Demetrius", "FriendshipLevel": 8 }
		],
	},
	{
		"Id": "ppja.paradiserecipe",
		"GroupID": "StarbrewValley.CookingRecipe",
		"Text": "亲爱的 @^^ 我得到了一杯这个，我等不及要试一试。来，尝尝吧！有时，你只是想喝点过甜的东西！^^  -艾米丽",
		"Recipe": "Paradise",
		"WhichBG": 0,
		"Date": "1 spring Y1",
		"Repeatable": false,
		"FriendshipConditions":
		[
			{ "NpcName": "Emily", "FriendshipLevel": 8 }
		],
	},
	{
		"Id": "ppja.pinacoladarecipe",
		"GroupID": "StarbrewValley.CookingRecipe",
		"Text": "亲爱的 @，^^ 如果你喜欢菠萝和椰子的话，那你会喜欢这种饮料的。繁多的变化，简单的成分。^^  -艾米丽",
		"Recipe": "Pina Colada",
		"WhichBG": 0,
		"Date": "1 spring Y1",
		"Repeatable": false,
		"FriendshipConditions":
		[
			{ "NpcName": "Emily", "FriendshipLevel": 4 }
		],
	},
	{
		"Id": "ppja.planterspunchrecipe",
		"GroupID": "StarbrewValley.CookingRecipe",
		"Text": "@， 你一直在农场努力工作。为什么不试试自己做一杯饮料呢？这是结束一周的最佳方式！^^  -刘易斯",
		"Recipe": "Planters Punch",
		"WhichBG": 0,
		"Date": "1 spring Y1",
		"Repeatable": false,
		"FriendshipConditions":
		[
			{ "NpcName": "Lewis", "FriendshipLevel": 10 }
		],
	},
	{
		"Id": "ppja.seabreezerecipe",
		"GroupID": "StarbrewValley.CookingRecipe",
		"Text": "我想是时候和你分享我最喜欢的饮料了。当我们不知道彼此喜欢什么的时候，一起出去是没有乐趣的！^^  -海莉",
		"Recipe": "Sea Breeze",
		"WhichBG": 0,
		"Date": "1 spring Y2", 
		"Repeatable": false,
		"FriendshipConditions":
		[
			{ "NpcName": "Haley", "FriendshipLevel": 8 }
		],
	},
	{
		"Id": "ppja.vampirorecipe",
		"GroupID": "StarbrewValley.CookingRecipe",
		"Text": "...^^ 请拿着这个。它漂浮在下水道里。你可能会用到它...^^  -科布罗斯",
		"Recipe": "Vampiro",
		"WhichBG": 0,
		"Date": "1 spring Y1",
		"Repeatable": false,
		"FriendshipConditions":
		[
			{ "NpcName": "Krobus", "FriendshipLevel": 4 }
		],
	},
]