{
  "Name": "Magnolia",
  "Description": "A popular spring flower that has inspired many an artist.",
  "Category": "Flower",
  "Edibility": 8,
  "Price": 100,
  "IsColored": false,
  "Recipe": null,
  "NameLocalization": { 
    "es": "Magnolia",
    "ko": "목련",
    "de": "Magnolie",
     // "fr": "",
     // "hu": "",
     // "it": "",
     // "ja": "",
    "pt": "Magnólia",
     // "ru": "",
     // "tr": "",
    "zh": "木兰花",
     },
 "DescriptionLocalization": { 
    "es": "Una flor popular en primavera que ha inspirado a muchos artistas.",
    "ko": "많은 예술가들에게 영감을 준 인기 있는 봄꽃.",
    "de": "Eine beliebte Frühlingsblume, die schon viele Künstler inspiriert hat.",
     // "fr": "",
     // "hu": "",
     // "it": "",
     // "ja": "",
    "pt": "Uma flor popular da primavera que inspirou muitos artistas.",
     // "ru": "",
     // "tr": "",
    "zh": "一种在春天很常见的花，给予艺术家们许多灵感。",
    },
    "ContextTags": [
    	"color_pink",
    	"fruit_tree_flower_item",
    	"flower_item",
    	"season_spring"
    ]
}