{
    "Name": "Bouquet of Purity",
    "Description": "Pure-white flowers, meant to symbolize innocence and youth.",
    "Category": "Crafting",
    "Edibility": -300,
    "Price": 1000,
    "IsColored": false,
    "Recipe":
    {
        "ResultCount": 1,
        "Ingredients": [
        {
            "Object": "Lily",
            "Count": 1
        },
        {
            "Object": "Jasmine",
            "Count": 1
        },
        {
            "Object": "Daisy",
            "Count": 1
        },
        {
            "Object": "Allium",
            "Count": 1
        }, ],
        "CanPurchase": false,
        "PurchaseFrom": "Robin",
    },
    "GiftTastes":
    {
        "Love": ["Evelyn", "Jas", "Vincent"],
        "Like": ["Sam", "Harvey", "Penny", "Maru", "Linus", "Gus", "Krobus", "Sandy", "Caroline", "Robin", "George", "Jodi"],
        "Neutral": ["Haley", "Abigail", "Leah", "Emily", "Elliott", "Willy", "Dwarf", "Demetrius", "Lewis", "Marnie", "Pierre"],
        "Dislike": ["Alex", "Shane", "Wizard", "Kent", "Clint"],
        "Hate": ["Sebastian", "Pam"]
    },
    "NameLocalization":
    {
        "es": "Ramo de pureza",
        "ko": "순백의 꽃다발",
        "de": "Strauß der Reinheit",
         // "fr": "",
         // "hu": "",
         // "it": "",
         // "ja": "",
        "pt": "Buquê da Pureza",
         // "ru": "",
         // "tr": "",
        "zh": "纯洁花束",
    },
    "DescriptionLocalization":
    {
        "es": "Flores de color blanco puro, simbolizando la inocente juventud.",
        "ko": "순백색 꽃, 청순함과 젊음을 상징하는 꽃.",
        "de": "Reinweiße Blüten, die Unschuld und Jugend symbolisieren sollen.",
         // "fr": "",
         // "hu": "",
         // "it": "",
         // "ja": "",
        "pt": "Flores brancas e puras, destinadas a simbolizar inocência e juventude.",
         // "ru": "",
         // "tr": "",
        "zh": "纯白的花朵，象征着纯洁和青春。",
    }
}