{
    "Name": "Smoked Lake Fish",
    "Description": "A simple dish of smoked lake fish. It was smoking for hours.",
    "Category": "ArtisanGoods",
    "Edibility": 60,
    "Price": 100,
    "IsColored": false,
    "Recipe": null,
    "GiftTastes":
    {   
        "Dislike": ["Abigail", "Alex", "Caroline", "Clint", "Dwarf", "Emily", "George", "Gus", "Harvey", "Jas", "Jodi", "Kent", "Krobus", "Leah", "Lewis", "Marnie", "Maru", "Penny", "Robin", "Sam", "Sandy", "Shane", "Vincent", "Wizard"],
        "Hate": ["Evelyn", "Haley", "Pierre"],
    },
    "NameLocalization":
    {
         // "es": "",
         // "ko": "",
         "de": "Geräucherter Seefisch",
         // "fr": "",
         // "hu": "",
         // "it": "",
         // "ja": "",
         // "pt": "",
         // "ru": "",
         // "tr": "",
          "zh": "烟熏湖鱼",
    },
    "DescriptionLocalization":
    {
         // "es": "",
         // "ko": "",
         "de": "Ein einfaches Gericht mit über Stunden geräuchertem Seefisch.",
         // "fr": "",
         // "hu": "",
         // "it": "",
         // "ja": "",
         // "pt": "",
         // "ru": "",
         // "tr": "",
          "zh": "一盘简单的熏湖鱼。它已经被熏制好几个小时了。",
    }
}