{
    "Name": "Rum",
    "Description": "Why is the rum gone? When you find it, drink in moderation.",
    "Category": "ArtisanGoods",
    "Edibility": 6,
    "EdibleIsDrink": true,
    "EdibleBuffs":
    {
        "Farming": 0,
        "Fishing": 0,
        "Mining": 0,
        "Luck": 0,
        "Foraging": 0,
        "MaxStamina": 0,
        "MagnetRadius": 0,
        "Speed": -2,
        "Defense": 0,
        "Attack": 0,
        "Duration": 180,
    },
    "Price": 300,
    "IsColored": false,
    "Recipe": null,
    "GiftTastes":
    {
        "Love": ["Pam", "Shane"],
        "Like": ["Gus"],
        "Neutral": ["Marnie", "Clint", "George", "Sebastian", "Abigail", "Alex", "Caroline", "Demetrius", "Dwarf", "Elliott", "Emily", "Evelyn", "Haley", "Harvey", "Jodi", "Kent", "Krobus", "Leah", "Lewis", "Linus", "Maru", "Pierre", "Robin", "Sam", "Sandy", "Willy", "Wizard"],
        "Dislike": ["Penny"],
        "Hate": ["Vincent", "Jas"]
    },
    "NameLocalization":
    {
        "es": "Ron",
        "ko": "럼",
        "de": "Rum",
         // "fr": "",
         // "hu": "",
         // "it": "",
        "ja": "ラム酒",
        "pt": "Rum",
        "ru": "Ром",
         // "tr": "",
        "zh": "朗姆酒",
    },
    "DescriptionLocalization":
    {
        "es": "No se nota pero el ron se agota.",
        "ko": "왜 럼주는 항상 없는 거지? 더 찾으면 절제해서 드세요.",
        "de": "Warum ist der Rum weg? Wenn du Ihn findest, genieße ihn in Maßen.",
         // "fr": "",
         // "hu": "",
         // "it": "",
        "ja": "「なんでラム酒はいつもなくなってるんだ？」…見付けても飲むのはほどほどに。",
        "pt": "Por quê o rum se foi? Quando encontrá-lo, beba com moderação.",
        "ru": "Почему ром сожжён? Как узнаете, пейте в меру.",
         // "tr": "",
        "zh": "为什么朗姆酒没了？当你找到它的时候，注意节制。",
    }
}