{
    "Name": "Geranium",
    "Description": "This flower is incredibly popular among home gardeners.",
    "Category": "Flower",
    "Edibility": 10,
    "Price": 140,
	"IsColored": true,
	"Recipe": null,
	"NameLocalization": { 
    "es": "Geranio",
    "ko": "제라늄",
    "de": "Geranie",
     // "fr": "",
     // "hu": "",
     // "it": "",
     // "ja": "",
    "pt": "Gerânio",
     // "ru": "",
     // "tr": "",
    "zh": "老鹳草",
     },
 "DescriptionLocalization": { 
    "es": "Esta flor es increíblemente popular entre los jardineros caseros.",
    "ko": "이 꽃은 집 정원사들 사이에서 아주 선호하는 꽃이다.",
    "de": "Diese Blume ist bei Hausgärtnern unglaublich beliebt.",
     // "fr": "",
     // "hu": "",
     // "it": "",
     // "ja": "",
    "pt": "Esta flor é incrivelmente popular entre os jardineiros domésticos..",
     // "ru": "",
     // "tr": "",
    "zh": "这种花在园艺爱好者中特别受欢迎。",
    },
    "ContextTags": [
    	"color_pink",
    	"flower_item",
    	"season_fall"
    ]
}
