{
    "Name": "Wasabi Mayonnaise",
    "Description": "It's slightly tinted green.",
    "Category": "ArtisanGoods",
    "Edibility": -300,
    "Price": 240,
    "IsColored": false,
    "Recipe": null,
    "GiftTastes":
    {
        "Love": ["Krobus"],
        "Like": ["Harvey", "Leah", "Linus", "Shane"],
        "Neutral": ["Demetrius", "Emily", "Jodi", "Kent", "Maru", "Penny", "Sandy"],
        "Dislike": ["Abigail", "Alex", "Caroline", "Clint", "Dwarf", "Elliott", "Evelyn", "George", "Gus", "Lewis", "Marnie", "Pam", "Pierre", "Robin", "Sam", "Sebastian", "Willy", "Wizard"],
        "Hate": ["Haley", "Jas", "Vincent"],
    },
    "NameLocalization":
    {
        "es": "Mayonesa de wasabi",
        "ko": "와사비 마요네즈",
        "de": "Wasabi-Mayonnaise",
         // "fr": "",
         // "hu": "",
         // "it": "",
        "ja": "ワサビマヨネーズ",
        "pt": "Maionese de Wasabi",
        "ru": "Васаби-майонез",
         // "tr": "",
        "zh": "芥末沙拉酱",
    },
    "DescriptionLocalization":
    {
        "es": "Ligeramente teñida de verde.",
        "ko": "약간 엷은 녹색입니다.",
        "de": "Es hat einen Hauch von Grün.",
         // "fr": "",
         // "hu": "",
         // "it": "",
        "ja": "わずかに緑色がかっている。",
        "pt": "Ligeiramente tingida de verde.",        
        "ru": "Слегка окрашено в зелёный цвет.",
         // "tr": "",
        "zh": "它看上去透着点绿。",
    }
}