{
  "Name": "Potted Hydrangea",
  "Description": "A hydrangea potted in a little wooden pot. Remember to water it!",
  "Price": 1,
  "ProvidesLight": false,
  "Recipe": {
    "ResultCount": 1,
    "Ingredients": [
      {
		  "Object": "Hydrangea",
		  "Count": 1,
      },
      {
		  "Object": 388,
		  "Count": 10,
      },
	  {
		  "Object": 330,
		  "Count": 10,
	  },
    ],
	"CanPurchase": false,
  },
  "NameLocalization": { 
    "es": "Hortensia en maceta",
    "ko": "실내 화초 수국",
    "de": "Eingemachte Hortensie",
     // "fr": "",
     // "hu": "",
     // "it": "",
     // "ja": "",
    "pt": "Vaso de Hortênsia",
     // "ru": "",
     // "tr": "",
    "zh": "绣球花盆栽",
     },
 "DescriptionLocalization": { 
    "es": "Una hortensia en una pequeña maceta de madera. ¡Recuerda regarla!",
    "ko": "작은 나무 화분에 심겨진 수국 입니다. 물 주는거 잊지마세요!",
    "de": "Eine Hortensie in einem kleinen Holztopf. Denken Sie daran, es zu gießen!",
     // "fr": "",
     // "hu": "",
     // "it": "",
     // "ja": "",
    "pt": "Uma hortênsia em um vaso de madeira. Lembre-se sempre de regá-la!",
     // "ru": "",
     // "tr": "",
    "zh": "一个小木盆里的绣球花。记得给它浇水！",
    }
}
