{
    "Name": "Americano",
    "Description": "A bitter drink that improves with expensive soda water.",
    "Category": "Cooking",
    "Edibility": 49,
    "EdibleIsDrink": true,
    "EdibleBuffs":
    {
        "Farming": 0,
        "Fishing": 0,
        "Mining": 0,
        "Luck": 0,
        "Foraging": 0,
        "MaxStamina": 0,
        "MagnetRadius": 0,
        "Speed": -1,
        "Defense": 0,
        "Attack": 0,
        "Duration": 100,
    },
    "Price": 704,
    "IsColored": false,
    "CanPurchase": true,
    "PurchaseFrom": "Gus",
    "PurchasePrice": 704,
    "Recipe":
    {
        "ResultCount": 1,
        "Ingredients": [
        {
            "Object": "Club Soda",
            "Count": 1,
        },
        {
            "Object": "Vermouth",
            "Count": 1,
        },
        {
            "Object": 635,
            "Count": 1,
        }],
        "CanPurchase": false,
    },

    "NameLocalization":
    {
        "es": "Americano",
        "ko": "아메리카노",
        "de": "Amerikaner",
        // "fr": "",
        // "hu": "",
        // "it": "",
        // "ja": "",
        // "pt": "",
        // "ru": "",
        // "tr": "",
        "zh": "“美国佬”鸡尾酒",
    },
    "DescriptionLocalization":
    {
        "es": "Una bebida amarga que mejora con agua de soda cara.",
        "ko": "비싼 탄산수로 개선되는 쓴 음료.",
        "de": "Ein bitteres Getränk, das sich mit teurem Sodawasser verbessert",
        // "fr": "",
        // "hu": "",
        // "it": "",
        // "ja": "",
        // "pt": "",
        // "ru": "",
        // "tr": "",
        "zh": "“美国佬”鸡尾酒。这款鸡尾酒的苦味可以通过昂贵的苏打水来改善。",
    }
}
