{
    "Name": "Monkey Gland",
    "Description": "Hehe, it has a dirty name.",
    "Category": "Cooking",
    "Edibility": 57,
    "EdibleIsDrink": true,
    "EdibleBuffs":
    {
        "Farming": 0,
        "Fishing": 0,
        "Mining": 0,
        "Luck": 0,
        "Foraging": 0,
        "MaxStamina": 0,
        "MagnetRadius": 0,
        "Speed": -1,
        "Defense": 0,
        "Attack": 0,
        "Duration": 100,
    },
    "Price": 950,
    "IsColored": false,
    "CanPurchase": true,
    "PurchaseFrom": "Gus",
    "PurchasePrice": 1950,
    "PurchaseRequirements": null,

    "Recipe":
    {
        "ResultCount": 1,
        "Ingredients": [
        {
            "Object": 635,
            "Count": 1,
        },
        {
            "Object": "Gin",
            "Count": 1,
        },
        {
            "Object": "Absinthe",
            "Count": 1,
        }],
        "CanPurchase": true,
        "PurchaseFrom": "Gus",
        "PurchasePrice": 5950,
        "PurchaseRequirements": null,
    },

    "NameLocalization":
    {
        "es": "Glándula de mono",
        "ko": "몽키 글랜드",
        "de": "Monkey Gland",
        // "fr": "",
        // "hu": "",
        // "it": "",
        // "ja": "",
        // "pt": "",
        // "ru": "",
        // "tr": "",
        "zh": "猴腺",
    },
    "DescriptionLocalization":
    {
        "es": "Jeje, tiene un nombre sucio",
        "ko": "히히, 더러운 이름이네요.",
        // "de": "Haha, das ist ein schmutziger Name",
        // "fr": "",
        // "hu": "",
        // "it": "",
        // "ja": "",
        // "pt": "",
        // "ru": "",
        // "tr": "",
        "zh": "猴腺。呵呵，它有一个肮脏的名字。",
    }
}
