{
    "Name": "Orange Sherbet",
    "Description": "For those looking for a different option.",
    "Category": "ArtisanGoods",
    "Edibility": 225,
    "Price": 46,
    "IsColored": false,
    "Recipe": null,
    "GiftTastes":
    {
        "Love": ["Vincent", "Jas", "Haley", "Demetrius", "Gus"],
        "Like": ["Evelyn", "Caroline", "Jodi", "Linus", "Penny", "Sandy", "Clint", "George", "Abigail", "Alex", "Dwarf", "Elliott", "Harvey", "Kent", "Lewis", "Maru", "Pam", "Pierre", "Robin", "Sam", "Shane", "Wizard", "Marnie"],
        "Neutral": ["Emily", "Leah", "Sebastian", "Willy"],
        "Dislike": ["Krobus"]
    },
    "NameLocalization":
    {
        "es": "Sorbete de naranja",
        "ko": "오렌지 샤베트",
        "de": "Orangen-Sorbet",
         // "fr": "",
         // "hu": "",
         // "it": "",
        "ja": "オレンジシャーベット",
        "pt": "Sorvete de Laranja",
        "ru": "Апельсиновый щербет",
         // "tr": "",
        "zh": "橙子冰淇淋",
    },
    "DescriptionLocalization":
    {
        "es": "Para aquellos que buscan una opción diferente.",
        "ko": "다른 선택권을 찾는 사람들을 위해.",
        "de": "Für diejenigen, die nach einer anderen Option suchen.",
         // "fr": "",
         // "hu": "",
         // "it": "",
        "ja": "違った味わい方を探している人向け。",
        "pt": "Para aqueles que querem uma opção diferente.",
        "ru": "Для тех, кто ищет другой вариант.",
         // "tr": "",
        "zh": "有时候也要有些不同的选择。",
    }
}