{
  "Name": "Porto Flip",
  "Description": "It'll make you wanna flip.",
  "Category": "Cooking",
  "Edibility": 43,
  "EdibleIsDrink": true,
  "EdibleBuffs": {
    "Farming": 0,
    "Fishing": 0,
    "Mining": 0,
    "Luck": 0,
	"Foraging": 0,
	"MaxStamina": 0,
    "MagnetRadius": 0,
	"Speed": -1,
	"Defense": 0,
	"Attack": 0,
    "Duration": 100,
  },
  "Price": 680,
  "IsColored": false,
"CanPurchase": true,
    "PurchaseFrom": "Gus",
    "PurchasePrice": 1680,
    "PurchaseRequirements": null,

  "Recipe": {
    "ResultCount": 1,
    "Ingredients": [
      {
        "Object": "Brandy",
        "Count": 1,
      },
      {
        "Object": -5,
        "Count": 1,
      },
 {
        "Object": "Nutmeg",
        "Count": 1,
      }
    ],
    "CanPurchase": true,
    "PurchaseFrom": "Gus",
    "PurchasePrice": 5680,
    "PurchaseRequirements": null,
  },

 "NameLocalization": {
    "es": "Porto Flip",
    "ko": "포르토 플립",
     "de": "Porto Flip",
     // "fr": "",
     // "hu": "",
     // "it": "",
     // "ja": "",
     // "pt": "",
     // "ru": "",
     // "tr": "",
    "zh": "波菲利普",
  },
 "DescriptionLocalization": {
    "es": "Te hará querer dar la vuelta.",
    "ko": "뒤집고 싶어 질거에요. ",
     "de": "Es wird dich dazu bringen, umzudrehen.",
     // "fr": "",
     // "hu": "",
     // "it": "",
     // "ja": "",
     // "pt": "",
     // "ru": "",
     // "tr": "",
    "zh": "波菲利普。它会让你想要翻转。",
  }
}
