{
  "Name": "Potted Sweet Pea",
  "Description": "A sweet pea flower potted in a little wooden pot. Remember to water it!",
  "Price": 1,
  "ProvidesLight": false,
  "Recipe": {
    "ResultCount": 1,
    "Ingredients": [
      {
		  "Object": 402,
		  "Count": 1,
      },
      {
		  "Object": 388,
		  "Count": 10,
      },
	  {
		  "Object": 330,
		  "Count": 10,
	  },
    ],
	"CanPurchase": false,
  },
  "NameLocalization": { 
    "es": "Guisante dulce en maceta",
    "ko": "실내 화초 스위트피",
    "de": "Eingemachte Edelwicke",
     // "fr": "",
     // "hu": "",
     // "it": "",
     // "ja": "",
    "pt": "Vaso de Ervilha-de-cheiro",
     // "ru": "",
     // "tr": "",
    "zh": "甜豌豆盆栽",
     },
 "DescriptionLocalization": { 
    "es": "Flor de guisante dulce en conserva en una pequeña maceta de madera. ¡Recuerda regarlo!",
    "ko": "작은 나무 화분에 심겨진 스위트피 입니다. 물 주는거 잊지마세요!",
    "de": "Eine Edelwickeblume eingemacht in einem kleinen hölzernen Topf. Denken Sie daran, es zu gießen!",
     // "fr": "",
     // "hu": "",
     // "it": "",
     // "ja": "",
    "pt": "Uma ervilha-de-cheiro em um pequeno vaso de madeira. Lembre-se sempre de regá-la!",
     // "ru": "",
     // "tr": "",
    "zh": "一个小木盆里的甜豌豆。记得给它浇水！",
    }
}
