{
    "Name": "Dried Vegetable",
    "Description": "A sack of dried vegetables.",
    "Category": "ArtisanGoods",
    "Edibility": -300,
    "Price": 200,
    "IsColored": false,
    "Recipe": null,
    "GiftTastes":
    {
        "Dislike": ["Abigail", "Alex", "Caroline", "Clint", "Demetrius", "Dwarf", "Elliott", "Emily", "Evelyn", "George", "Gus", "Haley", "Harvey", "Jas", "Jodi", "Kent", "Krobus", "Leah", "Lewis", "Linus", "Marnie", "Maru", "Pam", "Penny", "Pierre", "Robin", "Sam", "Sandy", "Sebastian", "Shane", "Vincent", "Willy", "Wizard"],
    },
    "NameLocalization":
    {
        "es": "Vegetales secos",
        "ko": "말린 야채",
        "de": "Getrocknetes Gemüse",
         // "fr": "",
         // "hu": "",
         // "it": "",
        "ja": "干し野菜",
         // "pt": "",
         // "ru": "",
         // "tr": "",
        "zh": "蔬菜干",
    },
    "DescriptionLocalization":
    {
        "es": "Un saco de verduras secas.",
        "ko": "한 자루의 말린 야채.",
        "de": "Ein Sack mit getrocknetem Gemüse.",
         // "fr": "",
         // "hu": "",
         // "it": "",
        "ja": "乾燥させた野菜の袋詰め。",
         // "pt": "",
         // "ru": "",
         // "tr": "",
        "zh": "一包蔬菜干。",
    }
}