{
    "Name": "Freesia",
    "Product": "Freesia",
    "SeedName": "Freesia Bulb",
    "SeedDescription": "Plant in the fall. Takes 8 days to produce a string of flowers.",
    "Type": "Flower",

    "Seasons": ["fall"],
    "Phases": [ 1, 2, 3, 2 ],
	"RegrowthPhase": -1,
    "HarvestWithScythe": false,
    "TrellisCrop": false,
    "Colors": [
		"255, 125, 0, 255",
		"255, 200, 0, 255",
		"255, 80, 230, 255"
	],
    "Bonus": {
        "MinimumPerHarvest": 1,
        "MaximumPerHarvest": 1,
        "MaxIncreasePerFarmLevel": 5,
        "ExtraChance": 0.0
    },

	"SeedPurchaseRequirements": null,
    "SeedPurchasePrice": 40,
    "SeedNameLocalization": { 
    "es": "Bulbo de fresia",
    "ko": "프리지아 구근",
    "de": "Freesienknolle",
     // "fr": "",
     // "hu": "",
     // "it": "",
     // "ja": "",
    "pt": "Bulbo de Frésia",
     // "ru": "",
     // "tr": "",
    "zh": "小苍兰种子",
    },
"SeedDescriptionLocalization": { 
    "es": "Planta en otoño. Toma 8 días para producir una flor",
    "ko": "가을에 심습니다. 8일후에 한줄기의 꽃이 핍니다.",
    "de": "Pflanze im Herbst. Es dauert 8 Tage, um eine Reihe von Blumen zu produzieren.",
     // "fr": "",
     // "hu": "",
     // "it": "",
     // "ja": "",
    "pt": "Plante-a no outono. Demoram 8 dias para nascer uma sequência de flores",
     // "ru": "",
     // "tr": "",
    "zh": "秋天下种。8天产出花串状的花。",
    }
}
