{
    "Name": "Jinglebell Cake Pops",
    "Description": "Two chocolate cake pops decorated to look like silver and gold bells.",
    "Category": "Cooking",
    "Edibility": 48,
    "EdibleIsDrink": false,
    "EdibleBuffs": null,
    "Price": 500,
    "IsColored": false,
    "Recipe":
    {
        "ResultCount": 1,
        "Ingredients": [
        {
            "Object": 220,
            "Count": 1,
        },
        {
            "Object": 384,
            "Count": 1,
        },
        {
            "Object": 380,
            "Count": 1,
        }, ],
        "IsDefault": true,
    },
    "GiftTastes":
    {
        "Love": ["Abigail", "Haley", "Maru", "Sebastian"],
        "Like": ["Alex", "Caroline", "Clint", "Demetrius", "Dwarf", "Elliott", "George", "Gus", "Harvey", "Jas", "Jodi", "Kent", "Leah", "Lewis", "Linus", "Marnie", "Pam", "Penny", "Pierre", "Robin", "Sam", "Sandy", "Shane", "Vincent", "Wizard"],
        "Neutral": ["Emily", "Krobus", "Willy"],
        "Hate": ["Evelyn"],
    },
    "NameLocalization":
    {
        // "es": "",
        "ko": "징글벨 케이크팝",
        "de": "Jingle Bells Schokoladenkuchen - Kugeln",
        // "fr": "",
        // "hu": "",
        // "it": "",
        "ja": "ジングルベルケーキポップ",
        "pt": "Pirulitos de Sino Natalino",
        // "ru": "",
        // "tr": "",
        "zh": "圣诞铃铛棒棒糖",
    },
    "DescriptionLocalization":
    {
        // "es": "",
        "ko": "은색과 금색의 종 모양으로 장식된 초콜릿 케이크 팝.",
        "de": "Zwei Schokoladenkuchen-Kugeln, die so dekoriert sind, dass sie wie Silber- und Goldglocken aussehen.",
        // "fr": "",
        // "hu": "",
        // "it": "",
        "ja": "銀と金の2つのベルのようにデコレーションされたチョコレートケーキポップ。",
        "pt": "Dois alfajores decorados à aparência de sinos prateado e dourado.",
        // "ru": "",
        // "tr": "",
        "zh": "两个装饰得像银铃和金铃的巧克力蛋糕棒棒糖。",
    }
}