{
    "Name": "Gin n Tonic",
    "Description": "One part gin to one part tonic!",
    "Category": "Cooking",
    "Edibility": 25,
    "EdibleIsDrink": true,
    "EdibleBuffs":
    {
        "Farming": 0,
        "Fishing": 0,
        "Mining": 0,
        "Luck": 0,
        "Foraging": 0,
        "MaxStamina": 0,
        "MagnetRadius": 0,
        "Speed": -1,
        "Defense": 0,
        "Attack": 0,
        "Duration": 100,
    },
    "Price": 350,
    "IsColored": false,
    "CanPurchase": true,
    "PurchaseFrom": "Gus",
    "PurchasePrice": 350,
    "Recipe":
    {
        "ResultCount": 1,
        "Ingredients": [
        {
            "Object": "Gin",
            "Count": 1,
        },
        {
            "Object": "Tonic Water",
            "Count": 1,
        }],
        "CanPurchase": true,
        "PurchaseFrom": "Gus",
        "PurchasePrice": 750,
        "PurchaseRequirements": null,
    },

    "NameLocalization":
    {
        "es": "Gin n Tonic",
        "ko": "진 토닉",
        "de": "Gin Tonic",
        // "fr": "",
        // "hu": "",
        // "it": "",
        // "ja": "",
        // "pt": "",
        // "ru": "",
        // "tr": "",
        "zh": "金汤利",
    },
    "DescriptionLocalization":
    {
        "es": "¡Una parte ginebra, una parte agua tónica!",
        "ko": "진 한 잔에 토닉 한 잔!",
        "de": "Ein Teil Gin zu einem Teil Tonic!",
        // "fr": "",
        // "hu": "",
        // "it": "",
        // "ja": "",
        // "pt": "",
        // "ru": "",
        // "tr": "",
        "zh": "金汤利。一份金酒，一份汤利水！",
    }
}
