{
    "Name": "Extruder",
    "Description": "Turns flour into noodles and honey into wax!",
    "Price": 1,
    "ProvidesLight": false,
    "ReserveExtraIndexCount": 7,
    "Recipe":
    {
        "ResultCount": 1,
        "Ingredients": [
        {
            "Object": 709,
            "Count": 5,
        },
        {
            "Object": 335,
            "Count": 2,
        },
        {
            "Object": 787,
            "Count": 1,
        }, ],
        "CanPurchase": false,
        "IsDefault": true,
    },
    "NameLocalization":
    {
        "es": "Extrusora",
        "ko": "압출기",
        "de": "Strangpresse",
        // "fr": "",
        // "hu": "",
        // "it": "",
        "ja": "押出機",
        "pt": "Extrusora",
        "ru": "Экструдер",
        // "tr": "",
        "zh": "模压机",
    },
    "DescriptionLocalization":
    {
        "es": "¡Convierte la harina en fideos y la miel en cera!",
        "ko": "밀가루를 국수로, 꿀을 밀랍으로 만들어줍니다.",
        "de": "Verarbeitet Mehl zu Nudeln und Honig zu Wachs!",
        // "fr": "",
        // "hu": "",
        // "it": "",
        "ja": "コムギ粉を麺に、ハチミツをワックスに変えます！",
        "pt": "Transforma farinha em macarrão e mel em cera!",
        "ru": "Превращает муку в лапшу, а мед в воск!",
        // "tr": "",
        "zh": "把面粉变成面条，蜂蜜变成蜂蜡！",
    }
}
