{
  "Name": "Potted Delphinium",
  "Description": "A delphinium potted in a little wooden pot. Remember to water it!",
  "Price": 1,
  "ProvidesLight": false,
  "Recipe": {
    "ResultCount": 1,
    "Ingredients": [
      {
		  "Object": "Delphinium",
		  "Count": 1,
      },
      {
		  "Object": 388,
		  "Count": 10,
      },
	  {
		  "Object": 330,
		  "Count": 10,
	  },
    ],
	"CanPurchase": false,
  },
  "NameLocalization": { 
    "es": "Delfinio en maceta",
    "ko": "실내 화초 델피니움",
    "de": "Topf Delphinium",
     // "fr": "",
     // "hu": "",
     // "it": "",
     // "ja": "",
    "pt": "Vaso de Esporinha",
     // "ru": "",
     // "tr": "",
    "zh": "翠雀花盆栽",
     },
 "DescriptionLocalization": { 
    "es": "Un delfinio en una pequeña maceta de madera. ¡Recuerda regarlo!",
    "ko": "작은 나무 화분에 심겨진 델피니움 입니다. 물 주는거 잊지마세요!",
    "de": "Ein Rittersporn in einem kleinen Holztopf. Denken Sie daran, es zu gießen!",
     // "fr": "",
     // "hu": "",
     // "it": "",
     // "ja": "",
    "pt": "Uma esporinha em um pequeno vaso de madeira. Lembre-se sempre de regá-la!",
     // "ru": "",
     // "tr": "",
    "zh": "一个小木盆里的翠雀花。记得给它浇水！",
    }
}
