[ 
    {
        "Id": "ppja.aloepod",
        "GroupID": "FruitsandVeggies.Seeds",
        "Text": "@，^^  你在外面呆的时间长了，有时难免会被晒伤。这里有一些芦荟种子，你可以找个地方种下它。它的肉质叶将有助于治疗晒伤。^^  -哈维", 
        "Attachments": [{"Type": "Object", "Name":"Aloe Pod", "Stack": 5},],         
        "Repeatable": false,         
        "Date": "25 spring Y2", 
        "Seasons":  ["spring"], 
        "FriendshipConditions":
        [
            { "NpcName": "Harvey", "FriendshipLevel": 7 }
        ],
        /*"SkillConditions": 
        [
            { "SkillName": "Farming", "SkillLevel": 1 }
        ]*/
    },
    {
        "Id": "ppja.sweetcanarymelonseeds", 
        "GroupID": "FruitsandVeggies.Seeds",
        "Text": "@，^^  谢谢你一直在帮助我！我知道不多，但请拿着这些种子。^^  -艾米丽", 
        "Attachments": [{"Type": "Object", "Name":"Sweet Canary Melon Seeds", "Stack": 5},],         
        "Repeatable": false,         
        "Date": "5 spring Y2", 
        "Seasons":  ["spring"], 
        "FriendshipConditions":
        [
            { "NpcName": "Emily", "FriendshipLevel": 8 }
        ],
    },
    {
        "Id": "ppja.casavaseeds", 
        "GroupID": "FruitsandVeggies.Seeds",
        "Text": "@，^^  我在旅途中为你弄到了一些新的种子。希望它们能在你的农场里生长。^^  -威利", 
        "Attachments": [{"Type": "Object", "Name":"Cassava Seeds", "Stack": 5},],         
        "Repeatable": false,         
        "Date": "12 summer Y2", 
        "Seasons":  ["summer"], 
        "FriendshipConditions":
        [
            { "NpcName": "Willy", "FriendshipLevel": 9 }
        ],
    },
    {
        "Id": "ppja.chickpeaseeds", 
        "GroupID": "FruitsandVeggies.Seeds",
        "Text": "亲爱的 @，^^ 这是一个测试，看看我们是否可以把种子附在信里。", 
        "Attachments": [{"Type": "Object", "Name":"Chickpea Seeds", "Stack": 5},],         
        "Repeatable": false,         
        "Date": "13 summer Y4", 
        "Seasons":  ["summer"], 
        "FriendshipConditions":
        [
            { "NpcName": "Robin", "FriendshipLevel": 5 }
        ],
    },
    {
        "Id": "ppja.elderberryseeds", 
        "GroupID": "FruitsandVeggies.Seeds",
        "Text": "早上好，朋友。^^  山脉最近对我很友好。我想和你分享我的好运。^^  -莱纳斯", 
        "Attachments": [{"Type": "Object", "Name":"Elderberry Seeds", "Stack": 5},],         
        "Repeatable": false,         
        "Date": "11 winter Y2", 
        "Seasons":  ["winter"], 
        "FriendshipConditions":
        [
            { "NpcName": "Linus", "FriendshipLevel": 8 }
        ],
    },
    {
        "Id": "ppja.fennelseeds", 
        "GroupID": "FruitsandVeggies.Seeds",
        "Text": "亲爱的 @，^^  希望你在农场过得很好。我想下个季节你可能会喜欢种这些。^^  -乔迪", 
        "Attachments": [{"Type": "Object", "Name":"Fennel Seeds", "Stack": 5},],         
        "Repeatable": false,         
        "Date": "13 spring Y2", 
        "Seasons":  ["spring"], 
        "FriendshipConditions":
        [
            { "NpcName": "Jodi", "FriendshipLevel": 6 }
        ],
    },
    {
        "Id": "ppja.gingerseeds", 
        "GroupID": "FruitsandVeggies.Seeds",
        "Text": "嘿 @，^^  我在某个抽屉里发现了这个。我想你下个季节应该用得上。^^ -潘姆", 
        "Attachments": [{"Type": "Object", "Name":"Ginger Seeds", "Stack": 5},],         
        "Repeatable": false,         
        "Date": "27 summer Y2", 
        "Seasons":  ["summer"], 
    },
    {
        "Id": "ppja.gooseberryseeds", 
        "GroupID": "FruitsandVeggies.Seeds",
        "Text": "亲爱的 @，^^ 罗宾不停地谈论着皮埃尔的醋栗派。^你有空的话给我们带一些来好吗？谢谢你！^^ -德米特里厄斯", 
        "Attachments": [{"Type": "Object", "Name":"Gooseberry Seeds", "Stack": 5},],         
        "Repeatable": false,         
        "Date": "5 summer Y1", 
        "Seasons":  ["summer"], 
        "FriendshipConditions":
        [
            { "NpcName": "Demetrius", "FriendshipLevel": 5 }
        ],
    },
    {
        "Id": "ppja.greenpeaseeds", 
        "GroupID": "FruitsandVeggies.Seeds",
        "Text": "嘿,@，^^  现在种这些还来得及!我想要一些放在沙拉里。谢谢你！^^  -潘妮", 
        "Attachments": [{"Type": "Object", "Name":"Green Pea Seeds", "Stack": 5},],         
        "Repeatable": false,         
        "Date": "7 summer Y4", 
        "Seasons":  ["summer"], 
        "FriendshipConditions":
        [
            { "NpcName": "Penny", "FriendshipLevel": 4 }
        ],
    },
    {
        "Id": "ppja.jalapenoseeds", 
        "GroupID": "FruitsandVeggies.Seeds",
        "Text": "嘿 @!^^  这种玩意放在披萨上很好吃。你应该在你的农场里种一些。^^  -山姆", 
        "Attachments": [{"Type": "Object", "Name":"Jalapeno Seeds", "Stack": 5},],         
        "Repeatable": false,         
        "Date": "13 fall Y2", 
        "Seasons":  ["fall"], 
        "FriendshipConditions":
        [
            { "NpcName": "Sam", "FriendshipLevel": 7 }
        ],
    },
    {
        "Id": "ppja.juniperseeds", 
        "GroupID": "FruitsandVeggies.Seeds",
        "Text": "嘿 @，^^  我在什么地方的橱柜里发现了这个。我想你会用得着的。^^  -潘姆", 
        "Attachments": [{"Type": "Object", "Name":"Juniper Berry Seeds", "Stack": 5},],         
        "Repeatable": false,         
        "Date": "3 winter Y1", 
        "Seasons":  ["winter"], 
    },
    {
        "Id": "ppja.mintseeds", 
        "GroupID": "FruitsandVeggies.Seeds",
        "Text": "我在厨房的抽屉里发现了一些质量很好的种子。也许过了这么多年它们还会生长。^^  -乔治", 
        "Attachments": [{"Type": "Object", "Name":"Mint Seeds", "Stack": 5},],         
        "Repeatable": false,         
        "Date": "26 fall Y1", 
        "Seasons":  ["fall"], 
    },
    {
        "Id": "ppja.okraseeds", 
        "GroupID": "FruitsandVeggies.Seeds",
        "Text": "嘿！^^ 我尝过秋葵.....我想你可以帮我种一些。下次再见！^^ -罗宾", 
        "Attachments": [{"Type": "Object", "Name":"Okra Seeds", "Stack": 5},],         
        "Repeatable": false,         
        "Date": "9 fall Y3", 
        "Seasons":  ["fall"], 
        "FriendshipConditions":
        [
            { "NpcName": "Robin", "FriendshipLevel": 5 }
        ],
    },
    {
        "Id": "ppja.paddytaroseeds", 
        "GroupID": "FruitsandVeggies.Seeds",
        "Text": "@，^^  快来看我吧！这个季节我有些新种子到货了。它们不会在卡利科沙漠里生长，但肯定会在你的农场里生长。^^  -桑迪", 
        "Attachments": [{"Type": "Object", "Name":"Paddy Taro Seeds", "Stack": 5},],         
        "Repeatable": false,         
        "Date": "4 spring Y2", 
        "Seasons":  ["summer"], 
        "FriendshipConditions":
        [
            { "NpcName": "Sandy", "FriendshipLevel": 6 }
        ],
    },
    {
        "Id": "ppja.passionfruitseeds",
        "GroupID": "FruitsandVeggies.Seeds",
        "Text": "早上好 @，^^ 感谢你为我们小镇所做的一切。请接受这个礼物，以表示我的谢意。我希望你能在农场里找到一个阳光充足的地方把它种下去。^^  -乔迪", 
        "Attachments": [{"Type": "Object", "Name":"Passion Fruit Seeds", "Stack": 5},],         
        "Repeatable": false,         
        "Date": "7 spring Y3", 
        "Seasons":  ["spring"], 
        "FriendshipConditions":
        [
            { "NpcName": "Jodi", "FriendshipLevel": 8 }
        ],
    },
    {
        "Id": "ppja.soybeanseeds", 
        "GroupID": "FruitsandVeggies.Seeds",
        "Text": "@！^ 你能在你的农场里种一些这种植物并带给我吗?我的酒馆需要大量的新鲜蔬菜。^^  -格斯", 
        "Attachments": [{"Type": "Object", "Name":"Soybean Seeds", "Stack": 5},],         
        "Repeatable": false,         
        "Date": "7 fall Y2", 
        "Seasons":  ["fall"], 
        "FriendshipConditions":
        [
            { "NpcName": "Gus", "FriendshipLevel": 8 }
        ],
    },
    /*{
        "Id": "ppja.wormwoodseeds", 
        "GroupID": "FruitsandVeggies.Seeds",
        "Text": "Dear @，^This is a test to see if we can attach seeds.", 
        "Attachments": [{"Type": "Object", "Name":"Wormwood Seeds", "Stack": 5},],         
        "Repeatable": false,         
        "Date": "19 fall Y2", 
        "Seasons":  ["fall"], 
        "FriendshipConditions":
        [
            { "NpcName": "Shane", "FriendshipLevel": 4 }
        ],
    },*/
    {
        "Id": "ppja.zucchiniseeds", 
        "GroupID": "FruitsandVeggies.Seeds",
        "Text": "@，^^ 我在帮玛妮清理她的牧场，她想把这些给你。^我相信如果你成熟后再将它们卖给皮埃尔，他会很高兴的。^^ 真诚的刘易斯。", 
        "Attachments": [{"Type": "Object", "Name":"Zucchini Seeds", "Stack": 5},],         
        "Repeatable": false,         
        "Date": "12 fall Y3", 
        "Seasons":  ["fall"], 
        "FriendshipConditions":
        [
            { "NpcName": "Lewis", "FriendshipLevel": 10 }
        ],
    },
]