{
    "Name": "Carolina Reaper Extract",
    "Description": "The perfect gift for someone who tries to steal your wallet.",
    "Category": "ArtisanGoods",
    "Edibility": -300,
    "Price": 900,
    "IsColored": false,
    "Recipe": null,
    "GiftTastes":
    {
        "Love": ["Krobus", "Shane"],
        "Like": ["Abigail", "Alex", "Caroline", "Clint", "Demetrius", "Dwarf", "Elliott", "Emily", "Evelyn", "George", "Gus", "Harvey", "Jodi", "Kent", "Leah", "Lewis", "Linus", "Marnie", "Maru", "Pam", "Penny", "Pierre", "Robin", "Sam", "Sandy", "Sebastian", "Willy", "Wizard"],
        "Dislike": ["Haley", "Jas", "Vincent", ],
    },
    "NameLocalization":
    {
        "es": "Extracto de segador de carolina",
        "ko": "캐롤라이나 리퍼 추출액",
        "de": "Carolina Reaper-Extrakt",
         // "fr": "",
         // "hu": "",
         // "it": "",
        "ja": "キャロライナ・リーパーエキス",
        "pt": "Extrato Roubador de Carolina",
        "ru": "Перец «Каролинский Жнец»",
         // "tr": "",
        "zh": "卡罗莱纳死神辣椒提取液",
    },
    "DescriptionLocalization":
    {
        "es": "El regalo perfecto para alguien que intenta robar tu billetera.",
        "ko": "지갑을 훔치려는 사람들을 위한 완벽한 선물.",
        "de": "Das perfekte Geschenk für jemanden, der versucht, deinen Geldbeutel zu stehlen.",
         // "fr": "",
         // "hu": "",
         // "it": "",
        "ja": "あなたの財布を盗もうとする人への完璧な贈り物。",
        "pt": "O presente perfeito para alguém que tenta roubar sua carteira.",
        "ru": "Идеальный подарок для тех, кто пытается украсть ваш кошелек.",
         // "tr": "",
        "zh": "这是一个想要偷你钱包的人的完美礼物。",
    }
}