﻿{
    "Name": "Ancient Flower",
    "Product": "Ancient Flower",
    "SeedName": "Ancient Flower Seeds",
    "SeedDescription": "Plant in spring. Takes 8 days to produce flowers.",
    "Type": "Flower",
    "Seasons": ["spring"],
    "Phases": [1, 2, 2, 2, 1],
    "RegrowthPhase": -1,
    "HarvestWithScythe": false,
    "TrellisCrop": false,
    "Colors": ["227, 109, 103, 255",
        "227, 137, 86, 255",
        "191, 145, 245, 255",
        "102, 212, 239, 255"
    ],
    "Bonus":
    {
        "MinimumPerHarvest": 1,
        "MaximumPerHarvest": 1,
        "MaxIncreasePerFarmLevel": 10,
        "ExtraChance": 0.0,
    },
    "CanPurchase": false,
    "SeedNameLocalization":
    {
        "es": "Semillas de Flores Antiguas",
        "ko": "고대의 꽃 씨앗",
        //"de": "",
        //"fr": "",
        //"hu": "",
        //"it": "",
        //"ja": "",
        //"pt": "",
        //"ru": "",
        //"tr": "",
        "zh": "远古之花种子"
    },
    "SeedDescriptionLocalization":
    {
        "es": "Plantalas en primavera. Tarda 8 días en producir flores.",
        "ko": "봄에 심으세요. 8일 후 자라서 꽃이 핍니다.",
        //"de": "",
        //"fr": "",
        //"hu": "",
        //"it": "",
        //"ja": "",
        //"pt": "",
        //"ru": "",
        //"tr": "",
        "zh": "春天种植。花8天的时间才能开花。"
    },
    "ContextTags": [
        "season_spring",
        "season_summer",
        "season_fall",
        "seed_item"
    ]
}