{
    "Name": "Gold Leaf",
    "Product": 384,
    "SeedName": "Gold Seeds",
    "SeedDescription": "Plant these in fall. Takes 20 days to mature.",
    "Type": "Mineral",

    "Seasons": ["fall"],
    "Phases": [ 2, 4, 5, 4, 5],
    "RegrowthPhase": -1,
    "HarvestWithScythe": false,
    "TrellisCrop": false,
    "Colors": null,
    "Bonus": {
        "MinimumPerHarvest": 2,
        "MaximumPerHarvest": 3,
        "MaxIncreasePerFarmLevel": 5,
        "ExtraChance": 0.2
    },
"SeedPurchaseFrom": "Krobus",
  "SeedPurchasePrice": 200,

"SeedNameLocalization": { 
    "es": "Semillas de oro",
    "ko": "금 씨앗",
    "de": "Gold Samen",
    "fr": "Graines d'Or",
    "hu": "Arany magok",
    "it": "Semi d'oro",
    "ja": "金の種",
    "pt": "Sementes de ouro",
    "ru": "Семена золота",
    "tr": "Altın Tohumlar",
    "zh": "金矿种子"
    },
"SeedDescriptionLocalization": { 
    "es": "Plantalas en otoño. Toma 20 dias para madurar.",
    "ko": "가을 작물. 성장하려면 20일이 소요됩니다.",
    "de": "Pflanzen Sie diese im Herbst. Die Reifezeit beträgt 20 Tage.",
    "fr": "Plantez-les en automne. Prend 20 jours pour mûrir.",
    "hu": "Ültesse ezeket ősszel. 20 napig ér.",
    "it": "Piantali in autunno. Ci vogliono 20 giorni per maturare.",
    "ja": "秋にこれらを植えます。 成熟するには20日かかります。",
    "pt": "Plante-as no outono. Leva 20 dias para amadurecer.",
    "ru": "Высаживайте их осенью. Созревание занимает 20 дней.",
    "tr": "Bunları sonbaharda ekin. Olgunlaşması 20 gün sürer.",
    "zh": "秋天播种。20天成熟。"
    }
}
