{
  "Name": "Tea",
  "Description": "It smells delicious. This would surely give you a boost.",
  "Category": "Cooking",
  "Edibility": 10,
  "EdibleIsDrink": true,
  "EdibleBuffs": {
    "Farming": 0,
    "Fishing": 0,
    "Mining": 0,
    "Luck": 0,
	"Foraging": 0,
	"MaxStamina": 0,
    "MagnetRadius": 0,
	"Speed": 1,
	"Defense": 0,
	"Attack": 0,
    "Duration": 120,
  },
  "Price": 150,
  "IsColored": false,
  "Recipe": {
    "ResultCount": 1,
    "Ingredients": [
      {
        "Object": "Camellia",
        "Count": 1,
      },
    ],
    "IsDefault": false,
	"CanPurchase": false,
  },
  "NameLocalization": { 
    "es": "Té",
    "ko": "차",
    "de": "Tee",
     // "fr": "",
     // "hu": "",
     // "it": "",
     // "ja": "",
    "pt": "Chá",
     // "ru": "",
     // "tr": "",
    "zh": "茶",
     },
 "DescriptionLocalization": { 
    "es": "Huele delicioso. Esto seguramente le dará un impulso.",
    "ko": "아주 기분좋은 향이 납니다. 이것은 확실히 너에게 힘을 줄 겁니다..",
    "de": "Es riecht lecker. Dies würde dir sicherlich einen Schub geben.",
     // "fr": "",
     // "hu": "",
     // "it": "",
     // "ja": "",
    "pt": "Cheiro delicioso. Isso certamente lhe daria energia.",
     // "ru": "",
     // "tr": "",
    "zh": "茶。闻起来很香。这肯定会使你健步如飞。",
    }
}