{
  "Name": "Tea Bag",
  "Description": "Dried flowers and leaves ready for a hot cup of water.",
  "Category": "ArtisanGoods",
  "Edibility": -300,
  "Price": 25,
  "IsColored": false,
  "Recipe": null,
  "NameLocalization": { 
    "es": "Bolsa de té",
    "ko": "티 백",
    "de": "Teebeutel",
     // "fr": "",
     // "hu": "",
     // "it": "",
     // "ja": "",
    "pt": "Saquinho de Chá",
     // "ru": "",
     // "tr": "",
    "zh": "茶包",
     },
 "DescriptionLocalization": { 
    "es": "Hojas secas y listas para una taza de agua caliente.",
    "ko": "말린 꽃과 잎, 뜨거운 물 한 잔으로 마실 수 있는 차.",
    "de": "Trockenblumen und Blätter bereit für eine heiße Tasse Wasser.",
     // "fr": "",
     // "hu": "",
     // "it": "",
     // "ja": "",
    "pt": "Flores secas e folhas prontas para um copo de água quente.",
     // "ru": "",
     // "tr": "",
    "zh": "装着干燥的花瓣和叶子，等待一杯热水让它散发芬芳。",
    }
}