{
  "Name": "Potted Petunia",
  "Description": "A petunia potted in a little wooden pot. Remember to water it!",
  "Price": 1,
  "ProvidesLight": false,
  "Recipe": {
    "ResultCount": 1,
    "Ingredients": [
      {
		  "Object": "Petunia",
		  "Count": 1,
      },
      {
		  "Object": 388,
		  "Count": 10,
      },
	  {
		  "Object": 330,
		  "Count": 10,
	  },
    ],
	"CanPurchase": false,
  },
  "NameLocalization": { 
    "es": "Petunia en maceta",
    "ko": "실내 화초 페튜니아",
    "de": "Eingemachte Petunie",
     // "fr": "",
     // "hu": "",
     // "it": "",
     // "ja": "",
    "pt": "Vaso de Petúnia",
     // "ru": "",
     // "tr": "",
    "zh": "矮牵牛花盆栽",
     },
 "DescriptionLocalization": { 
    "es": "Una petunia en una maceta de madera. ¡Recuerda regarloa!",
    "ko": "작은 나무 화분에 심겨진 페튜니아 입니다. 물 주는거 잊지마세요!",
    "de": "Eine Petunie in einem kleinen Holztopf. Denken Sie daran, es zu gießen!",
     // "fr": "",
     // "hu": "",
     // "it": "",
     // "ja": "",
    "pt": "Uma petúnia em um pequeno vaso de madeira. Lembre-se sempre de regá-la!",
     // "ru": "",
     // "tr": "",
    "zh": "一个小木盆里的矮牵牛花。记得给它浇水！",
    }
}
