{
    "Name": "Juicer",
    "Description": "Turns fruit into freshly squeezed juice.",
    "Price": 1,
    "ProvidesLight": false,
    "ReserveNextIndex": false,
    "Recipe":
    {
        "ResultCount": 1,
        "Ingredients": [
        {
            "Object": 709,
            "Count": 10,
        },
        {
            "Object": 335,
            "Count": 20,
        },
        {
            "Object": 575,
            "Count": 1,
        }, ],
        "CanPurchase": false,
        "SkillUnlockName": "Foraging",
        "SkillUnlockLevel": 9,
    },
    "NameLocalization":
    {
        // "es": "",
        "ko": "과즙추출기",
        "de": "Saftpresse",
        // "fr": "",
        // "hu": "",
        // "it": "",
        // "ja": "",
        "pt": "Espremedor",
        // "ru": "",
        // "tr": "",
        "zh": "榨汁机",
    },
    "DescriptionLocalization":
    {
        // "es": "",
        "ko": "과일을 갓 짜낸 주스로 만들어줍니다.",
        "de": "Presst aus Früchten frische Säfte.",
        // "fr": "",
        // "hu": "",
        // "it": "",
        // "ja": "",
        "pt": "Esprema frutas e consiga suco fresquinho.",
        // "ru": "",
        // "tr": "",
        "zh": "把水果制成鲜榨果汁。",
    }
}