{
    "Name": "Vinegar Cask",
    "Description": "A cask designed to turn grapes, apple and unmilled rice into vinegar.",
    "Price": 1,
    "ProvidesLight": false,
    "ReserveNextIndex": false,
    "Recipe":
    {
        "ResultCount": 1,
        "Ingredients": [
        {
            "Object": 338,
            "Count": 30,
        },
        {
            "Object": 335,
            "Count": 1,
        },
        {
            "Object": 726,
            "Count": 3,
        }, ],
        "CanPurchase": false,
        "SkillUnlockName": "Farming",
        "SkillUnlockLevel": 8,
    },
    "NameLocalization":
    {
        // "es": "",
        "ko": "식초 발효통",
        "de": "Essigfass",
        // "fr": "",
        // "hu": "",
        // "it": "",
        // "ja": "",
        "pt": "Barril de Vinagre",
        // "ru": "",
        // "tr": "",
        "zh": "醋桶",
    },
    "DescriptionLocalization":
    {
        // "es": "",
        "ko": "포도를 식초로 만드는 발효통.",
        "de": "Ein Fass, das genutzt wird, um Weintrauben, Äpfel und ungeschälten Reis zu Essig zu vergären.",
        // "fr": "",
        // "hu": "",
        // "it": "",
        // "ja": "",
        "pt": "Um barril para fazer vinagre com uvas, maçãs ou arroz não moído.",
        // "ru": "",
        // "tr": "",
        "zh": "往桶里倒入葡萄、苹果和未碾碎的大米以酿醋。",
    }
}