{
    "Fruits": ["Asian Pear", "Banana", "Dragon Fruit", "Durian", "Elderberry", "Fig", "Gooseberry", "Grapefruit", "Juniper Berry", "Kiwi", "Lemon", "Lime", "Mango", "Muskmelon", "Papaya", "Passion Fruit", "Pear", "Persimmon", "Pineapple", "Pomelo", "Raspberry", "Sweet Canary Melon", "Watermelon", "Granny Smith Apple", "Lychee", "Avocado", "Cotton Boll",],
    "Vegetables": ["Adzuki Bean", "Almond", "Aloe", "Barley", "Basil", "Bell Pepper", "Broccoli", "Cabbage", "Camphor Leaves", "Carrot", "Cashew", "Cassava", "Celery", "Chives", "Cinnamon Sticks", "Cocoa Pod", "Cucumber", "Eucalyptus Leaves", "Fennel", "Ginger", "Green Peas", "Lettuce", "Melaleuca Leaves", "Mint", "Navy Bean", "Olive", "Onion", "Oregano", "Parsley", "Peanut", "Pecan", "Rosemary", "Sage", "Soybean", "Spinach", "Sugar Beet", "Sugar Cane", "Sweet Potato", "Thyme", "Walnut  ", "Wasabi Root", "Asparagus", "Bamboo", "Blue Agave", "Butternut Squash", "Chickpea", "Durum", "Habanero", "Jalapeno", "Kidney Bean", "Licorice Root", "Maguey", "Okra", "Quinoa", "Red Onion", "Shallot", "Shiitake Mushroom", "Sulfur Shelf Mushroom", "Zucchini", "Paddy Taro Root"],
    "Flowers": ["Bee Balm", "Blue Mist", "Chamomile", "Clary Sage", "Fairy Duster", "Fall Rose", "Fragrant Lilac", "Herbal Lavender", "Honeysuckle", "Passion Flower", "Pink Cat", "Pitcher Plant", "Purple Coneflower", "Rafflesia", "Rose", "Shaded Violet", "Spring Rose", "Summer Rose", "Sweet Jasmine", "Rapeseed Flower", "Vanilla", "Fragrant Wisteria", "Ylang Ylang", "Cactus Flower"],
    "Honey": "assets/honey.png",
    "Jelly": "assets/jelly.png",
    "Juice": "assets/juice.png",
    "Pickles": "assets/pickles.png",
    "Wine": "assets/wine.png"
}