{
    "Name": "Chai Kombucha",
    "Description": "Hints of cinnamon, ginger, clove, and apple cider make this an interesting take on traditional Kombucha.",
    "Category": "ArtisanGoods",
    "Edibility": 30,
    "EdibleIsDrink": true,
    "Price": 1200,
    "IsColored": false,
    "Recipe": null,
    "GiftTastes":
    {
        "Love": ["George", "Sebastian", "Wizard"],
        "Like": ["Abigail", "Alex", "Caroline", "Clint", "Demetrius", "Dwarf", "Elliott", "Emily", "Evelyn", "Gus", "Haley", "Harvey", "Jas", "Jodi", "Kent", "Krobus", "Leah", "Lewis", "Linus", "Marnie", "Maru", "Pam", "Penny", "Pierre", "Robin", "Sam", "Sandy", "Shane", "Vincent", "Willy"],
    },
    "NameLocalization":
    {
        "es": "Kombucha de chai",
        "ko": "차이 콤부차",
        "de": "Chai-Kombucha",
        // "fr": "",
        // "hu": "",
        // "it": "",
        "ja": "チャイコンブチャ",
        "pt": "Kombuchá de Chai",
        "ru": "Масаловая комбуча",
        // "tr": "",
        "zh": "印度康普茶",
    },
    "DescriptionLocalization":
    {
        "es": "Los toques de canela, jengibre, clavo de olor y sidra de manzana hacen de esta una visión interesante de la tradicional kombucha.",
        "ko": "약간의 시나몬, 생강, 정향 및 애플 사이다로 전통적인 콤부차에 새로운 느낌을 줍니다.",
        "de": "Hinweise auf Zimt, Ingwer, Nelke und Apfelwein machen dies zu einer interessanten Interpretation des traditionellen Kombucha.",
        // "fr": "",
        // "hu": "",
        // "it": "",
        "ja": "シナモン、ジンジャー、クローブそしてアップルサイダーをヒントに、コンブチャがより味わい深くなった。",
        "pt": "Os toques de canela, gengibre, cidra de maçã e dente de alho fazem desta uma visão interessante do tradicional kombuchá",
        "ru": "Нотки корицы, имбиря, гвоздики и яблочного сидра делают это интересной вариацией традиционной комбучи.",
        // "tr": "",
        "zh": "由印度香茶发酵而来。肉桂，生姜，丁香和苹果醋的味道使这款传统康普茶变得有趣。",
    }
}