{
    "Name": "Miso Starter",
    "Description": "A starter culture used to encourage miso production.",
    "Category": "ArtisanGoods",
    "Edibility": -300,
    "Price": 50,
    "IsColored": false,
    "Recipe": null,
    "CanPurchase": true,
    "PurchaseFrom": "Gus",
    "PurchasePrice": 50,
    "PurchaseRequirements": null,
    "GiftTastes":
    {
        "Dislike": ["Abigail", "Alex", "Caroline", "Clint", "Demetrius", "Dwarf", "Elliott", "Emily", "Evelyn", "George", "Gus", "Haley", "Harvey", "Jas", "Jodi", "Kent", "Krobus", "Leah", "Lewis", "Linus", "Marnie", "Maru", "Pam", "Penny", "Pierre", "Robin", "Sam", "Sandy", "Sebastian", "Shane", "Vincent", "Willy", "Wizard"],
    },
    "NameLocalization":
    {
        "es": "Base de miso",
        "ko": "발효 미소",
        "de": "Miso Starter",
         // "fr": "",
         // "hu": "",
         // "it": "",
        "ja": "みそスターター",
         // "pt": "",
         // "ru": "",
         // "tr": "",
        "zh": "味噌发酵液",
    },
    "DescriptionLocalization":
    {
        "es": "Utilizada para preparar comidas.",
        "ko": "종균배양은 미소 생산을 장려하기 위해 사용됩니다.",
        "de": "Eine Startkultur, die zur Förderung der Miso-Produktion genutzt wird.",
         // "fr": "",
         // "hu": "",
         // "it": "",
        "ja": "みその熟成を促進させるために使われる菌のタネ。",
         // "pt": "",
         // "ru": "",
         // "tr": "",
        "zh": "一种用来生产味噌的发酵液。",
    }
}