{
    "Name": "Hydrangea",
    "Product": "Hydrangea",
    "SeedName": "Hydrangea Seeds",
    "SeedDescription": "Plant in summer. Takes 10 days to produce round clusters of flowers.",
    "Type": "Flower",

    "Seasons": ["summer"],
    "Phases": [ 1, 2, 2, 3, 2 ],
	"RegrowthPhase": -1,
    "HarvestWithScythe": false,
    "TrellisCrop": false,
    "Colors": [
		"120, 185, 255, 255",
		"240, 115, 255, 255",
		"255, 110, 165, 255"
	],
    "Bonus": {
        "MinimumPerHarvest": 1,
        "MaximumPerHarvest": 1,
        "MaxIncreasePerFarmLevel": 5,
        "ExtraChance": 0.0
    },

	"SeedPurchaseRequirements": [
		"y 3",
	],
    "SeedPurchasePrice": 50,
    "SeedNameLocalization": { 
    "es": "Semillas de hortensia",
    "ko": "수국 씨앗",
    "de": "Hortensie Samen",
     // "fr": "",
     // "hu": "",
     // "it": "",
     // "ja": "",
    "pt": "Semente de Hortênsia",
     // "ru": "",
     // "tr": "",
    "zh": "绣球花种子",
    },
"SeedDescriptionLocalization": { 
    "es": "Plántalas en verano. Toma 10 días para producir un grupo de flores redondas.",
    "ko": "여름에 심습니다. 10일후에 작은 송이의 꽃들이 둥글게 모여 핍니다.",
    "de": "Im Sommer pflanzen. Dauert 10 Tage, um runde Blütenbüschel zu bilden.",
     // "fr": "",
     // "hu": "",
     // "it": "",
     // "ja": "",
    "pt": "Plante-a no verão. Demoram 10 dias para crescer conjuntos redondos de flores.",
     // "ru": "",
     // "tr": "",
    "zh": "夏天下种。10天产出圆形花簇。",
    }
}
