{
    "Name": "Fruitcake",
    "Description": "The worst gift is a fruitcake. There is only one fruitcake in the entire world, and people keep sending it to each other.",
    "Category": "Cooking",
    "Edibility": 48,
    "EdibleIsDrink": false,
    "EdibleBuffs": null,
    "Price": 500,
    "IsColored": false,
    "Recipe":
    {
        "ResultCount": 1,
        "Ingredients": [
        {
            "Object": "Pineapple",
            "Count": 1,
        },
        {
            "Object": 638,
            "Count": 1,
        },
        {
            "Object": "Cinnamon Sticks",
            "Count": 1,
        },
        {
            "Object": "Almond",
            "Count": 1,
        },
        {
            "Object": "Brown Sugar",
            "Count": 1,
        }],
        "IsDefault": true,
    },
    "GiftTastes":
    {
        "Dislike": ["Alex", "Caroline", "Clint", "Demetrius", "Dwarf", "Elliott", "George", "Gus", "Harvey", "Jas", "Jodi", "Kent", "Leah", "Lewis", "Linus", "Marnie", "Pam", "Penny", "Pierre", "Robin", "Sam", "Sandy", "Shane", "Vincent", "Wizard", "Abigail", "Haley", "Maru", "Sebastian", "Evelyn", "Emily", "Krobus", "Willy"],
    },
    "NameLocalization":
    {
        // "es": "",
        "ko": "과일케이크",
         "de": "Fruchtkuchen",
        // "fr": "",
        // "hu": "",
        // "it": "",
        "ja": "フルーツケーキ",
        "pt": "Bolo de Frutas",
        // "ru": "",
        // "tr": "",
        "zh": "水果蛋糕",
    },
    "DescriptionLocalization":
    {
        // "es": "",
        "ko": "과일케이크는 선물론 최악이야. 다들 선물 돌려막기용으로 쓰거든!",
         "de": "Das schlimmste Geschenk ist ein Obstkuchen. Es gibt nur einen Obstkuchen auf der ganzen Welt, und die Leute schicken ihn sich gegenseitig.",
        // "fr": "",
        // "hu": "",
        // "it": "",
        "ja": "一番最悪なプレゼントはフルーツケーキだよ。この世にはフルーツケーキなんて一つしか存在しないのに、人は皆それを送り合ってるんだ。",
        "pt": "O bolo de frutas é o pior presente. Há apenas um bolo de fruta no mundo, e as pessoas continuam a mandar umas para as outras.",
        // "ru": "",
        // "tr": "",
        "zh": "“最糟糕的礼物当属水果蛋糕。世界上只有一个水果蛋糕，人们不断地把它送给彼此。”（注：美式笑话）",
    }
}