{
    "Name": "Purple Kombucha",
    "Description": "A purple tea-like drink made from fermented mushrooms.",
    "Category": "ArtisanGoods",
    "Edibility": 6,
    "EdibleIsDrink": true,
    "Price": 300,
    "IsColored": false,
    "Recipe": null,
    "GiftTastes":
    {
        "Love": ["Wizard", "Demetrius", "Harvey", "Leah", "Linus", "Sebastian"],
        "Like": ["Abigail", "Alex", "Clint", "Emily", "Evelyn", "George", "Gus", "Kent", "Lewis", "Marnie", "Maru", "Pam", "Robin", "Sandy"],
        "Neutral": ["Caroline", "Dwarf", "Elliott", "Haley", "Jodi", "Krobus", "Penny", "Pierre", "Sam", "Shane", "Willy"],
        "Dislike": ["Jas", "Vincent"]
    },
    "NameLocalization":
    {
        "es": "Kombucha morado",
        "ko": "퍼플 콤부차",
        "de": "Lila Kombucha",
        // "fr": "",
        // "hu": "",
        // "it": "",
       "ja": "紫コンブチャ",
        // "pt": "",
        // "ru": "",
        // "tr": "",
        "zh": "紫蘑菇康普茶",
    },
    "DescriptionLocalization":
    {
        "es": "Una bebida púrpura parecida al té hecha de setas fermentadas.",
        "ko": "발효 버섯으로 만든 퍼플티 같은 음료.",
        "de": "Ein purpurnes Tee-ähnliches Getränk aus fermentierten Pilzen.",
        // "fr": "",
        // "hu": "",
        // "it": "",
       "ja": "パープルティーに似た、キノコを発酵させてできた飲み物。",
        // "pt": "",
        // "ru": "",
        // "tr": "",
        "zh": "一种由发酵紫蘑菇制成的类似紫色茶的饮料。",
    }
}