{
  "Name": "Potted Tulip",
  "Description": "A tulip potted in a wooden pot. Remember to water it!",
  "Price": 1,
  "IsColored": false,
  "Recipe": {
	  "ResultCount": 1,
	  "Ingredients": [
		  {
			  "Object": 591,
			  "Count": 1
		  },
		  {
			  "Object": 388,
			  "Count": 10
		  },
		  {
			  "Object": 330,
			  "Count": 10
		  },
	  ],
	  "CanPurchase": false,  
  },
  "NameLocalization": { 
    "es": "Tulipán en maceta",
    "ko": "실내 화초 튤립",
    "de": "Eingemachte Tulpe",
     // "fr": "",
     // "hu": "",
     // "it": "",
     // "ja": "",
    "pt": "Vaso de Tulipa",
     // "ru": "",
     // "tr": "",
    "zh": "郁金香盆栽",
     },
 "DescriptionLocalization": { 
    "es": "Un tulipán en una maceta de madera. ¡Recuerda regarlo!",
    "ko": "작은 나무 화분에 심겨진 튤립 입니다. 물 주는거 잊지마세요!",
    "de": "Eine Tulpe in einem hölzernen Topf eingemacht. Denken Sie daran, es zu gießen!",
     // "fr": "",
     // "hu": "",
     // "it": "",
     // "ja": "",
    "pt": "Uma tulipa em um pequeno vaso de madeira. Lembre-se sempre de regá-la!",
     // "ru": "",
     // "tr": "",
    "zh": "一个小木盆里的郁金香。记得给它浇水！",
    }
}
