{
    "Name": "Tequila",
    "Description": "A spirit distilled from agave. Drink in moderation.",
    "Category": "ArtisanGoods",
    "Edibility": 14,
    "EdibleIsDrink": true,
    "EdibleBuffs":
    {
        "Farming": 0,
        "Fishing": 0,
        "Mining": 0,
        "Luck": 0,
        "Foraging": 0,
        "MaxStamina": 0,
        "MagnetRadius": 0,
        "Speed": -3,
        "Defense": 0,
        "Attack": 0,
        "Duration": 300,
    },
    "Price": 400,
    "IsColored": false,
    "Recipe": null,
    "CanPurchase": true,
    "PurchaseFrom": "Gus",
    "PurchasePrice": 400,
    "PurchaseRequirements": null,
    "GiftTastes":
    {
        "Love": ["Pam", "Shane"],
        "Like": ["Gus"],
        "Neutral": ["Marnie", "Clint", "George", "Sebastian", "Abigial", "Alex", "Caroline", "Demetrius", "Dwarf", "Elliott", "Emily", "Evelyn", "Haley", "Harvey", "Jodi", "Kent", "Krobus", "Leah", "Lewis", "Linus", "Maru", "Pierre", "Robin", "Sam", "Sandy", "Willy", "Wizard"],
        "Dislike": ["Penny"],
        "Hate": ["Vincent", "Jas"]
    },
    "NameLocalization":
    {
        "es": "Tequila",
        "ko": "테킬라",
        "de": "Tequila",
         // "fr": "",
         // "hu": "",
         // "it": "",
        "ja": "テキーラ",
         // "pt": "",
         // "ru": "",
         // "tr": "",
        "zh": "特其拉龙舌兰酒",
    },
    "DescriptionLocalization":
    {
        "es": "Una bebida destilada a partir de agave. Beber con moderación.",
        "ko": "푸른 용설란을 증류시켜 만든 술. 절제해서 드세요.",
        "de": "Ein Schnaps aus Agaven destilliert.",
         // "fr": "",
         // "hu": "",
         // "it": "",
        "ja": "リュウゼツランから蒸留したスピリッツ。適度に飲んでください。",
         // "pt": "",
         // "ru": "",
         // "tr": "",
        "zh": "墨西哥特产，最初被叫做“在特其拉产的梅斯卡尔”，后简化为特其拉。适量饮酒。",
    }
}