﻿{
    "Name": "Ancient Coffee Plant",
    "Product": "Ancient Coffee Bean",
    "SeedName": "Ancient Coffee Bean",
    "SeedDescription": "Plant in spring, summer or fall to grow an ancient coffee plant. Takes 32 days to mature, and keeps producing after the first harvest. Place 5 ancient coffee beans in a hardwood keg to obtain ancient coffee.",
    "Type": "Seed",
    "Seasons": ["spring", "summer", "fall"],
    "Phases": [4, 6, 8, 14, 4],
    "RegrowthPhase": 4,
    "HarvestWithScythe": false,
    "TrellisCrop": false,
    "Colors": null,
    "Bonus":
    {
        "MinimumPerHarvest": 3,
        "MaximumPerHarvest": 6,
        "MaxIncreasePerFarmLevel": 10,
        "ExtraChance": 0.4,
    },
    "CanPurchase": true,
	"SeedPurchasePrice": 125,
	"SeedPurchaseFrom": "DONTSELLTHISATNPC",
	"SeedPurchaseRequirements": null,
    "SeedNameLocalization":
    {
        "es": "Grano de Cafe Antiguo",
        "ko": "고대의 커피콩",
        //"de": "",
        //"fr": "",
        //"hu": "",
        //"it": "",
        //"ja": "",
        //"pt": "",
        //"ru": "",
        //"tr": "",
        "zh": "远古咖啡豆"
    },
    "SeedDescriptionLocalization":
    {
        "es": "Plantalo en primavera, verano u otoño para cultivar una antigua planta de cafe. Tarda 32 días en madurar y continúa produciendo luego de la primer cosecha. Coloca 5 granos de cafe antiguo en un barril de madera dura para obtener cafe antiguo.",
        "ko": "봄, 여름, 또는 가을 작물. 성장하려면 32일이 걸리며, 수확한 후에도 계속 작물이 생산됩니다. 고대의 커피콩 5개를 단단한 나무 술통에 넣어 고대의 커피를 만들 수도 있습니다.",
        //"de": "",
        //"fr": "",
        //"hu": "",
        //"it": "",
        //"ja": "",
        //"pt": "",
        //"ru": "",
        //"tr": "",
        "zh": "在春季、夏季或秋季种植一种古老的咖啡植物。成熟需要32天，并在第一次收获后继续生产。把5颗古老的咖啡豆放在一个硬木桶里，就可以得到古老的咖啡了。"
    },
    "ContextTags": [
        "season_spring",
        "season_summer",
        "season_fall",
        "seed_item"
    ]
}