{
    "Name": "Extruder",
    "Description": "Turns flour into noodles and honey into wax!",
    "Price": 1,
    "ProvidesLight": false,
    "ReserveNextIndex": true,
    "Recipe":
    {
        "ResultCount": 1,
        "Ingredients": [
        {
            "Object": 709,
            "Count": 5,
        },
        {
            "Object": 335,
            "Count": 2,
        },
        {
            "Object": 787,
            "Count": 1,
        }, ],
        "CanPurchase": false,
        "SkillUnlockName": "Farming",
        "SkillUnlockLevel": 4,
    },
    "NameLocalization":
    {
        // "es": "",
        "ko": "압출기",
        "de": "Strangpresse",
        // "fr": "",
        // "hu": "",
        // "it": "",
        // "ja": "",
        "pt": "Extrusora",
        // "ru": "",
        // "tr": "",
        "zh": "模压机",
    },
    "DescriptionLocalization":
    {
        // "es": "",
        "ko": "밀가루를 국수로, 꿀을 밀랍으로 만들어줍니다.",
        "de": "Verarbeitet Mehl zu Nudeln und Honig zu Wachs!",
        // "fr": "",
        // "hu": "",
        // "it": "",
        // "ja": "",
        "pt": "Transforma farinha em macarrão e mel em cera!",
        // "ru": "",
        // "tr": "",
        "zh": "把面粉变成面条，蜂蜜变成蜂蜡！",
    }
}