{
    "Name": "Lassi",
    "Description": "A frothy beverage made from fermented yogurt.",
    "Category": "ArtisanGoods",
    "Edibility": 28,
    "EdibleIsDrink": true,
    "Price": 300,
    "IsColored": false,
    "Recipe": null,
    "GiftTastes":
    {
        "Love": ["George"],
        "Like": ["Abigail", "Alex", "Caroline", "Clint", "Demetrius", "Dwarf", "Elliott", "Emily", "Evelyn", "Gus", "Haley", "Harvey", "Jodi", "Krobus", "Leah", "Lewis", "Linus", "Marnie", "Maru", "Pam", "Penny", "Pierre", "Robin", "Sam", "Sandy", "Shane", "Willy", "Wizard"],
        "Hate": ["Jas", "Kent", "Sebastian", "Vincent"],
    },
    "NameLocalization":
    {
        "es": "Lassi",
        "ko": "라씨",
        "de": "Lassi",
         // "fr": "",
         // "hu": "",
         // "it": "",
        "ja": "ラッシー",
         // "pt": "",
         // "ru": "",
         // "tr": "",
        "zh": "印度奶昔",
    },
    "DescriptionLocalization":
    {
        "es": "Una bebida espumosa hecha de yogur fermentado.",
        "ko": "발효된 요거트로 만든 거품 음료.",
        "de": "Ein schaumiges Getränk aus fermentiertem Joghurt.",
         // "fr": "",
         // "hu": "",
         // "it": "",
        "ja": "ヨーグルトを更に発酵させて作る発泡飲料。",
         // "pt": "",
         // "ru": "",
         // "tr": "",
        "zh": "一种由发酵酸奶制成的泡沫饮料。",
    }
}