{
  "Name": "Potted Carnation",
  "Description": "A carnation potted in a little wooden pot. Remember to water it!",
  "Price": 1,
  "ProvidesLight": false,
  "Recipe": {
    "ResultCount": 1,
    "Ingredients": [
      {
		  "Object": "Carnation",
		  "Count": 1,
      },
      {
		  "Object": 388,
		  "Count": 10,
      },
	  {
		  "Object": 330,
		  "Count": 10,
	  },
    ],
	"CanPurchase": false,
  },
  "NameLocalization": { 
    "es": "Clavel en maceta",
    "ko": "실내 화초 카네이션",
    "de": "Eingemachte Gartennelke",
     // "fr": "",
     // "hu": "",
     // "it": "",
     // "ja": "",
    "pt": "Vaso de Cravo",
     // "ru": "",
     // "tr": "",
    "zh": "康乃馨盆栽",
     },
 "DescriptionLocalization": { 
    "es": "Un clavel en una pequeña maceta de madera. ¡Recuerda regarlo!",
    "ko": "작은 나무 화분에 심겨진 카네이션 입니다. 물 주는거 잊지마세요!",
    "de": "Eine Nelke in einem kleinen Holztopf. Denken Sie daran, es zu gießen!",
     // "fr": "",
     // "hu": "",
     // "it": "",
     // "ja": "",
    "pt": "Um cravo em um pequeno vaso de madeira. Lembre-se de sempre regá-lo!",
     // "ru": "",
     // "tr": "",
    "zh": "一个小木盆里的康乃馨。记得给它浇水！",
    }
}
