{
    "Name": "Gin",
    "Description": "A spirit distilled from juniper berries. Drink in moderation.",
    "Category": "ArtisanGoods",
    "Edibility": 20,
    "EdibleIsDrink": true,
    "EdibleBuffs":
    {
        "Farming": 0,
        "Fishing": 0,
        "Mining": 0,
        "Luck": 0,
        "Foraging": 0,
        "MaxStamina": 0,
        "MagnetRadius": 0,
        "Speed": -2,
        "Defense": 0,
        "Attack": 0,
        "Duration": 180,
    },
    "Price": 400,
    "IsColored": false,
    "Recipe": null,
    "GiftTastes":
    {
        "Love": ["Pam", "Shane"],
        "Like": ["Gus"],
        "Neutral": ["Marnie", "Clint", "George", "Sebastian", "Abigial", "Alex", "Caroline", "Demetrius", "Dwarf", "Elliott", "Emily", "Evelyn", "Haley", "Harvey", "Jodi", "Kent", "Krobus", "Leah", "Lewis", "Linus", "Maru", "Pierre", "Robin", "Sam", "Sandy", "Willy", "Wizard"],
        "Dislike": ["Penny"],
        "Hate": ["Vincent", "Jas"]
    },
    "NameLocalization":
    {
        "es": "Ginebra",
        "ko": "진",
        "de": "Gin",
         // "fr": "",
         // "hu": "",
         // "it": "",
        "ja": "ジン",
         // "pt": "",
         // "ru": "",
         // "tr": "",
        "zh": "金酒",
    },
    "DescriptionLocalization":
    {
        "es": "Una bebida destilada de bayas de enebro. Beber con moderación.",
        "ko": "주니퍼 베리를 증류시켜 만든 술. 절제해서 드세요.",
        "de": "Ein Schnaps aus Wacholderbeeren. Genieße Ihn in Maßen.",
         // "fr": "",
         // "hu": "",
         // "it": "",
        "ja": "ジュニパーベリーから蒸留したスピリット。飲む時はほどほどに。",
         // "pt": "",
         // "ru": "",
         // "tr": "",
        "zh": "一种从杜松子中蒸馏而来的烈酒。适量饮酒。",
    }
}