{
    "Name": "French Martini",
    "Description": "Who needs ice?",
    "Category": "Cooking",
    "Edibility": 66,
    "EdibleIsDrink": true,
    "EdibleBuffs":
    {
        "Farming": 0,
        "Fishing": 0,
        "Mining": 0,
        "Luck": 0,
        "Foraging": 0,
        "MaxStamina": 0,
        "MagnetRadius": 0,
        "Speed": -1,
        "Defense": 0,
        "Attack": 0,
        "Duration": 100,
    },
    "Price": 800,
    "IsColored": false,
    "CanPurchase": true,
    "PurchaseFrom": "Gus",
    "PurchasePrice": 1125,
    "Recipe":
    {
        "ResultCount": 1,
        "Ingredients": [
        {
            "Object": "Raspberry",
            "Count": 1,
        },
        {
            "Object": "Vodka",
            "Count": 1,
        },
        {
            "Object": "Pineapple",
            "Count": 1,
        },
        {
            "Object": "Lemon",
            "Count": 1,
        }],
        "CanPurchase": true,
        "PurchaseFrom": "Gus",
        "PurchasePrice": 5800,
        "PurchaseRequirements": null,
    },

    "NameLocalization":
    {
        "es": "Martini francés",
        "ko": "프렌치 마티니",
        "de": "Französischer Martini",
        // "fr": "",
        // "hu": "",
        // "it": "",
        // "ja": "",
        // "pt": "",
        // "ru": "",
        // "tr": "",
        "zh": "法式马丁尼",
    },
    "DescriptionLocalization":
    {
        "es": "¿Quién necesita hielo?",
        "ko": "얼음 필요한 사람?",
        "de": "Wer braucht Eis?",
        // "fr": "",
        // "hu": "",
        // "it": "",
        // "ja": "",
        // "pt": "",
        // "ru": "",
        // "tr": "",
        "zh": "法式马丁尼。谁需要冰？",
    }
}
