{
    "Name": "Allium",
    "Product": "Allium",
    "SeedName": "Allium Seeds",
    "SeedDescription": "Plant in summer. Takes 4 days to produce a purple puffball flower.",
    "Type": "Flower",

    "Seasons": ["summer"],
    "Phases": [1, 1, 1, 1],
    "RegrowthPhase": -1,
    "HarvestWithScythe": false,
    "TrellisCrop": false,
    "Colors": [
        "177, 124, 204, 255",
        "151, 30, 161, 255",
        "254, 254, 254, 255"
    ],
    "Bonus":
    {
        "MinimumPerHarvest": 1,
        "MaximumPerHarvest": 1,
        "MaxIncreasePerFarmLevel": 5,
        "ExtraChance": 0.0,
    },
    "SeedPurchaseRequirements": null,
    "SeedPurchasePrice": 60,
    "SeedNameLocalization":
    {
        "es": "Semillas de allium",
        "ko": "알리움 씨앗",
        "de": "Kugellauch-Saat",
         // "fr": "",
         // "hu": "",
         // "it": "",
         // "ja": "",
        "pt": "Semente de Alho Ornamental",
         // "ru": "",
         // "tr": "",
        "zh": "青葱种子",
    },
    "SeedDescriptionLocalization":
    {
        "es": "Plántalas en verano. Toma 4 días para producir una flor púrpura.",
        "ko": "여름에 심습니다. 4일후에 공만한 꽃이 핍니다.",
        "de": "Im Sommer pflanzen. Es dauert 4 Tage, um eine lila Puffball-Blume zu produzieren.",
         // "fr": "",
         // "hu": "",
         // "it": "",
         // "ja": "",
        "pt": "Plante-a no verão. Demoram 4 dias para nascer uma flor roxa",
         // "ru": "",
         // "tr": "",
        "zh": "夏天下种。4天后开出紫色的花。",
    }
}