{
    "Name": "Stout",
    "Description": "A dark, roasty porter fermented from barley malt. Drink in moderation.",
    "Category": "ArtisanGoods",
    "Edibility": 6,
    "EdibleIsDrink": true,
    "EdibleBuffs":
    {
        "Farming": 0,
        "Fishing": 0,
        "Mining": 0,
        "Luck": 0,
        "Foraging": 0,
        "MaxStamina": 0,
        "MagnetRadius": 0,
        "Speed": -2,
        "Defense": 0,
        "Attack": 0,
        "Duration": 180,
    },
    "Price": 300,
    "IsColored": false,
    "Recipe": null,
    "GiftTastes":
    {
        "Love": ["Pam", "Shane"],
        "Like": ["Gus"],
        "Neutral": ["Marnie", "Clint", "George", "Sebastian", "Abigail", "Alex", "Caroline", "Demetrius", "Dwarf", "Elliott", "Emily", "Evelyn", "Haley", "Harvey", "Jodi", "Kent", "Krobus", "Leah", "Lewis", "Linus", "Maru", "Pierre", "Robin", "Sam", "Sandy", "Willy", "Wizard"],
        "Dislike": ["Penny"],
        "Hate": ["Vincent", "Jas"]
    },
    "NameLocalization":
    {
        "es": "Stout",
        "ko": "스타우트",
        "de": "Stout",
         // "fr": "",
         // "hu": "",
         // "it": "",
        "ja": "スタウト",
        "pt": "Stout",
        "ru": "Стаут",
         // "tr": "",
        "zh": "烈性啤酒",
    },
    "DescriptionLocalization":
    {
        "es": "Una oscura bebida fermentada, a partir de malta de cebada tostada. Beber con moderación.",
        "ko": "보리 맥아가 검게 될 때까지 볶아 발효시킨 스타우트 포터. 절제해서 드세요.",
        "de": "Ein obergäriges Bier. Genieße es in Maßen.",
         // "fr": "",
         // "hu": "",
         // "it": "",
        "ja": "大麦麦芽を発酵させた色の濃い香ばしいポーター。飲む時はほどほどに。",
        "pt": "Uma bebida escura fermentada a partir do malte torrado de cevada. Beba com moderação!",
        "ru": "Тёмный портер, изготовленныый из сбродившего ячменного солода. Пейте в меру.",
         // "tr": "",
        "zh": "一种由大麦麦芽发酵而成的深色的、酒精浓度高的波特酒。适量饮酒。",
    }
}