{
  "Name": "Potted Poppy",
  "Description": "A poppy potted in a little wooden pot. Remember to water it!",
  "Price": 1,
  "ProvidesLight": false,
  "Recipe": {
    "ResultCount": 1,
    "Ingredients": [
      {
        "Object": 376,
        "Count": 1,
      },
	  {
		  "Object": 388,
		  "Count": 10
	  },
	  {
		  "Object": 330,
		  "Count": 10
	  },
    ],
	  "CanPurchase": false,
  },
  "NameLocalization": { 
    "es": "Amapola en maceta",
    "ko": "실내 화초 양귀비",
    "de": "Eingemachter Mohn",
     // "fr": "",
     // "hu": "",
     // "it": "",
     // "ja": "",
    "pt": "Vaso de Papoula",
     // "ru": "",
     // "tr": "",
    "zh": "罂粟盆栽",
     },
 "DescriptionLocalization": { 
    "es": "Una amapola en una pequeña maceta de madera. ¡Recuerda regarla!",
    "ko": "작은 나무 화분에 심겨진 양귀비 입니다. 물 주는거 잊지마세요!",
    "de": "Eine Mohnblume in einem kleinen Holztopf. Denken Sie daran, es zu gießen!",
     // "fr": "",
     // "hu": "",
     // "it": "",
     // "ja": "",
    "pt": "Uma papoula em um pequeno vaso de madeira. Lembre-se sempre de regá-la!",
     // "ru": "",
     // "tr": "",
    "zh": "一个小木盆里的盆栽。记得给它浇水！",
    }
}
