{
    "Name": "Snakebite",
    "Description": "Don't try to suck out the poison.",
    "Category": "Cooking",
    "Edibility": 37,
    "EdibleIsDrink": true,
    "EdibleBuffs":
    {
        "Farming": 0,
        "Fishing": 0,
        "Mining": 0,
        "Luck": 0,
        "Foraging": 0,
        "MaxStamina": 0,
        "MagnetRadius": 0,
        "Speed": -1,
        "Defense": 0,
        "Attack": 0,
        "Duration": 100,
    },
    "Price": 750,
    "IsColored": false,
    "CanPurchase": true,
    "PurchaseFrom": "Gus",
    "PurchasePrice": 1750,
    "PurchaseRequirements": null,

    "Recipe":
    {
        "ResultCount": 1,
        "Ingredients": [
        {
            "Object": "Stout",
            "Count": 1,
        },
        {
            "Object": "Hard Apple Cider",
            "Count": 1,
        }],
        "CanPurchase": true,
        "PurchaseFrom": "Gus",
        "PurchasePrice": 5750,
        "PurchaseRequirements": null,
    },

    "NameLocalization":
    {
        "es": "Snakebite",
        "ko": "스네이크바이트",
        "de": "Schlangenbiss",
        // "fr": "",
        // "hu": "",
        // "it": "",
        // "ja": "",
        // "pt": "",
        // "ru": "",
        // "tr": "",
        "zh": "蛇之吻",
    },
    "DescriptionLocalization":
    {
        "es": "No trates de chupar el veneno.",
        "ko": "독을 빨아 내려고하지 마세요.",
        "de": ""Versuchen Sie nicht, das Gift auszusaugen.",
        // "fr": "",
        // "hu": "",
        // "it": "",
        // "ja": "",
        // "pt": "",
        // "ru": "",
        // "tr": "",
        "zh": "蛇之吻。不要试图把毒吸出来。",
    }
}
