{
    "Name": "Ramos Gin Fizz",
    "Description": "Rumor has it this drink was shaken for 12 minutes by its creator.",
    "Category": "Cooking",
    "Edibility": 68,
    "EdibleIsDrink": true,
    "EdibleBuffs":
    {
        "Farming": 0,
        "Fishing": 0,
        "Mining": 0,
        "Luck": 0,
        "Foraging": 0,
        "MaxStamina": 0,
        "MagnetRadius": 0,
        "Speed": -1,
        "Defense": 0,
        "Attack": 0,
        "Duration": 100,
    },
    "Price": 950,
    "IsColored": false,
    "CanPurchase": true,
    "PurchaseFrom": "Gus",
    "PurchasePrice": 950,
    "Recipe":
    {
        "ResultCount": 1,
        "Ingredients": [
        {
            "Object": "Seltzer",
            "Count": 1,
        },
        {
            "Object": -5,
            "Count": 1,
        },
        {
            "Object": "Lemon",
            "Count": 1,
        },
        {
            "Object": 635,
            "Count": 1,
        },
        {
            "Object": "Gin",
            "Count": 1,
        }],
        "CanPurchase": true,
        "PurchaseFrom": "Gus",
        "PurchasePrice": 1900,
        "PurchaseRequirements": null,
    },

    "NameLocalization":
    {
        "es": "Ramos Gin Fizz",
        "ko": "라모스 진 피즈",
        "de": "Ramos Gin Fizz",
        // "fr": "",
        // "hu": "",
        // "it": "",
        // "ja": "",
        // "pt": "",
        // "ru": "",
        // "tr": "",
        "zh": "拉莫斯金菲士",
    },
    "DescriptionLocalization":
    {
        "es": "Se rumorea que esta bebida fue agitada durante 12 minutos por su creador.",
        "ko": "이 음료를 12분 동안 셰이킹했다는 소문이 있습니다.",
        "de": "Gerüchten zufolge wurde dieses Getränk von seinem Schöpfer 12 Minuten lang geschüttelt.",
        // "fr": "",
        // "hu": "",
        // "it": "",
        // "ja": "",
        // "pt": "",
        // "ru": "",
        // "tr": "",
        "zh": "拉莫斯金菲士。传言说这种饮料被它的创造者摇了12分钟才创造出来。",
    }
}
