{
    "Name": "Pulque",
    "Description": "A fermented beverage made from maguey. Drink in moderation.",
    "Category": "ArtisanGoods",
    "Edibility": 14,
    "EdibleIsDrink": true,
    "EdibleBuffs":
    {
        "Farming": 0,
        "Fishing": 0,
        "Mining": 0,
        "Luck": 0,
        "Foraging": 0,
        "MaxStamina": 0,
        "MagnetRadius": 0,
        "Speed": -2,
        "Defense": 0,
        "Attack": 0,
        "Duration": 180,
    },
    "Price": 300,
    "IsColored": false,
    "Recipe": null,
    "CanPurchase": true,
    "PurchaseFrom": "Gus",
    "PurchasePrice": 300,
    "PurchaseRequirements": null,
    "GiftTastes":
    {
        "Love": ["Pam", "Shane"],
        "Like": ["Gus"],
        "Neutral": ["Marnie", "Clint", "George", "Sebastian", "Abigail", "Alex", "Caroline", "Demetrius", "Dwarf", "Elliott", "Emily", "Evelyn", "Haley", "Harvey", "Jodi", "Kent", "Krobus", "Leah", "Lewis", "Linus", "Maru", "Pierre", "Robin", "Sam", "Sandy", "Willy", "Wizard"],
        "Dislike": ["Penny"],
        "Hate": ["Vincent", "Jas"]
    },
    "NameLocalization":
    {
        "es": "Pulque",
        "ko": "풀케",
        "de": "Pulque",
         // "fr": "",
         // "hu": "",
         // "it": "",
        "ja": "プルケ",
         // "pt": "",
         // "ru": "",
         // "tr": "",
        "zh": "普奎龙舌兰酒",
    },
    "DescriptionLocalization":
    {
        "es": "Una bebida fermentada hecha de maguey. Beber con moderación.",
        "ko": "용설란으로 만든 발효 음료. 절제해서 드세요.",
        "de": "Ein fermentiertes Getränk aus Maguey. Genieße es in Maßen.",
         // "fr": "",
         // "hu": "",
         // "it": "",
        "ja": "リュウゼツランの葉から作った発酵飲料。飲む時はほどほどに。",
         // "pt": "",
         // "ru": "",
         // "tr": "",
        "zh": "用龙舌兰草的心为原料，经过发酵而制造出的发酵酒类，最早由古代的印第安文明发现，也是所有龙舌兰酒的基础原型。适量饮酒。",
    }
}