{
    "Name": "French 75",
    "Description": "We'll always have Paris.",
    "Category": "Cooking",
    "Edibility": 62,
    "EdibleIsDrink": true,
    "EdibleBuffs":
    {
        "Farming": 0,
        "Fishing": 0,
        "Mining": 0,
        "Luck": 0,
        "Foraging": 0,
        "MaxStamina": 0,
        "MagnetRadius": 0,
        "Speed": -2,
        "Defense": 0,
        "Attack": 1,
        "Duration": 200,
    },
    "Price": 900,
    "IsColored": false,
    "CanPurchase": true,
    "PurchaseFrom": "Gus",
    "PurchasePrice": 1225,
    "Recipe":
    {
        "ResultCount": 1,
        "Ingredients": [
        {
            "Object": "Gin",
            "Count": 1,
        },
        {
            "Object": "Sparkling Wine",
            "Count": 1,
        },
        {
            "Object": "Lemon",
            "Count": 1,
        }],
        "CanPurchase": false,
    },

    "NameLocalization":
    {
        "es": "Francés 75",
        "ko": "프렌치 75",
        "de": "Paris 75",
        // "fr": "",
        // "hu": "",
        // "it": "",
        // "ja": "",
        // "pt": "",
        // "ru": "",
        // "tr": "",
        "zh": "法兰西75",
    },
    "DescriptionLocalization":
    {
        "es": "Siempre tendremos a París.",
        "ko": "우리에겐 파리에서의 추억이 있어요.",
        "de": "Wir haben immer ein Paris",
        // "fr": "",
        // "hu": "",
        // "it": "",
        // "ja": "",
        // "pt": "",
        // "ru": "",
        // "tr": "",
        "zh": "法兰西75。我们将永远拥有巴黎。",
    }
}
