{
    "Name": "Mint Julep",
    "Description": "My, my, I do declare!",
    "Category": "Cooking",
    "Edibility": 34,
    "EdibleIsDrink": true,
    "EdibleBuffs":
    {
        "Farming": 0,
        "Fishing": 0,
        "Mining": 0,
        "Luck": 0,
        "Foraging": 0,
        "MaxStamina": 0,
        "MagnetRadius": 0,
        "Speed": -1,
        "Defense": 0,
        "Attack": 0,
        "Duration": 100,
    },
    "Price": 650,
    "IsColored": false,
    "CanPurchase": true,
    "PurchaseFrom": "Gus",
    "PurchasePrice": 975,
    "Recipe":
    {
        "ResultCount": 1,
        "Ingredients": [
        {
            "Object": 245,
            "Count": 1,
        },
        {
            "Object": "Bourbon",
            "Count": 1,
        },
        {
            "Object": "Mint",
            "Count": 1,
        }],
        "CanPurchase": false,
    },

    "NameLocalization":
    {
        "es": "Julepe de menta",
        "ko": "민트 줄렙",
        "de": "Minz Julep",
        // "fr": "",
        // "hu": "",
        // "it": "",
        // "ja": "",
        // "pt": "",
        // "ru": "",
        // "tr": "",
        "zh": "薄荷茱莉普",
    },
    "DescriptionLocalization":
    {
        "es": "Menta usada justamente.",
        "ko": "이런, 이런, 정말이네!",
        "de": "Meine Güte, ich erkläre es dir!",
        // "fr": "",
        // "hu": "",
        // "it": "",
        // "ja": "",
        // "pt": "",
        // "ru": "",
        // "tr": "",
        "zh": "薄荷茱莉普。我的，我的，我在此声明！",
    }
}
