{
    "Name": "Camellia",
    "Description": "Flowers and leaves taken from the Camellia plant. Used to make tea.",
    "Category": "Flower",
    "Edibility": 18,
    "Price": 50,
    "IsColored": false,
    "Recipe": null,
    "GiftTastes":
    {
        "Love": ["Caroline"],
        "Like": ["Elliott", "Harvey", "Sam", "Emily", "Haley", "Leah", "Penny", "Abigail", "Demetrius", "Evelyn", "Jas", "Jodi", "Kent", "Lewis", "Linus", "Marnie", "Robin", "Sandy"],
        "Neutral": ["Alex", "Shane", "Maru", "Dwarf", "Gus", "Krobus", "Pam", "Pierre", "Vincent", "Willy", "Wizard"],
        "Dislike": ["Sebastian", "Clint", "George"]
    },
    "NameLocalization":
    {
        "es": "Camelia",
        "ko": "카멜리아",
        "de": "Kamelie",
         // "fr": "",
         // "hu": "",
         // "it": "",
         // "ja": "",
        "pt": "Chá-da-Índia",
         // "ru": "",
         // "tr": "",
        "zh": "山茶花",
    },
    "DescriptionLocalization":
    {
        "es": "Flores y hojas tomadas de la planta de camelia. Se utiliza para preparar té.",
        "ko": "카멜리아 식물에서 채취한 꽃과 잎. 차를 끓이곤 한다.",
        "de": "Blüten und Blätter aus der Kamelienpflanze. Zum Zubereiten von Tee.",
         // "fr": "",
         // "hu": "",
         // "it": "",
         // "ja": "",
        "pt": "Flores e folhas retiradas da planta chá-da-índia. Usada para fazer chá.",
         // "ru": "",
         // "tr": "",
        "zh": "从山茶属植物采摘下的花和叶。用于泡茶。",
    },
    "ContextTags": [
    	"season_spring",
    	"season_fall",
    	"color_white",
    	"flower_item"
    ]
}