{
    "Name": "Mojito",
    "Description": "What? They said not to drink the water.",
    "Category": "Cooking",
    "Edibility": 44,
    "EdibleIsDrink": true,
    "EdibleBuffs":
    {
        "Farming": 0,
        "Fishing": 0,
        "Mining": 0,
        "Luck": 2,
        "Foraging": 0,
        "MaxStamina": 0,
        "MagnetRadius": 0,
        "Speed": -1,
        "Defense": 0,
        "Attack": 0,
        "Duration": 300,
    },
    "Price": 650,
    "IsColored": false,
    "CanPurchase": true,
    "PurchaseFrom": "Gus",
    "PurchasePrice": 650,
    "Recipe":
    {
        "ResultCount": 1,
        "Ingredients": [
        {
            "Object": "Club Soda",
            "Count": 1,
        },
        {
            "Object": "Mint",
            "Count": 1,
        },
        {
            "Object": "Lime",
            "Count": 1,
        },
        {
            "Object": "Rum",
            "Count": 1,
        },
        {
            "Object": 245,
            "Count": 1,
        }],
        "CanPurchase": true,
        "PurchaseFrom": "Gus",
        "PurchasePrice": 1490,
        "PurchaseRequirements": null,
    },

    "NameLocalization":
    {
        "es": "Mojito",
        "ko": "모히토",
        "de": "Mojito",
        // "fr": "",
        // "hu": "",
        // "it": "",
        // "ja": "",
        // "pt": "",
        // "ru": "",
        // "tr": "",
        "zh": "莫吉托",
    },
    "DescriptionLocalization":
    {
        "es": "¿Qué? Dijeron que no bebieran el agua.",
        "ko": "네? 물을 마시지 말래요.",
        "de": "Was denn? Sie sagten ich solle das Wasser nicht trinken.",
        // "fr": "",
        // "hu": "",
        // "it": "",
        // "ja": "",
        // "pt": "",
        // "ru": "",
        // "tr": "",
        "zh": "莫吉托。什么，他们说不要喝这杯水？",
    }
}
