{
    "Name": "White Lady",
    "Description": "A mysterious lady dressed in white.",
    "Category": "Cooking",
    "Edibility": 51,
    "EdibleIsDrink": true,
    "EdibleBuffs":
    {
        "Farming": 0,
        "Fishing": 0,
        "Mining": 0,
        "Luck": 0,
        "Foraging": 0,
        "MaxStamina": 0,
        "MagnetRadius": 0,
        "Speed": -1,
        "Defense": 0,
        "Attack": 0,
        "Duration": 100,
    },
    "Price": 650,
    "IsColored": false,
    "CanPurchase": true,
    "PurchaseFrom": "Gus",
    "PurchasePrice": 1650,
    "PurchaseRequirements": null,

    "Recipe":
    {
        "ResultCount": 1,
        "Ingredients": [
        {
            "Object": "Gin",
            "Count": 1,
        },
        {
            "Object": "Lemon",
            "Count": 1,
        },
        {
            "Object": -5,
            "Count": 1,
        }],
        "CanPurchase": true,
        "PurchaseFrom": "Gus",
        "PurchasePrice": 5650,
        "PurchaseRequirements": null,
    },

    "NameLocalization":
    {
        "es": "Dama blanca",
        "ko": "화이트 레이디",
        "de": "Weiße Lady",
        // "fr": "",
        // "hu": "",
        // "it": "",
        // "ja": "",
        // "pt": "",
        // "ru": "",
        // "tr": "",
        "zh": "白色佳人",
    },
    "DescriptionLocalization":
    {
        "es": "Una misteriosa dama vestida de blanco.",
        "ko": "새하얀 드레스를 입은 불가사의한 여인.",
        "de": "Eine mysteriöse Dame in Weiß",
        // "fr": "",
        // "hu": "",
        // "it": "",
        // "ja": "",
        // "pt": "",
        // "ru": "",
        // "tr": "",
        "zh": "白色佳人。一位神秘的白衣女士。",
    }
}
