{
    "Name": "Camellia",
    "Product": "Camellia",
    "SeedName": "Camellia Seeds",
    "SeedDescription": "Grows in spring and fall. Takes 13 days to grow, but can be harvested multiple times.",
    "Type": "Flower",

    "Seasons": ["spring", "fall"],
    "Phases": [1, 2, 3, 4, 3],
    "RegrowthPhase": 3,
    "HarvestWithScythe": false,
    "TrellisCrop": false,
    "Colors": null,
    //["R, G, B, 255","R, G, B, 255","R, G, B, 255"],
    "Bonus":
    {
        "MinimumPerHarvest": 2,
        "MaximumPerHarvest": 3,
        "MaxIncreasePerFarmLevel": 10,
        "ExtraChance": 0.02,
    },
    "SeedPurchaseRequirements": [
        "y 2",
    ],
    "SeedPurchasePrice": 60,
    "SeedNameLocalization":
    {
        "es": "Semillas de camelia",
        "ko": "카멜리아 씨앗",
        "de": "Kamelie-Saat",
         // "fr": "",
         // "hu": "",
         // "it": "",
         // "ja": "",
        "pt": "Semente de Chá-da-Índia",
         // "ru": "",
         // "tr": "",
        "zh": "山茶花种子",
    },
    "SeedDescriptionLocalization":
    {
        "es": "Crece en primavera y otoño. Toma 13 días para madurar, pero puede ser cosechado múltiples veces.",
        "ko": "봄과 가을에 심습니다. 성장하려면 13일이 소요되며, 수확한 후에서 계속 생산됩니다.",
        "de": "Wächst im Frühjahr und Herbst. Das Wachstum dauert 13 Tage, kann aber mehrmals geerntet werden.",
         // "fr": "",
         // "hu": "",
         // "it": "",
         // "ja": "",
        "pt": "Plante-a na primavera e no outono. Demoram 13 dias para nascer, e continuam a produção após a primeira colheita",
         // "ru": "",
         // "tr": "",
        "zh": "春天或秋天下种。 13天成熟，收获之后循环生产。",
    }

}