{
    "Name": "Freesia",
    "Description": "A beautiful flower renowned for its incredible scent.",
    "Category": "Flower",
    "Edibility": 10,
    "Price": 150,
	"IsColored": true,
	"Recipe": null,
	"NameLocalization": { 
    "es": "Fresia",
    "ko": "프리지아",
    "de": "Freesie",
     // "fr": "",
     // "hu": "",
     // "it": "",
     // "ja": "",
    "pt": "Frésia",
     // "ru": "",
     // "tr": "",
    "zh": "小苍兰",
     },
 "DescriptionLocalization": { 
    "es": "Una hermosa flor conocida por su increíble aroma.",
    "ko": "믿을 수 없는 향기로 유명한 아름다운 꽃.",
    "de": "Eine wunderschöne Blume, die für ihren unglaublichen Duft bekannt ist.",
     // "fr": "",
     // "hu": "",
     // "it": "",
     // "ja": "",
    "pt": "Uma bela flor famosa pelo seu incrível perfume.",
     // "ru": "",
     // "tr": "",
    "zh": "一种以其不可思议的香气所闻名的花。",
    },
    "ContextTags": [
    	"color_orange",
    	"season_fall",
    	"flower_item"
    ]
}
