{
    "Name": "Buckwheat Flour",
    "Description": "A cooking ingredient made from crushed buckwheat seeds.",
    "Category": "ArtisanGoods",
    "Edibility": -300,
    "Price": 100,
    "IsColored": false,
    "Recipe": null,
    "GiftTastes":
    {
        "Dislike": ["Abigail", "Alex", "Caroline", "Clint", "Demetrius", "Dwarf", "Elliott", "Emily", "Evelyn", "George", "Gus", "Haley", "Harvey", "Jas", "Jodi", "Kent", "Krobus", "Leah", "Lewis", "Linus", "Marnie", "Maru", "Pam", "Penny", "Pierre", "Robin", "Sam", "Sandy", "Sebastian", "Shane", "Vincent", "Willy", "Wizard"],
    },
    "NameLocalization":
    {
        "es": "Harina de trigo sarraceno",
        "ko": "메밀가루",
        "de": "Buchweizenmehl",
         // "fr": "",
         // "hu": "",
         // "it": "",
        "ja": "そば粉",
        "pt": "Farinha de Trigo Sarraceno",
        "ru": "Гречневая мука",
         // "tr": "",
        "zh": "荞麦粉",
    },
    "DescriptionLocalization":
    {
        "es": "Un ingrediente para cocinar hecho de semillas de trigo sarraceno trituradas.",
        "ko": "으깬 메밀 씨앗으로 만든 요리 재료.",
        "de": "Ein Kochzutat aus zerkleinerten Buchweizensamen.",
         // "fr": "",
         // "hu": "",
         // "it": "",
        "ja": "ソバの実を粉砕して作った料理材料。",
        "pt": "Um ingrediente de cozinha feito de sementes de trigo sarraceno trituradas.",
        "ru": "Кулинарный ингредиент, изготовленный из измёльченных семян гречихи.",
         // "tr": "",
        "zh": "一种用荞麦种子制成的烹饪原料。",
    }
}