{
    "Name": "Neapolitan Ice Cream",
    "Description": "Three flavors in one!",
    "Category": "ArtisanGoods",
    "Edibility": 52,
    "Price": 350,
    "IsColored": false,
    "GiftTastes":
    {
        "Love": ["Vincent", "Jas", "Haley", "Demetrius"],
        "Like": ["Evelyn", "Caroline", "Jodi", "Linus", "Penny", "Sandy", "Clint", "George", "Abigail", "Alex", "Dwarf", "Elliott", "Gus", "Harvey", "Kent", "Lewis", "Maru", "Pam", "Pierre", "Robin", "Sam", "Sebastian", "Shane", "Wizard", "Marnie"],
        "Dislike": ["Emily", "Leah", "Krobus", "Willy"],
    },
    "Recipe": null,
    "NameLocalization":
    {
        "es": "Helado napolitano",
        "ko": "나폴리탄 아이스크림",
        "de": "Neapolitanische Eiscreme",
         // "fr": "",
         // "hu": "",
         // "it": "",
        "ja": "ナポリタンアイスクリーム",
         // "pt": "",
         // "ru": "",
         // "tr": "",
        "zh": "三色冰淇淋",
    },
    "DescriptionLocalization":
    {
        "es": "¡Tres sabores en uno!",
        "ko": "한 번에 세가지 맛!",
        "de": "Drei Geschmacksrichtungen in einem!",
         // "fr": "",
         // "hu": "",
         // "it": "",
        "ja": "3つのフレーバーを1つに！",
         // "pt": "",
         // "ru": "",
         // "tr": "",
        "zh": "三种口味在一个冰淇淋上面",
    }
}