{
    "Name": "Serrano Extract",
    "Description": "This liquid has been extracted from a pepper.",
    "Category": "ArtisanGoods",
    "Edibility": -300,
    "Price": 375,
    "IsColored": false,
    "Recipe": null,
    "GiftTastes":
    {
        "Love": ["Krobus", "Shane"],
        "Like": ["Abigail", "George", "Kent", "Sam", "Sandy"],
        "Neutral": ["Alex", "Clint", "Demetrius", "Dwarf", "Emily", "Gus", "Leah", "Linus", "Marnie", "Maru", "Pam", "Penny", "Robin", "Sebastian", "Willy", "Wizard"],
        "Dislike": ["Caroline", "Elliott", "Haley", "Harvey", "Jodi", "Lewis"],
        "Hate": ["Evelyn", "Jas", "Pierre", "Vincent"],
    },
    "NameLocalization":
    {
        "es": "Extracto de serrano",
        "ko": "세라노 추출액",
        "de": "Serrano-Extrakt",
         // "fr": "",
         // "hu": "",
         // "it": "",
        "ja": "チリセラーノエキス",
         // "pt": "",
         // "ru": "",
         // "tr": "",
        "zh": "塞拉诺高山椒提取液",
    },
    "DescriptionLocalization":
    {
        "es": "Este líquido ha sido extraído de un pimiento.",
        "ko": "고추에서 추출됐습니다.",
        "de": "Diese Flüssigkeit wurde aus Serrano extrahiert.",
         // "fr": "",
         // "hu": "",
         // "it": "",
        "ja": "トウガラシから抽出された液体。",
         // "pt": "",
         // "ru": "",
         // "tr": "",
        "zh": "这种液体是从墨西哥的塞拉诺高山椒中提取出来的。",
    }
}