{
  "Name": "Potted Magnolia",
  "Description": "A tiny, ornamental magnolia tree potted in a little wooden pot. Remember to water it!",
  "Price": 1,
  "ProvidesLight": false,
  "Recipe": {
    "ResultCount": 1,
    "Ingredients": [
      {
		  "Object": "Magnolia",
		  "Count": 1,
      },
      {
		  "Object": 388,
		  "Count": 10,
      },
	  {
		  "Object": 330,
		  "Count": 10,
	  },
    ],
	"CanPurchase": false,
  },
  "NameLocalization": { 
    "es": "Magnolia en maceta",
    "ko": "실내 화초 목련",
    "de": "Eingemachte Magnolie",
     // "fr": "",
     // "hu": "",
     // "it": "",
     // "ja": "",
    "pt": "Vaso de Magnólia",
     // "ru": "",
     // "tr": "",
    "zh": "木兰花盆栽",
     },
 "DescriptionLocalization": { 
    "es": "Un pequeño árbol de magnolia ornamental en una maceta de madera. ¡Recuerda regarla!",
    "ko": "작은 나무 화분에 심겨진 정말로 작은 장식용 목련 입니다. 물 주는거 잊지마세요!",
    "de": "Ein kleiner, dekorativer Magnolienbaum in einem kleinen Holztopf. Denken Sie daran, es zu gießen!",
     // "fr": "",
     // "hu": "",
     // "it": "",
     // "ja": "",
    "pt": "Um pequeno arbusto de magnólia, em um pequeno vaso de madeira. Lembre-se sempre de regá-lo",
     // "ru": "",
     // "tr": "",
    "zh": "一个小木盆里的木兰花盆栽。记得给它浇水！",
    }
}
