﻿{
    "Name": "Ancient Fern",
    "Product": "Ancient Fern",
    "SeedName": "Ancient Fern Seeds",
    "SeedDescription": "Plant in spring, summer or fall to grow an ancient fern. Takes 30 days to mature, and keeps producing after the first harvest.",
    "Type": "Flower",
    "Seasons": ["spring", "summer", "fall"],
    "Phases": [5, 7, 8, 10, 4],
    "RegrowthPhase": 3,
    "HarvestWithScythe": false,
    "TrellisCrop": false,
    "Colors": null,
    "Bonus":
    {
        "MinimumPerHarvest": 1,
        "MaximumPerHarvest": 1,
        "MaxIncreasePerFarmLevel": 10,
        "ExtraChance": 0.0
    },
    "CanPurchase": true,
	"SeedPurchasePrice": 400,
	"SeedPurchaseFrom": "DONTSELLTHISATNPC",
    "SeedPurchaseRequirements": null,
    "SeedNameLocalization":
    {
        "es": "Semillas de Helecho Antiguas",
        "ko": "고대 고사리 씨앗",
        "de": "Alter Farnsamen",
        "fr": "Graines De Fougère Ancienne",
        //"hu": "",
        //"it": "",
        "ja": "古代のシダの種",
        "pt": "Sementes Antigas de Samambaia",
        "ru": "Семена древнего папоротника",
        //"tr": "",
        "zh": "远古蕨种子"
    },
    "SeedDescriptionLocalization":
    {
        "es": "Plantalo en primavera, verano u otoño para cultivar un helecho antiguo. Tarda 30 días en madurar y continúa produciendo luego de la primer cosecha.",
        "ko": "봄, 여름, 또는 가을 작물. 성장하려면 30일 소요되며, 수확한 후에도 계속 작물이 생산됩니다.",
        "de": "Pflanze dies im Frühling, Sommer oder Herbst, um einen alten Farn zu züchten. Die Reifung dauert 30 Tage und wird nach der ersten Ernte weiter produziert.",
        "fr": "À planter au printemps, en été ou en automne pour faire pousser une fougère ancienne. Prends 30 jours pour murir et continue de produire après la première récolte.",
        //"hu": "",
        //"it": "",
        "ja": "春、夏、秋植えの植物。そだつのに30日かかり、その後もくり返し収穫できる。",
        "pt": "Plante-as na primavera, verão ou outono para cultivar uma samambaia antiga. Leva 30 dias para amadurecer e continua produzindo depois da primeira colheita.",
        "ru": "Сажайте весной, летом или осенью, чтобы вырастить древний папоротник. Вырастает через 30 дней и продолжает давать урожай после первого сбора.",
        //"tr": "",
        "zh": "在春天、夏天或秋天种植一种古老的蕨类植物。成熟需要30天，并在第一次收获后继续生产。"
    },
    "ContextTags": [
        "season_spring",
        "season_summer",
        "season_fall",
        "seed_item"
    ]
}
