{
    "Name": "Mimosa",
    "Description": "Here's my advice: have a little faith and, if that doesn't work, have a lot of mimosas.",
    "Category": "Cooking",
    "Edibility": 44,
    "EdibleIsDrink": true,
    "EdibleBuffs":
    {
        "Farming": 0,
        "Fishing": 0,
        "Mining": 0,
        "Luck": 0,
        "Foraging": 0,
        "MaxStamina": 0,
        "MagnetRadius": 0,
        "Speed": -2,
        "Defense": 0,
        "Attack": 0,
        "Duration": 100,
    },
    "Price": 550,
    "IsColored": false,
    "CanPurchase": true,
    "PurchaseFrom": "Gus",
    "PurchasePrice": 875,
    "Recipe":
    {
        "ResultCount": 1,
        "Ingredients": [
        {
            "Object": "Sparkling Wine",
            "Count": 1,
        },
        {
            "Object": 635,
            "Count": 1,
        }],
        "CanPurchase": true,
        "PurchaseFrom": "Gus",
        "PurchasePrice": 3550,
        "PurchaseRequirements": null,
    },

    "NameLocalization":
    {
        "es": "Mimosa",
        "ko": "미모사",
        "de": "Mimosa",
        // "fr": "",
        // "hu": "",
        // "it": "",
        // "ja": "",
        // "pt": "",
        // "ru": "",
        // "tr": "",
        "zh": "含羞草",
    },
    "DescriptionLocalization":
    {
        "es": "Aquí está mi consejo: ten un poco de fe y, si eso no funciona, ten muchas mimosas.",
        "ko": "조언을 해줄게요: 일단 믿음을 가지세요, 그리고 만약 잘 안된다면, 미모사를 많이 드세요.",
        "de": "Hier ist mein Rat: Habe ein wenig Vertrauen und, wenn das nicht funktioniert, eine Menge Mimosen.",
        // "fr": "",
        // "hu": "",
        // "it": "",
        // "ja": "",
        // "pt": "",
        // "ru": "",
        // "tr": "",
        "zh": "含羞草。这是我的忠告：人要有一点信念，如果不这样的话，那可能会需要很多害羞草。",
    }
}
