{
    "Name": "Bourbon",
    "Description": "A spirit made from corn and aged in barrels. Drink in moderation.",
    "Category": "ArtisanGoods",
    "Edibility": 10,
    "EdibleIsDrink": true,
    "EdibleBuffs":
    {
        "Farming": 0,
        "Fishing": 0,
        "Mining": 0,
        "Luck": 0,
        "Foraging": 0,
        "MaxStamina": 0,
        "MagnetRadius": 0,
        "Speed": -2,
        "Defense": 0,
        "Attack": 0,
        "Duration": 180,
    },
    "Price": 300,
    "IsColored": false,
    "Recipe": null,
    "GiftTastes":
    {
        "Love": ["Pam", "Shane"],
        "Like": ["Gus"],
        "Neutral": ["Marnie", "Clint", "George", "Sebastian", "Abigail", "Alex", "Caroline", "Demetrius", "Dwarf", "Elliott", "Emily", "Evelyn", "Haley", "Harvey", "Jodi", "Kent", "Krobus", "Leah", "Lewis", "Linus", "Maru", "Pierre", "Robin", "Sam", "Sandy", "Willy", "Wizard"],
        "Dislike": ["Penny"],
        "Hate": ["Vincent", "Jas"]
    },
    "NameLocalization":
    {
        "es": "Borbón",
        "ko": "버번",
        "de": "Bourbon",
         // "fr": "",
         // "hu": "",
         // "it": "",
        "ja": "バーボン",
         // "pt": "",
         // "ru": "",
         // "tr": "",
        "zh": "波本威士忌",
    },
    "DescriptionLocalization":
    {
        "es": "Un destilado de maíz envejecido en barriles. Beber con moderación.",
        "ko": "옥수수를 증류한 후 숙성시켜 만든 술. 절제해서 드세요.",
        "de": "Ein Schnaps aus Mais und in Fässern gereift. Genieße ihn in Maßen.",
         // "fr": "",
         // "hu": "",
         // "it": "",
        "ja": "トウモロコシから作ったスピリットをタルで熟成させたもの。飲む時はほどほどに。",
         // "pt": "",
         // "ru": "",
         // "tr": "",
        "zh": "一种以玉米麦芽为原料的桶装陈酿酒。适量饮酒。",
    }
}