{
  "Name": "White Kombucha",
  "Description": "A standard Kombucha made with White Tea.",
  "Category": "ArtisanGoods",
  "Edibility": 18,
  "EdibleIsDrink": true,
  "Price": 390,
  "IsColored": false,
  "Recipe": null,
  "GiftTastes": {
	"Love": ["Sebastian"],
	"Like": ["Abigail", "Alex", "Caroline", "Clint", "Demetrius", "Dwarf", "Elliott", "Emily", "Evelyn", "George", "Gus", "Haley", "Harvey", "Jodi", "Kent", "Krobus", "Leah", "Lewis", "Linus", "Marnie", "Maru", "Pam", "Penny", "Pierre", "Robin", "Sam", "Sandy", "Shane", "Willy", "Wizard"],
	"Dislike": ["Jas", "Vincent"],
	},
  "NameLocalization":
    {
         "es": "Kombucha blanco",
        "ko": "화이트 콤부차",
        "de": "White Kombucha",
         // "fr": "",
         // "hu": "",
         // "it": "",
        "ja": "白茶コンブチャ",
         // "pt": "",
         // "ru": "",
         // "tr": "",
        "zh": "白康普茶",
    },
    "DescriptionLocalization":
    {
         "es": "Un kombucha estándar hecho con té blanco.",
        "ko": "백차로 만든 표준 콤부차.",
        "de": "Ein Standard-Kombucha mit weißem Tee.",
         // "fr": "",
         // "hu": "",
         // "it": "",
        "ja": "白茶で作った標準的なコンブチャ。",
         // "pt": "",
         // "ru": "",
         // "tr": "",
        "zh": "用白茶制成的普通康普茶。",
    }
}
