{
    "Name": "Ground Herb",
    "Description": "A jar of ground herbs.",
    "Category": "ArtisanGoods",
    "Edibility": -300,
    "Price": 150,
    "IsColored": false,
    "Recipe": null,
    "GiftTastes":
    {
        "Dislike": ["Abigail", "Alex", "Caroline", "Clint", "Demetrius", "Dwarf", "Elliott", "Emily", "Evelyn", "George", "Gus", "Haley", "Harvey", "Jas", "Jodi", "Kent", "Krobus", "Leah", "Lewis", "Linus", "Marnie", "Maru", "Pam", "Penny", "Pierre", "Robin", "Sam", "Sandy", "Sebastian", "Shane", "Vincent", "Willy", "Wizard"],
    },
    "NameLocalization":
    {
        "es": "Hierbas molidas",
        "ko": "허브 가루",
        "de": "Gemahlene Kräuter",
         // "fr": "",
         // "hu": "",
         // "it": "",
        "ja": "粉末ハーブ",
         // "pt": "",
         // "ru": "",
         // "tr": "",
        "zh": "草药粉",
    },
    "DescriptionLocalization":
    {
        "es": "Un frasco de hierbas molidas.",
        "ko": "허브 가루 한 병.",
        "de": "Ein Glas voll gemahlener Kräuter.",
         // "fr": "",
         // "hu": "",
         // "it": "",
        "ja": "すりおろしたハーブのビン詰め。",
         // "pt": "",
         // "ru": "",
         // "tr": "",
        "zh": "一罐草药粉。",
    }
}