[
    {
        "Id": "ppja.chamomileseeds", 
        "Text": "亲爱的@，^^ 这是我放在后面的小花园里的一些种子。你可能已经有一些了，但它们用来做茶很棒。^^  -卡洛琳", 
        "Attachments": [{"Type": "Object", "Name":"Chamomile Seeds", "Stack": 5},],         
        "Repeatable": false,         
        "Date": "24 winter Y1", 
        "Seasons":  ["winter"], 
        /*"SkillConditions": 
        [
            { "SkillName": "Farming", "SkillLevel": 1 }
        ]*/
    },
    {
        "Id": "ppja.fairydusterseeds", 
        "Text": "来自卡利科沙漠的问候！^ 快来看我吧，@，我在这里真的很无聊:( 我把我最喜欢的一种花的种子附在信里。你可以亲自来感谢我！^^  -桑迪", 
        "Attachments": [{"Type": "Object", "Name":"Fairy Duster Pod", "Stack": 5},],         
        "Repeatable": false,         
        "Date": "7 fall Y2", 
        "Seasons":  ["fall"], 
        "FriendshipConditions":
        [
            { "NpcName": "Sandy", "FriendshipLevel": 4 }
        ],
    },
    {
        "Id": "ppja.honeysucklestarter", 
        "Text": "早上好@，^^ 玛妮上周来过，给了我这些种子。我想你会比我更能利用它们。明年春天你一定要多摘些来给我种。^^  -莉亚", 
        "Attachments": [{"Type": "Object", "Name":"Honeysuckle Starter", "Stack": 5},],         
        "Repeatable": false,         
        "Date": "6 summer Y1", 
        "Seasons":  ["summer"], 
    },
    {
        "Id": "ppja.herballavenderseeds", 
        "Text": "早上好@，^^ 感谢您为我们小镇所做的一切。”请接受这个礼物，以表示我的谢意。我希望你能在农场里找到一个阳光充足的地方把它种下去。^^  -潘妮", 
        "Attachments": [{"Type": "Object", "Name":"Herbal Lavender Seeds", "Stack": 5},],         
        "Repeatable": false,         
        "Date": "4 summer Y2", 
        "Seasons":  ["summer"], 
        "FriendshipConditions":
        [
            { "NpcName": "Penny", "FriendshipLevel": 8 }
        ],
    },
    {
        "Id": "ppja.fragrantlilacseeds", 
        "Text": "@，^^我梦见我给了你这个。^ 我不知道这意味着什么，但也许你知道？^^  -艾米丽", 
        "Attachments": [{"Type": "Object", "Name":"Fragrant Lilac Pod", "Stack": 5},],         
        "Repeatable": false,         
        "Date": "19 spring Y2", 
        "Seasons":  ["spring"], 
        "FriendshipConditions":
        [
            { "NpcName": "Emily", "FriendshipLevel": 6 }
        ],
    },
    {
        "Id": "ppja.passionflowerseeds", 
        "Text": "早上好@,^^ 这些种子不是矿石，但这些迟早会派上用场。无论你什么时候有空，都可以来商店拜访我。^^  -克林特", 
        "Attachments": [{"Type": "Object", "Name":"Passion Flower Seeds", "Stack": 5},],         
        "Repeatable": false,         
        "Date": "26 spring Y2", 
        "Seasons":  ["spring"], 
        "FriendshipConditions":
        [
            { "NpcName": "Clint", "FriendshipLevel": 6 }
        ],
    },
    {
        "Id": "ppja.pitcherplantstarter", 
        "Text": "嘿 @,^^  爸爸不让我在家里种这种植物。你能给我带一个来，让我说服他研究一下吗?^^  -玛鲁", 
        "Attachments": [{"Type": "Object", "Name":"Pitcher Plant Starter", "Stack": 1},],         
        "Repeatable": false,         
        "Date": "5 fall Y4", 
        "Seasons":  ["fall"], 
        "FriendshipConditions":
        [
            { "NpcName": "Maru", "FriendshipLevel": 5 }
        ],
    },
    {
        "Id": "ppja.rafflesiaseeds", 
        "Text": "亲爱的 @，^^  前几天我在实地调研时获得了这些种子。我把它附在信封里，有什么发现请随时与我分享。^^ -德米特里厄斯", 
        "Attachments": [{"Type": "Object", "Name":"Rafflesia Seeds", "Stack": 1},],         
        "Repeatable": false,         
        "Date": "3 summer Y4", 
        "Seasons":  ["summer"], 
        "FriendshipConditions":
        [
            { "NpcName": "Demetrius", "FriendshipLevel": 6 }
        ],
    },
    {
        "Id": "ppja.rosestarter", 
        "Text": "@，^^  你能为我种一些这种花吗？它们是我最喜欢的品种，因为它们几乎和我一样漂亮。 ^^ -海莉", 
        "Attachments": [{"Type": "Object", "Name":"Rose Starter", "Stack": 5},],         
        "Repeatable": false,         
        "Date": "12 summer Y1", 
        "Seasons":  ["summer"], 
    },
]