{
    "Name": "Jasmine Tree",
    "Product": "Jasmine",
    "SaplingName": "Jasmine Sapling",
    "SaplingDescription": "Takes 28 days to produce a mature Jasmine tree. Bears flowers in the fall. Only grows if the 8 surrounding \"tiles\" are empty.",

    "Season": "fall",

    "SaplingPurchasePrice": 2500,
    "SaplingPurchaseRequirements": null,
    "SaplingNameLocalization": { 
    "es": "Brote de jazmín",
    "ko": "자스민 묘목",
    "de": "Jasmin Bäumchen (Sapling)",
     // "fr": "",
     // "hu": "",
     // "it": "",
     // "ja": "",
    "pt": "Muda de Jasmim",
     // "ru": "",
     // "tr": "",
    "zh": "茉莉树苗Sapling",
    },
"SaplingDescriptionLocalization": { 
    "es": "Toma 28 días para producir un árbol de jazmín maduro. Da fruto en otoño. Solo crece si las 8 casillas circundantes están vacías.",
    "ko": "28일후에 성목이 됩니다. 가을에 꽃이 핍니다. 주변 8칸이 비어있어야 자랍니다.",
    "de": "Die Herstellung eines ausgewachsenen Jasminbaums dauert 28 Tage. Trägt Blumen im Herbst. Wächst nur, wenn die 8 umgebenden 'Kacheln' leer sind.",
     // "fr": "",
     // "hu": "",
     // "it": "",
     // "ja": "",
    "pt": "Demora até 28 dias para produzir uma jasmim madura. Dá flores no outono. Só cresce se os 8 espaços adjacentes estiverem vazios.",
     // "ru": "",
     // "tr": "",
    "zh": "28天成熟为成年茉莉花树。秋天开花。只有在附近8块地块都空置的情况下才会成长。",
    }
}
