{
    "Name": "Cappuccino",
    "Description": "The foamed milk creates a lovely pattern on the surface.",
    "Category": "ArtisanGoods",
    "Edibility": 30,
    "EdibleIsDrink": true,
    "EdibleBuffs":
    {
        "Farming": 0,
        "Fishing": 0,
        "Mining": 0,
        "Luck": 0,
        "Foraging": 0,
        "MaxStamina": 0,
        "MagnetRadius": 0,
        "Speed": 1,
        "Defense": 0,
        "Attack": 0,
        "Duration": 180,
    },
    "Price": 500,
    "IsColored": false,
    "Recipe": null,
    "NameLocalization":
    {
        "es": "Capuchino",
        "ko": "카푸치노",
        "de": "Cappuccino",
         // "fr": "",
         // "hu": "",
         // "it": "",
        "ja": "カプチーノ",
        "pt": "Capuccino",
        "ru": "Капучино",
         // "tr": "",
        "zh": "卡布奇诺咖啡",
    },
    "DescriptionLocalization":
    {
        "es": "La leche espumada crea un patrón encantador en la superficie.",
        "ko": "거품을 낸 우유는 커피 위에 사랑스러운 무늬를 만들어 냅니다.",
        "de": "Die geschäumte Milch erzeugt ein schönes Muster auf der Oberfläche.",
         // "fr": "",
         // "hu": "",
         // "it": "",
        "ja": "泡立てたミルクで表面に美しい模様を描きます。",
        "pt": "O leite espumado cria um padrão encantador na superfície.",
        "ru": "Вспененное молоко создает прекрасный рисунок на поверхности.",
         // "tr": "",
        "zh": "泡沫牛奶在咖啡表面形成漂亮的图案。",
    }
}