{
    "Name": "Margarita",
    "Description": "One margarita, two margarita, three margarita, floor!",
    "Category": "Cooking",
    "Edibility": 33,
    "EdibleIsDrink": true,
    "EdibleBuffs":
    {
        "Farming": 0,
        "Fishing": 0,
        "Mining": 0,
        "Luck": 0,
        "Foraging": 0,
        "MaxStamina": 0,
        "MagnetRadius": 0,
        "Speed": -1,
        "Defense": 0,
        "Attack": 0,
        "Duration": 100,
    },
    "Price": 600,
    "IsColored": false,
    "CanPurchase": true,
    "PurchaseFrom": "Gus",
    "PurchasePrice": 925,
    "Recipe":
    {
        "ResultCount": 1,
        "Ingredients": [
        {
            "Object": "Tequila",
            "Count": 1,
        },
        {
            "Object": "Lime",
            "Count": 1,
        }],
        "CanPurchase": true,
        "PurchaseFrom": "Gus",
        "PurchasePrice": 5600,
        "PurchaseRequirements": null,
    },

    "NameLocalization":
    {
        "es": "Cóctel Margarita",
        "ko": "마르가리타",
        "de": "Margarita",
        // "fr": "",
        // "hu": "",
        // "it": "",
        // "ja": "",
        // "pt": "",
        // "ru": "",
        // "tr": "",
        "zh": "玛格丽特",
    },
    "DescriptionLocalization":
    {
        "es": "Una margarita, dos margarita, tres margarita, ¡al piso!",
        "ko": "마르가리타 한잔, 마르가리타 두잔, 마르가리타 세잔, 바닥!",
        "de": "Eine Margarita, zwei Margarita, drei Margarita, Boden!",
        // "fr": "",
        // "hu": "",
        // "it": "",
        // "ja": "",
        // "pt": "",
        // "ru": "",
        // "tr": "",
        "zh": "玛格丽特。一杯玛格丽塔，两杯玛格丽塔，三杯玛格丽特，倒！",
    }
}
