{
    "Name": "Bitter",
    "Description": "Commonly used in alcoholic drinks. Made from flowers.",
    "Category": "ArtisanGoods",
    "Edibility": 5,
    "EdibleIsDrink": true,
    "EdibleBuffs":
    {
        "Farming": 0,
        "Fishing": 0,
        "Mining": 0,
        "Luck": 0,
        "Foraging": 0,
        "MaxStamina": 0,
        "MagnetRadius": 0,
        "Speed": -2,
        "Defense": 0,
        "Attack": 0,
        "Duration": 180,
    },
    "Price": 405,
    "IsColored": true,
    "Recipe": null,
    "CanPurchase": true,
    "PurchaseFrom": "Gus",
    "PurchasePrice": 120,
    "PurchaseRequirements": null,
    "GiftTastes":
    {
        "Love": ["Pam", "Shane"],
        "Like": ["Gus"],
        "Neutral": ["Marnie", "Clint", "George", "Sebastian", "Abigail", "Alex", "Caroline", "Demetrius", "Dwarf", "Elliott", "Emily", "Evelyn", "Haley", "Harvey", "Jodi", "Kent", "Krobus", "Leah", "Lewis", "Linus", "Maru", "Pierre", "Robin", "Sam", "Sandy", "Willy", "Wizard"],
        "Dislike": ["Penny"],
        "Hate": ["Vincent", "Jas"]
    },
    "NameLocalization":
    {
        "es": "Bitter",
        "ko": "비터",
        "de": "Bitter",
        // "fr": "",
        // "hu": "",
        // "it": "",
        "ja": "ビターズ",
        "pt": "Bitter",
        "ru": "Биттер",
        // "tr": "",
        "zh": "苦啤酒",
    },
    "DescriptionLocalization":
    {
        "es": "Comúnmente utilizado en bebidas alcohólicas. Hecho de flores.",
        "ko": "주로 다른 음료를 만드는 데 재료로 사용됩니다. 꽃으로 만듭니다.",
        "de": "Häufig in alkoholischen Getränken genutzt. Hergestellt aus Blumen.",
        // "fr": "",
        // "hu": "",
        // "it": "",
        "ja": "アルコール飲料に足して使う。花から作られている。",
        "pt": "Geralmente usado em bebidas alcóolicas. Beba com moderação.",
        "ru": "Крепкий алкогольный напиток. Сделан из цветов.",
        // "tr": "",
        "zh": "一种用啤酒花酿成的苦味酒精饮料。",
    }
}