{
    "Name": "Candle",
    "Description": "A flower scented candle.",
    "Category": "ArtisanGoods",
    "Edibility": -300,
    "Price": 200,
    "IsColored": false,
    "Recipe": null,
    "GiftTastes":
    {
        "Love": ["Emily", "Sandy"],
        "Like": ["Evelyn", "Caroline", "Jodi", "Linus", "Penny"],
        "Neutral": ["Clint", "George", "Sebastian", "Abigail", "Alex", "Demetrius", "Dwarf", "Elliott", "Gus", "Haley", "Harvey", "Jas", "Kent", "Krobus", "Leah", "Lewis", "Maru", "Pam", "Pierre", "Robin", "Sam", "Shane", "Vincent", "Willy", "Wizard", "Marnie"],
    },
    "NameLocalization":
    {
        "es": "Candela",
        "ko": "양초",
        "de": "Kerze",
         // "fr": "",
         // "hu": "",
         // "it": "",
        "ja": "ろうそく",
         // "pt": "",
         // "ru": "",
         // "tr": "",
        "zh": "蜡烛",
    },
    "DescriptionLocalization":
    {
        "es": "Una vela con aroma a flor.",
        "ko": "꽃내음 나는 양초",
        "de": "Eine nach Blumen riechende Duftkerze.",
         // "fr": "",
         // "hu": "",
         // "it": "",
        "ja": "花の香りがするろうそく。",
         // "pt": "",
         // "ru": "",
         // "tr": "",
        "zh": "有花香味的蜡烛。",
    }
}