{
    "Name": "Strawberry Grapefruit Kombucha",
    "Description": "A flavorful sparkling fruit-blend.",
    "Category": "ArtisanGoods",
    "Edibility": 42,
    "Price": 2000,
    "IsColored": false,
    "Recipe": null,
    "GiftTastes":
    {
        "Love": ["Sebastian", "Demetrius", "Maru", "Robin", "Elliott", "Harvey", "Jodi", "Kent", "Leah", "Linus", "Pam", "Sandy", "Shane"],
        "Like": ["Alex", "Caroline", "Clint", "Demetrius", "Dwarf", "Emily", "Evelyn", "George", "Gus", "Krobus", "Lewis", "Marnie", "Maru", "Penny", "Pierre", "Sam", "Willy", "Wizard"],
        "Neutral": ["Abigail", "Haley", "Jas", "Vincent"],
    },
    "NameLocalization":
    {
        "es": "Kombucha de pomelo de fresa",
        "ko": "딸기 자몽 콤부차",
        "de": "Erdbeer-Grapefruit-Kombucha",
        // "fr": "",
        // "hu": "",
        // "it": "",
       "ja": "イチゴグレープフルーツコンブチャ",
        // "pt": "",
        // "ru": "",
        // "tr": "",
        "zh": "草莓西柚康普茶",
    },
    "DescriptionLocalization":
    {
        "es": "Una sabrosa mezcla de frutas espumosas.",
        "ko": "향긋한 스파클링 과일 블렌드.",
        "de": "Eine würzige Fruchtmischung.",
        // "fr": "",
        // "hu": "",
        // "it": "",
       "ja": "風味豊かなフルーツブレンド。",
        // "pt": "",
        // "ru": "",
        // "tr": "",
        "zh": "一种可口的水果混合饮料。",
    }
}