{
    "Name": "Hard Apple Cider",
    "Description": "A crisp, dry beverage fermented from apples. Drink in moderation.",
    "Category": "ArtisanGoods",
    "Edibility": 28,
    "EdibleIsDrink": true,
    "EdibleBuffs":
    {
        "Farming": 0,
        "Fishing": 0,
        "Mining": 0,
        "Luck": 0,
        "Foraging": 0,
        "MaxStamina": 0,
        "MagnetRadius": 0,
        "Speed": -2,
        "Defense": 0,
        "Attack": 0,
        "Duration": 180,
    },
    "Price": 300,
    "IsColored": false,
    "Recipe": null,
    "GiftTastes":
    {
        "Love": ["Pam", "Shane"],
        "Like": ["Gus"],
        "Neutral": ["Marnie", "Clint", "George", "Sebastian", "Abigail", "Alex", "Caroline", "Demetrius", "Dwarf", "Elliott", "Emily", "Evelyn", "Haley", "Harvey", "Jodi", "Kent", "Krobus", "Leah", "Lewis", "Linus", "Maru", "Pierre", "Robin", "Sam", "Sandy", "Willy", "Wizard"],
        "Dislike": ["Penny"],
        "Hate": ["Vincent", "Jas"]
    },
    "NameLocalization":
    {
        "es": "Sidra fuerte de manzana",
        "ko": "발효 애플 사이다",
        "de": "Trockener Apfelwein",
         // "fr": "",
         // "hu": "",
         // "it": "",
        "ja": "ハードアップルサイダー",
        "pt": "Cidra Forte de Maçã",
        "ru": "Крепкий сидр",
         // "tr": "",
        "zh": "浓苹果酒",
    },
    "DescriptionLocalization":
    {
        "es": "Una bebida crujiente y seca fermentada a partir de manzanas. Beber con moderación.",
        "ko": "사과를 발효시켜 만든 음료. 절제해서 드세요.",
        "de": "Ein knackiges, trockenes Getränk, das aus Äpfeln vergoren wird. In Maßen trinken.",
         // "fr": "",
         // "hu": "",
         // "it": "",
        "ja": "リンゴを発酵させて作った炭酸酒。飲む時はほどほどに。",
        "pt": "Uma bebida crocante e seca fermentada a partir de maçãs. Beba com moderação!",
        "ru": "Бодрящий напиток, приготовленный из сбродивших ягод. Пейте в меру",
         // "tr": "",
        "zh": "一种由苹果发酵而成的新鲜、清爽的酒。适量饮用。",
    }
}