{
    "Name": "Holly Decorated Cookie",
    "Description": "It only took a few hours to decorate, but now you have a beautifully decorated cookie.",
    "Category": "Cooking",
    "Edibility": 48,
    "EdibleIsDrink": false,
    "EdibleBuffs": null,
    "Price": 500,
    "IsColored": false,
    "Recipe":
    {
        "ResultCount": 1,
        "Ingredients": [
        {
            "Object": 283,
            "Count": 1,
        },
        {
            "Object": 245,
            "Count": 1,
        },
        {
            "Object": -5,
            "Count": 1,
        },
        {
            "Object": 246,
            "Count": 1,
        }, ],
        "IsDefault": true,
    },
    "GiftTastes":
    {
        "Love": ["Abigail", "Haley", "Maru", "Sebastian"],
        "Like": ["Alex", "Caroline", "Clint", "Demetrius", "Dwarf", "Elliott", "George", "Gus", "Harvey", "Jas", "Jodi", "Kent", "Leah", "Lewis", "Linus", "Marnie", "Pam", "Penny", "Pierre", "Robin", "Sam", "Sandy", "Shane", "Vincent", "Wizard"],
        "Neutral": ["Emily", "Krobus", "Willy"],
        "Hate": ["Evelyn"],
    },
    "NameLocalization":
    {
        // "es": "",
        "ko": "호랑가시나무 장식 쿠키",
         "de": "Verzierter Keks",
        // "fr": "",
        // "hu": "",
        // "it": "",
        "ja": "聖夜のクッキー",
        "pt": "Biscoitos Decorados de Azevinho",
        // "ru": "",
        // "tr": "",
        "zh": "冬青装饰饼干",
    },
    "DescriptionLocalization":
    {
        // "es": "",
        "ko": "호랑가시나무 모양으로 장식된 아름다운 쿠키.",
         "de": "Das Dekorieren dauerte nur ein paar Stunden, aber jetzt haben Sie einen wunderschön dekorierten Keks.",
        // "fr": "",
        // "hu": "",
        // "it": "",
        "ja": "飾り付けにたった数時間しかかからなかったが、おかげでキレイなクッキーが出来上がった。",
        "pt": "Leva apenas poucas horas para decorar, mas ao final você tem um biscoito bem decorado.",
        // "ru": "",
        // "tr": "",
        "zh": "只需花几个小时的时间，你就可以拥有一块装饰精美的饼干。",
    }
}