{
    "Name": "Scone",
    "Description": "Great pairing with coffee or tea. Try it with strawberry jam and clotted cream.",
    "Category": "Cooking",
    "Edibility": 36,
    "EdibleIsDrink": false,
    "EdibleBuffs": null,
    "Price": 220,
    "IsColored": false,
    "Recipe":
    {
        "ResultCount": 1,
        "Ingredients": [
        {
            "Object": 245,
            "Count": 1,
        },
        {
            "Object": -5,
            "Count": 1,
        },
        {
            "Object": 246,
            "Count": 1,
        }],
        "CanPurchase": true,
        "PurchaseFrom": "Gus",
        "PurchasePrice": 300,
        "PurchaseRequirements": null,
    },
    "NameLocalization":
    {
        "es": "Bollo",
        "ko": "스콘",
        "de": "Scone",
         // "fr": "",
         // "hu": "",
         // "it": "",
        "ja": "スコーン",
        "pt": "Bolinho",
        "ru": "Скон",
         // "tr": "",
        "zh": "烤饼",
    },
    "DescriptionLocalization":
    {
        "es": "Pruébalo con mermelada de fresa y crema.",
        "ko": "커피 또는 차와 잘 어울립니다. 딸기 잼과 클로티드 크림하고 같이 드셔보세요.",
        "de": "Hervorragend zu Kaffee oder Tee. Probier es zusammen mit Erdbeermarmelade und Sahne.",
         // "fr": "",
         // "hu": "",
         // "it": "",
        "ja": "コーヒーや紅茶にはぴったり。イチゴジャムとクロテッドクリームで召し上がれ。",
        "pt": "Combina bem com chá ou café. Tente ainda com geléia de morango e creme de leite.",
        "ru": "Прекрасно сочетается с кофе или чаем. Попробуйте с клубничным джемом и взбитыми сливками",
         // "tr": "",
        "zh": "与咖啡或茶是完美的搭档。可以尝试加入草莓酱和凝脂奶油。",
    }
}