{
    "Name": "Blue Mist Kombucha",
    "Description": "Made from freshly picked Blue Mist flowers.",
    "Category": "ArtisanGoods",
    "Edibility": 26,
    "EdibleIsDrink": true,
    "Price": 890,
    "IsColored": false,
    "GiftTastes":
    {
        "Love": ["Caroline"],
        "Like": ["Abigail", "Alex", "Demetrius", "Dwarf", "Elliott", "Emily", "Evelyn", "Gus", "Haley", "Harvey", "Jas", "Jodi", "Kent", "Krobus", "Leah", "Lewis", "Linus", "Marnie", "Maru", "Pam", "Penny", "Pierre", "Robin", "Sam", "Sandy", "Sebastian", "Shane", "Vincent", "Willy", "Wizard"],
        "Dislike": ["Clint", "George"],
    },
    "Recipe": null,
    "NameLocalization":
    {
        "es": "Kombucha de niebla azul",
        "ko": "블루 미스트 콤부차",
        "de": "Blue Mist Kombucha",
        // "fr": "",
        // "hu": "",
        // "it": "",
        "ja": "ブルーミストコンブチャ",
        // "pt": "",
        // "ru": "",
        // "tr": "",
        "zh": "蓝雾康普茶",
    },
    "DescriptionLocalization":
    {
        "es": "Hecho de flores azul niebla recién recogidas.",
        "ko": "갓 따온 블루 미스트 꽃으로 만들었습니다.",
        "de": "Hergestellt aus frisch gepflückten Blue Mist Blüten.",
        // "fr": "",
        // "hu": "",
        // "it": "",
       "ja": "摘みたてのブルーミストの花から作られている。",
        // "pt": "",
        // "ru": "",
        // "tr": "",
        "zh": "由新鲜的蓝雾花茶发酵而成。",
    }
}