{
    "Name": "Pufferchick Cookie",
    "Description": "A hard cookie decorated like a pufferchick.",
    "Category": "Cooking",
    "Edibility": 40,
    "EdibleIsDrink": false,
    "EdibleBuffs": null,
    "Price": 140,
    "IsColored": false,
    "Recipe":
    {
        "ResultCount": 1,
        "Ingredients": [
        {
            "Object": 246,
            "Count": 1,
        },
        {
            "Object": 245,
            "Count": 1,
        },
        {
            "Object": -5,
            "Count": 1,
        }, ],
    },
    "GiftTastes":
    {
        "Like": ["Abigail", "Alex", "Caroline", "Clint", "Demetrius", "Dwarf", "Elliott", "Emily", "Evelyn", "George", "Gus", "Haley", "Jas", "Jodi", "Kent", "Lewis", "Linus", "Marnie", "Maru", "Pam", "Penny", "Pierre", "Robin", "Sam", "Sandy", "Sebastian", "Shane", "Vincent", "Wizard"],
        "Dislike": ["Harvey", "Krobus", "Leah", "Willy"],
    },
    "NameLocalization":
    {
        // "es": "",
        "ko": "복어닭 쿠키",
        "de": "Pufferkücken - Keks",
        // "fr": "",
        // "hu": "",
        // "it": "",
        "ja": "パファーチッククッキー",
        "pt": "Biscoito de Frango de Pelúcia",
        // "ru": "",
        // "tr": "",
        "zh": "豚鸡饼干",
    },
    "DescriptionLocalization":
    {
        // "es": "",
        "ko": "복어닭모양으로 장식한 딱딱한 쿠키",
        "de": "Ein harter Keks, dekoriert wie ein Pufferküken.",
        // "fr": "",
        // "hu": "",
        // "it": "",
        "ja": "フグのようなニワトリの形のクッキー。",
        "pt": "Um biscoito duro decorado em formato de frango de pelúcia.",
        // "ru": "",
        // "tr": "",
        "zh": "嗯，如你所见，一个外形酷似游戏吉祥物豚鸡的饼干。",
    }
}