{
    "Name": "Coconut Oil",
    "Description": "A multi-purpose oil used in cooking and household products. Solid at room temperature.",
    "Category": "ArtisanGoods",
    "Edibility": -300,
    "Price": 225,
    "IsColored": false,
    "Recipe": null,
    "GiftTastes":
    {
        "Like": ["Haley", "Linus"],
        "Neutral": ["Demetrius", "Elliott", "Harvey", "Jas", "Jodi", "Kent", "Leah", "Lewis", "Pam", "Robin", "Sandy", "Shane", "Vincent"],
        "Dislike": ["Alex", "Caroline", "Clint", "Emily", "Evelyn", "George", "Gus", "Krobus", "Marnie", "Maru", "Penny", "Pierre", "Sam", "Sebastian", "Willy", "Wizard"],
        "Hate": ["Abigail", "Dwarf"]
    },
    "NameLocalization":
    {
        "es": "Aceite de coco",
        "ko": "코코넛 오일",
        "de": "Kokosnussöl",
         // "fr": "",
         // "hu": "",
         // "it": "",
        "ja": "ココナッツオイル",
         // "pt": "",
         // "ru": "",
         // "tr": "",
        "zh": "椰子油",
    },
    "DescriptionLocalization":
    {
        "es": "Un aceite multiuso usado en productos de cocina y de hogar. Sólido a temperatura ambiente.",
        "ko": "요리 및 가정용품에 쓰이는 다목적 오일. 상온에서 고체상태를 유지합니다.",
        "de": "Ein Mehrzwecköl, das in Koch- und Haushaltsprodukten verwendet wird. Fest bei Raumtemperatur.",
         // "fr": "",
         // "hu": "",
         // "it": "",
        "ja": "料理の他にも生活全般にも使われる多目的なオイル。室温で固まる。",
         // "pt": "",
         // "ru": "",
         // "tr": "",
        "zh": "一种用于烹饪和家居用品的多功能油。在室温下有稳定的状态。",
    }
}