{
    "Name": "Christmas Chocolate Candie Cookies",
    "Description": "Very chewy cookies with bits of chocolate in them.",
    "Category": "Cooking",
    "Edibility": 45,
    "EdibleIsDrink": false,
    "EdibleBuffs": null,
    "Price": 200,
    "IsColored": false,
    "Recipe":
    {
        "ResultCount": 1,
        "Ingredients": [
        {
            "Object": 246,
            "Count": 1,
        },
        {
            "Object": 245,
            "Count": 1,
        },
        {
            "Object": -5,
            "Count": 1,
        },
        {
            "Object": "Chocolate",
            "Count": 1,
        }, ],
        "IsDefault": true,
    },
    "GiftTastes":
    {
        "Like": ["Abigail", "Alex", "Caroline", "Clint", "Demetrius", "Dwarf", "Elliott", "Emily", "Evelyn", "George", "Gus", "Haley", "Jas", "Jodi", "Kent", "Lewis", "Linus", "Marnie", "Maru", "Pam", "Penny", "Pierre", "Robin", "Sam", "Sandy", "Sebastian", "Shane", "Vincent", "Wizard"],
        "Dislike": ["Harvey", "Krobus", "Leah", "Willy"],
    },
    "NameLocalization":
    {
        // "es": "",
        "ko": "크리스마스 초콜렛 캔디 쿠키",
        "de": "Weihnachts-Pralinenplätzchen",
        // "fr": "",
        // "hu": "",
        // "it": "",
        "ja": "クリスマスチョコキャンディクッキー",
        "pt": "Biscoito Doce Natalino",
        // "ru": "",
        // "tr": "",
        "zh": "圣诞巧克力糖果饼干",
    },
    "DescriptionLocalization":
    {
        // "es": "",
        "ko": "초콜렛이 들어간 쫄깃한 쿠키",
        "de": "Sehr zähe Kekse mit Schokoladenstücken.",
        // "fr": "",
        // "hu": "",
        // "it": "",
        "ja": "チョコが入っている噛み応えのあるクッキー。",
        "pt": "Biscoitos mastigáveis com pedacinhos de chocolate dentro.",
        // "ru": "",
        // "tr": "",
        "zh": "很有嚼劲的饼干，内含巧克力。",
    }
}