{
    "Name": "Kombucha",
    "Description": "A tea-like drink made from fermented mushrooms. ",
    "Category": "ArtisanGoods",
    "Edibility": 6,
    "EdibleIsDrink": true,
    "Price": 150,
    "IsColored": false,
    "Recipe": null,
    "GiftTastes":
    {
        "Love": ["Sebastian"],
        "Like": ["Alex", "Caroline", "Clint", "Demetrius", "Dwarf", "Elliott", "Emily", "Evelyn", "George", "Gus", "Harvey", "Jodi", "Kent", "Leah", "Lewis", "Linus", "Marnie", "Maru", "Pam", "Penny", "Pierre", "Robin", "Sam", "Sandy", "Shane", "Willy", "Wizard"],
        "Dislike": ["Abigail", "Haley", "Jas", "Krobus", "Vincent"],
    },
    "NameLocalization":
    {
        "es": "Kombucha",
        "ko": "콤부차",
        "de": "Kombucha",
        //"fr": "",
        //"hu": "",
        //"it": "",
        "ja": "コンブチャ",
        "pt": "Kombuchá",        
        "ru": "Комбуча",
        //"tr": "",
        "zh": "普通蘑菇康普茶",
    },
    "DescriptionLocalization":
    {
        "es": "Una bebida parecida al té hecha de setas fermentadas.",
        "ko": "발효 버섯으로 만든 차 같은 음료.",
        "de": "Ein teeähnliches Getränk aus fermentierten Pilzen.",
        //"fr": "",
        //"hu": "",
        //"it": "",
        "ja": "キノコを発酵させてできた、お茶のような飲み物。",
        "pt": "Uma bebida similar ao chá feita com cogumelos fermentados.",        
        "ru": "Чаеподобный напиток, приготовленный из сбродивших грибов.",
        //"tr": "",
        "zh": "一种类似茶的饮料，由发酵的普通蘑菇制成。",
    }
}