{
  "Name": "Tiramisu",
  "Description": "Everyone's favorite coffee-flavored dessert.",
  "Category": "Cooking",
  "Edibility": 75,
  "EdibleIsDrink": false,
  "EdibleBuffs": null,
  "Price": 500,
  "IsColored": false,
  "Recipe": {
    "ResultCount": 1,
    "Ingredients": [
      {
        "Object": 395,
        "Count": 1,
      },
      {
        "Object": 245,
        "Count": 1,
      },
	  {
		  "Object": 246,
		  "Count": 1,
	  },
    ],
    "IsDefault": false,
	"CanPurchase": false,
  },
  "NameLocalization": { 
    "es": "Tiramisu",
    "ko": "티라미수",
    "de": "Tiramisu",
     // "fr": "",
     // "hu": "",
     // "it": "",
     // "ja": "",
    "pt": "Tiramisu",
     // "ru": "",
     // "tr": "",
    "zh": "提拉米苏蛋糕",
     },
 "DescriptionLocalization": { 
    "es": "El postre con sabor a café favorito de todos.",
    "ko": "모두가 좋아하는 커피맛 디저트.",
    "de": "Jedermanns Lieblingsdessert mit Kaffeegeschmack.",
     // "fr": "",
     // "hu": "",
     // "it": "",
     // "ja": "",
    "pt": "Sobremesa favorita de todos, com sabor de café.",
     // "ru": "",
     // "tr": "",
    "zh": "提拉米苏蛋糕。每个人最喜欢的咖啡甜点。",
    }
}