{
  "Name": "Potted Lily",
  "Description": "A lily potted in a little wooden pot. Remember to water it!",
  "Price": 1,
  "ProvidesLight": false,
  "Recipe": {
    "ResultCount": 1,
    "Ingredients": [
      {
		  "Object": "Lily",
		  "Count": 1,
      },
      {
		  "Object": 388,
		  "Count": 10,
      },
	  {
		  "Object": 330,
		  "Count": 10,
	  },
    ],
	"CanPurchase": false,
  },
  "NameLocalization": { 
    "es": "Lirio en maceta",
    "ko": "실내 화초 백합",
    "de": "Eingemachte Lilie",
     // "fr": "",
     // "hu": "",
     // "it": "",
     // "ja": "",
    "pt": "Vaso de Lírio",
     // "ru": "",
     // "tr": "",
    "zh": "百合花",
     },
 "DescriptionLocalization": { 
    "es": "Un lirio en un pequeño macetero de madera. ¡Recuerda regarlo!",
    "ko": "작은 나무 화분에 심겨진 백합 입니다. 물 주는거 잊지마세요!",
    "de": "Eine Lilie in einem kleinen Holztopf. Denken Sie daran, es zu gießen!",
     // "fr": "",
     // "hu": "",
     // "it": "",
     // "ja": "",
    "pt": "Um lírio em um pequeno vaso de madeira. Lembre-se sempre de regá-lo!",
     // "ru": "",
     // "tr": "",
    "zh": "一个小木盆里的百合花。记得给它浇水！",
    }
}
