{
    "Name": "Chanterelle Kombucha",
    "Description": "A fruity, slightly peppery tea-like drink made from fermented mushrooms.",
    "Category": "ArtisanGoods",
    "Edibility": 6,
    "EdibleIsDrink": true,
    "Price": 300,
    "IsColored": false,
    "Recipe": null,
    "GiftTastes":
    {
        "Love": ["Krobus", "Sebastian"],
        "Like": ["Harvey", "Leah", "Linus"],
        "Neutral": ["Alex", "Clint", "Demetrius", "Emily", "Evelyn", "George", "Gus", "Kent", "Lewis", "Marnie", "Maru", "Pam", "Penny", "Robin", "Sandy"],
        "Dislike": ["Abigail", "Caroline", "Dwarf", "Elliott", "Haley", "Jas", "Jodi", "Pierre", "Sam", "Shane", "Vincent", "Willy", "Wizard"],
    },
    "NameLocalization":
    {
        "es": "Kombucha de chantarela",
        "ko": "살구버섯 콤부차",
        "de": "Pfifferlings-Kombucha",
        // "fr": "",
        // "hu": "",
        // "it": "",
        "ja": "アンズタケコンブチャ",
        // "pt": "",
        // "ru": "",
        // "tr": "",
        "zh": "鸡油菌康普茶",
    },
    "DescriptionLocalization":
    {
        "es": "Una bebida con sabor a té, ligeramente picante, a base de setas fermentados.",
        "ko": "과일 향이 나는, 발효 버섯으로 만든 약간 매콤한 차.",
        "de": "Ein fruchtiges, leicht pfeffriges teeähnliches Getränk aus fermentierten Pilzen.",
        // "fr": "",
        // "hu": "",
        // "it": "",
       "ja": "発酵したキノコから作られた、フルーティーでややピリっとしたお茶のような飲み物。",
        // "pt": "",
        // "ru": "",
        // "tr": "",
        "zh": "一种由发酵的蘑菇制成的带有轻微胡椒味的茶饮料。",
    }
}