[
	//Cooking recipes
	{
		"Id": "PPJA.VernalTearecipe",
		"GroupID": "F2F.CookingRecipe",
		"Text": "亲爱的@，^^我知道你一直在用凡吉尔花匠协会的种子种一些花，你知道它们可以用在烹饪食谱上吗？^^送你一份简单的食谱，它一直是我最爱的饮品之一。还有很多其它的菜谱你也可以用花来做。我希望你可以尝试一下！^^-艾芙琳奶奶",
		"Recipe": "Vernal Tea",
		"FriendshipConditions":
		[
			{ "NpcName": "Evelyn", "FriendshipLevel": 3 }
		],
	},
	{
		"Id": "PPJA.TeaRecipe",
		"GroupID": "F2F.CookingRecipe",
		"Text": "亲爱的@，^^听闻你在烹饪时使用了一些花，给，这是我最喜欢的茶谱。饮用它让你觉得冬天不再寒冷！^^-刘易斯镇长",
		"Recipe": "Tea",
		"FriendshipConditions":
		[
			{ "NpcName": "Lewis", "FriendshipLevel": 5 }
		],
	},
	{
		"Id": "PPJA.EstivalTearecipe",
		"GroupID": "F2F.CookingRecipe",
		"Text": "嘿，孩子，^^^艾芙琳提到你正在用自种的花做一些食物。我爸爸把这个茶谱传给了我-希望你也能像我一样喜欢它。^^-潘姆",
		"Recipe": "Estival Tea",
		"FriendshipConditions":
		[
			{ "NpcName": "Pam", "FriendshipLevel": 5 }
		],
	},
	{
		"Id": "PPJA.AutumnalTearecipe",
		"GroupID": "F2F.CookingRecipe",
		"Text": "@，^^艾芙琳有次拜访我时给我带了这份茶谱，但我不经常泡茶，我想你会比我更需要它。^^-克林特",
		"Recipe": "Autumnal Tea",
		"FriendshipConditions":
		[
			{ "NpcName": "Clint", "FriendshipLevel": 5 }
		],
	},
	{
		"Id": "PPJA.HibernalTeaRecipe",
		"GroupID": "F2F.CookingRecipe",
		"Text": "@，^^我妻子在冬天很喜欢饮用这份茶谱泡出来的茶。^^你喜欢的话不妨一试。^^-乔治",
		"Recipe": "Hibernal Tea",
		"FriendshipConditions":
		[
			{ "NpcName": "George", "FriendshipLevel": 5 }
		],
	},
	{
		"Id": "PPJA.LatteRecipe",
		"GroupID": "F2F.CookingRecipe",
		"Text": "嘿，@，^^我早上总是需要一些东西来提神，但黑咖啡对我来说太浓了，我觉得这份食谱加入你农场出产的鲜奶会更好喝！^^-罗宾",
		"Recipe": "Latte",
		"FriendshipConditions":
		[
			{ "NpcName": "Robin", "FriendshipLevel": 5 }
		],
	},
	{
		"Id": "PPJA.LilacSconesRecipe",
		"GroupID": "F2F.CookingRecipe",
		"Text": "@，^^我年轻时艾芙琳给我分享过一种食谱，她和我一起用紫丁香做了一个烤饼配方。也许你可以用农场里的紫丁香做一些。^^-乔迪",
		"Recipe": "Lilac Scones",
		"FriendshipConditions":
		[
			{ "NpcName": "Jodi", "FriendshipLevel": 5 }
		],
	},
	{
		"Id": "PPJA.FlowerSodaRecipe",
		"GroupID": "F2F.CookingRecipe",
		"Text": "亲爱的@^^桑迪曾经给过我这个用花做饮料的配方！我知道这听起来有点奇怪，但它真的很棒！你应该试着用你农场里的农产品来制作它。^^-艾米丽",
		"Recipe": "Flower Soda",
		"FriendshipConditions":
		[
			{ "NpcName": "Emily", "FriendshipLevel": 5 }
		],
	},
	{
		"Id": "PPJA.HerbCrustedFishRecipe",
		"GroupID": "F2F.CookingRecipe",
		"Text": "亲爱的@，^^因为住在山上的缘故，我经常能碰到很多鱼。这是我在山间环境中用到的食谱——既然你对我这么好，我就和你一起分享。希望你喜欢。^^-莱纳斯",
		"Recipe": "Herb-Crusted Fish",
		"FriendshipConditions":
		[
			{ "NpcName": "Linus", "FriendshipLevel": 5 }
		],
	},
	{
		"Id": "PPJA.LotusMochiID",
		"GroupID": "F2F.CookingRecipe",
		"Text": "亲爱的@，^^我通常不喜欢考虑与戈托罗帝国有关的事情......但我在那边的时候吃过这个甜点。我不确定这尝起来是不是一模一样，但也许你可以搞定它。^^-肯特",
		"Recipe": "Lotus Mochi",
		"FriendshipConditions":
		[
			{ "NpcName": "Kent", "FriendshipLevel": 5 }
		],
	},
	{
		"Id": "PPJA.BoiledGreensRecipe",
		"GroupID": "F2F.CookingRecipe",
		"Text": "@，^^你知道可食用花的所有部分（甚至是它的叶子）都可以用来烹饪吗?^^这是我在鲜花盛开的季节做的食谱。用盐稍微腌一下是最好的!^^-德米特里厄斯",
		"Recipe": "Boiled Greens",
		"FriendshipConditions":
		[
			{ "NpcName": "Demetrius", "FriendshipLevel": 5 }
		],
	},
	{
		"Id": "PPJA.RoseNougatRecipe",
		"GroupID": "F2F.CookingRecipe",
		"Text": "@，^^这个食谱一直是我们家的最爱。如果你能在蜂蜜中混入玫瑰花粉，那就更好了。^^-玛妮",
		"Recipe": "Rose Nougat",
		"FriendshipConditions":
		[
			{ "NpcName": "Marnie", "FriendshipLevel": 5 }
		],
	},
	{
		"Id": "PPJA.SouffleRecipe",
		"GroupID": "F2F.CookingRecipe",
		"Text": "@，^^这是我拥有的最具挑战性的食谱之一，但我为此自豪。做蛋奶酥并不容易，因此高质量的原材料必不可少——这对你来说应该不成问题。如果你勇于尝试，我希望你能分享一下结果!^^-格斯",
		"Recipe": "Souffle",
		"FriendshipConditions":
		[
			{ "NpcName": "Gus", "FriendshipLevel": 5 }
		],
	},
	{
		"Id": "PPJA.TiramisuRecipe",
		"GroupID": "F2F.CookingRecipe",
		"Text": "@，^^阿比盖尔和皮埃尔一直很喜欢我做的这个东西。你或许也可以自己成功做出它。^^-卡洛琳",
		"Recipe": "Tiramisu",
		"FriendshipConditions":
		[
			{ "NpcName": "Caroline", "FriendshipLevel": 5 }
		],
	},
	{
		"Id": "PPJA.StuffedPetalsRecipe",
		"GroupID": "F2F.CookingRecipe",
		"Text": "亲爱的@，^^这是我最喜欢的食谱。食材越新鲜成品越好。^^-艾芙琳奶奶",
		"Recipe": "Stuffed Petals",
		"FriendshipConditions":
		[
			{ "NpcName": "Evelyn", "FriendshipLevel": 5 }
		],
	},
	//Crafting recipes
	{
		"Id": "PPJA.PottedTulipRecipe",
		"GroupID": "F2F.CraftingRecipe",
		"Text": "@：^^我们感谢你为改善山谷环境所付出的努力，希望你能接受这个礼物。^^-凡吉尔花匠协会",
		"Recipe": "Potted Tulip",
		"SkillConditions": 
		[
			{ "SkillName": "Farming", "SkillLevel": 1 }
		]
	},
	{
		"Id": "PPJA.PottedSummerSpangleRecipe",
		"GroupID": "F2F.CraftingRecipe",
		"GroupID": "F2F.CraftingRecipe",
		"Text": "@:^^我们感谢你为改善山谷环境所付出的努力，希望你能接受这个礼物。^^-凡吉尔花匠协会",
		"Recipe": "Potted Summer Spangle",
		"SkillConditions": 
		[
			{ "SkillName": "Farming", "SkillLevel": 4 }
		]
	},
	{
		"Id": "PPJA.FloristTableRecipe",
		"GroupID": "F2F.CraftingRecipe",
		"Text": "@：^^我们感谢你为改善山谷环境所付出的努力，希望你能接受这个礼物。^^-凡吉尔花匠协会^^* 注意:你没法在这张桌子上做任何东西，它纯粹是装饰性的。",
		"Recipe": "Florist's Table",
		"SkillConditions": 
		[
			{ "SkillName": "Farming", "SkillLevel": 7 }
		]
	},
	{
		"Id": "PPJA.PottedDandelionRecipe",
		"GroupID": "F2F.CraftingRecipe",
		"Text": "@:^^我们感谢你为改善山谷环境所付出的努力，希望你能接受这个礼物。^^-凡吉尔花匠协会",
		"Recipe": "Potted Dandelion", 
		"SkillConditions": 
		[
			{ "SkillName": "Foraging", "SkillLevel": 1 }
		]
	},
	{
		"Id": "PPJA.PottedSweetPeaRecipe",
		"GroupID": "F2F.CraftingRecipe",
		"Text": "@:^^我们感谢你为改善山谷环境所付出的努力，希望你能接受这个礼物。^^-凡吉尔花匠协会",
		"Recipe": "Potted Sweet Pea",
		"SkillConditions": 
		[
			{ "SkillName": "Foraging", "SkillLevel": 2 }
		]
	},
	{
		"Id": "PPJA.PottedDaffodilRecipe",
		"GroupID": "F2F.CraftingRecipe",
		"Text": "@:^^我们感谢你为改善山谷环境所付出的努力，希望你能接受这个礼物。^^-凡吉尔花匠协会",
		"Recipe": "Potted Daffodil",
		"SkillConditions": 
		[
			{ "SkillName": "Foraging", "SkillLevel": 2 }
		]
	},{
		"Id": "PPJA.PottedDaisyRecipe",
		"GroupID": "F2F.CraftingRecipe",
		"Text": "@:^^我们感谢你为改善山谷环境所付出的努力，希望你能接受这个礼物。^^-凡吉尔花匠协会",
		"Recipe": "Potted Daisy",
		"SkillConditions": 
		[
			{ "SkillName": "Foraging", "SkillLevel": 3 }
		]
	},
	{
		"Id": "PPJA.PottedCrocusRecipe",
		"GroupID": "F2F.CraftingRecipe",
		"Text": "@:^^我们感谢你为改善山谷环境所付出的努力，希望你能接受这个礼物。^^-凡吉尔花匠协会",
		"Recipe": "Potted Crocus",
		"SkillConditions": 
		[
			{ "SkillName": "Foraging", "SkillLevel": 3 }
		]
	},
	{
		"Id": "PPJA.PottedClematisRecipe",
		"GroupID": "F2F.CraftingRecipe",
		"Text": "@:^^我们感谢你为改善山谷环境所付出的努力，希望你能接受这个礼物。^^-凡吉尔花匠协会",
		"Recipe": "Potted Clematis",
		"SkillConditions": 
		[
			{ "SkillName": "Foraging", "SkillLevel": 4 }
		]
	},
	{
		"Id": "PPJA.PottedHibiscuisRecipe",
		"GroupID": "F2F.CraftingRecipe",
		"Text": "@:^^我们感谢你为改善山谷环境所付出的努力，希望你能接受这个礼物。^^-凡吉尔花匠协会",
		"Recipe": "Potted Hibiscus",
		"SkillConditions": 
		[
			{ "SkillName": "Foraging", "SkillLevel": 7 }
		]
	},
	{
		"Id": "PPJA.PottedMagnoliaRecipe",
		"GroupID": "F2F.CraftingRecipe",
		"Text": "@:^^我们感谢你为改善山谷环境所付出的努力，希望你能接受这个礼物。^^-凡吉尔花匠协会",
		"Recipe": "Potted Magnolia",
		"SkillConditions": 
		[
			{ "SkillName": "Foraging", "SkillLevel": 8 }
		]
	},
	{
		"Id": "PPJA.PottedJasmineRecipe",
		"GroupID": "F2F.CraftingRecipe",
		"Text": "@:^^我们感谢你为改善山谷环境所付出的努力，希望你能接受这个礼物。^^-凡吉尔花匠协会",
		"Recipe": "Potted Jasmine",
		"SkillConditions": 
		[
			{ "SkillName": "Foraging", "SkillLevel": 8 }
		]
	},
	{
		"Id": "PPJA.PottedWisteriaRecipe",
		"GroupID": "F2F.CraftingRecipe",
		"Text": "@:^^我们感谢你为改善山谷环境所付出的努力，希望你能接受这个礼物。^^-凡吉尔花匠协会",
		"Recipe": "Potted Wisteria",
		"SkillConditions": 
		[
			{ "SkillName": "Foraging", "SkillLevel": 9 }
		]
	},
	{
		"Id": "PPJA.BouquetOfExuberanceRecipe",
		"GroupID": "F2F.CraftingRecipe",
		"Text": "@:^^我们感谢你为改善山谷环境所付出的努力，希望你能接受这个礼物。^^-凡吉尔花匠协会",
		"Recipe": "Bouquet of Exuberance",
		"SkillConditions": 
		[
			{ "SkillName": "Foraging", "SkillLevel": 9 }
		]
	},
	{
		"Id": "PPJA.PottedVioletRecipe",
		"GroupID": "F2F.CraftingRecipe",
		"Text": "@:^^我们感谢你为改善山谷环境所付出的努力，希望你能接受这个礼物。^^-凡吉尔花匠协会",
		"Recipe": "Potted Violet",
		"SkillConditions": 
		[
			{ "SkillName": "Mining", "SkillLevel": 1 }
		]
	},
	{
		"Id": "PPJA.PottedLilacRecipe",
		"GroupID": "F2F.CraftingRecipe",
		"Text": "@:^^我们感谢你为改善山谷环境所付出的努力，希望你能接受这个礼物。^^-凡吉尔花匠协会",
		"Recipe": "Potted Lilac",
		"SkillConditions": 
		[
			{ "SkillName": "Mining", "SkillLevel": 2 }
		]
	},
	{
		"Id": "PPJA.PottedLavenderRecipe",
		"GroupID": "F2F.CraftingRecipe",
		"Text": "@:^^我们感谢你为改善山谷环境所付出的努力，希望你能接受这个礼物。^^-凡吉尔花匠协会",
		"Recipe": "Potted Lavender",
		"SkillConditions": 
		[
			{ "SkillName": "Mining", "SkillLevel": 3 }
		]
	},
	{
		"Id": "PPJA.PottedPeonyRecipe",
		"GroupID": "F2F.CraftingRecipe",
		"Text": "@:^^我们感谢你为改善山谷环境所付出的努力，希望你能接受这个礼物。^^-凡吉尔花匠协会",
		"Recipe": "Potted Peony",
		"SkillConditions": 
		[
			{ "SkillName": "Mining", "SkillLevel": 4 }
		]
	},
	{
		"Id": "PPJA.PottedDahliaRecipe",
		"GroupID": "F2F.CraftingRecipe",
		"Text": "@:^^我们感谢你为改善山谷环境所付出的努力，希望你能接受这个礼物。^^-凡吉尔花匠协会",
		"Recipe": "Potted Dahlia",
		"SkillConditions": 
		[
			{ "SkillName": "Mining", "SkillLevel": 4 }
		]
	},
	{
		"Id": "PPJA.PottedFreesiaRecipe",
		"GroupID": "F2F.CraftingRecipe",
		"Text": "@:^^我们感谢你为改善山谷环境所付出的努力，希望你能接受这个礼物。^^-凡吉尔花匠协会",
		"Recipe": "Potted Freesia",
		"SkillConditions": 
		[
			{ "SkillName": "Mining", "SkillLevel": 6 }
		]
	},
	{
		"Id": "PPJA.PottedPetuniaRecipe",
		"GroupID": "F2F.CraftingRecipe",
		"Text": "@:^^我们感谢你为改善山谷环境所付出的努力，希望你能接受这个礼物。^^-凡吉尔花匠协会",
		"Recipe": "Potted Petunia",
		"SkillConditions": 
		[
			{ "SkillName": "Mining", "SkillLevel": 6 }
		]
	},
	{
		"Id": "PPJA.PottedCamelliaRecipe",
		"GroupID": "F2F.CraftingRecipe",
		"Text": "@:^^我们感谢你为改善山谷环境所付出的努力，希望你能接受这个礼物。^^-凡吉尔花匠协会",
		"Recipe": "Potted Camellia",
		"SkillConditions": 
		[
			{ "SkillName": "Mining", "SkillLevel": 7 }
		]
	},
	{
		"Id": "PPJA.PottedGeraniumRecipe",
		"GroupID": "F2F.CraftingRecipe",
		"Text": "@:^^我们感谢你为改善山谷环境所付出的努力，希望你能接受这个礼物。^^-凡吉尔花匠协会",
		"Recipe": "Potted Geranium",
		"SkillConditions": 
		[
			{ "SkillName": "Mining", "SkillLevel": 7 }
		]
	},
	{
		"Id": "PPJA.PottedEnglishRoseRecipe",
		"GroupID": "F2F.CraftingRecipe",
		"Text": "@:^^我们感谢你为改善山谷环境所付出的努力，希望你能接受这个礼物。^^-凡吉尔花匠协会",
		"Recipe": "Potted English Rose",
		"SkillConditions": 
		[
			{ "SkillName": "Mining", "SkillLevel": 8 }
		]
	},
	{
		"Id": "PPJA.PottedFairyRoseRecipe",
		"GroupID": "F2F.CraftingRecipe",
		"Text": "@:^^我们感谢你为改善山谷环境所付出的努力，希望你能接受这个礼物。^^-凡吉尔花匠协会",
		"Recipe": "Potted Fairy Rose",
		"SkillConditions": 
		[
			{ "SkillName": "Mining", "SkillLevel": 8 }
		]
	},
	{
		"Id": "PPJA.BouquetOfDevotionRecipe",
		"GroupID": "F2F.CraftingRecipe",
		"Text": "@:^^我们感谢你为改善山谷环境所付出的努力，希望你能接受这个礼物。^^-凡吉尔花匠协会",
		"Recipe": "Bouquet of Devotion",
		"SkillConditions": 
		[
			{ "SkillName": "Mining", "SkillLevel": 9 }
		]
	},
	{
		"Id": "PPJA.PottedBlueJazzRecipe",
		"GroupID": "F2F.CraftingRecipe",
		"Text": "@:^^我们感谢你为改善山谷环境所付出的努力，希望你能接受这个礼物。^^-凡吉尔花匠协会",
		"Recipe": "Potted Blue Jazz",
		"SkillConditions": 
		[
			{ "SkillName": "Fishing", "SkillLevel": 1 }
		]
	},
	{
		"Id": "PPJA.PottedAlliumRecipe",
		"GroupID": "F2F.CraftingRecipe",
		"Text": "@:^^我们感谢你为改善山谷环境所付出的努力，希望你能接受这个礼物。^^-凡吉尔花匠协会",
		"Recipe": "Potted Allium",
		"SkillConditions": 
		[
			{ "SkillName": "Fishing", "SkillLevel": 1 }
		]
	},
	{
		"Id": "PPJA.PottedHyacinthRecipe",
		"GroupID": "F2F.CraftingRecipe",
		"Text": "@:^^我们感谢你为改善山谷环境所付出的努力，希望你能接受这个礼物。^^-凡吉尔花匠协会",
		"Recipe": "Potted Hyacinth",
		"SkillConditions": 
		[
			{ "SkillName": "Fishing", "SkillLevel": 2 }
		]
	},
	{
		"Id": "PPJA.PottedHydrangeaRecipe",
		"GroupID": "F2F.CraftingRecipe",
		"Text": "@:^^我们感谢你为改善山谷环境所付出的努力，希望你能接受这个礼物。^^-凡吉尔花匠协会",
		"Recipe": "Potted Hydrangea",
		"SkillConditions": 
		[
			{ "SkillName": "Fishing", "SkillLevel": 3 }
		]
	},
	{
		"Id": "PPJA.PottedLotusRecipe",
		"GroupID": "F2F.CraftingRecipe",
		"Text": "@:^^我们感谢你为改善山谷环境所付出的努力，希望你能接受这个礼物。^^-凡吉尔花匠协会",
		"Recipe": "Potted Lotus",
		"SkillConditions": 
		[
			{ "SkillName": "Fishing", "SkillLevel": 4 }
		]
	},
	{
		"Id": "PPJA.PottedIrisRecipe",
		"GroupID": "F2F.CraftingRecipe",
		"Text": "@:^^我们感谢你为改善山谷环境所付出的努力，希望你能接受这个礼物。^^-凡吉尔花匠协会",
		"Recipe": "Potted Iris",
		"SkillConditions": 
		[
			{ "SkillName": "Fishing", "SkillLevel": 6 }
		]
	},
	{
		"Id": "PPJA.PottedDelphiniumRecipe",
		"GroupID": "F2F.CraftingRecipe",
		"Text": "@:^^我们感谢你为改善山谷环境所付出的努力，希望你能接受这个礼物。^^-凡吉尔花匠协会",
		"Recipe": "Potted Delphinium",
		"SkillConditions": 
		[
			{ "SkillName": "Fishing", "SkillLevel": 7 }
		]
	},
	{
		"Id": "PPJA.BouquetOfLongingRecipe",
		"GroupID": "F2F.CraftingRecipe",
		"Text": "@:^^我们感谢你为改善山谷环境所付出的努力，希望你能接受这个礼物。^^-凡吉尔花匠协会",
		"Recipe": "Bouquet of Longing",
		"SkillConditions": 
		[
			{ "SkillName": "Fishing", "SkillLevel": 9 }
		]
	},
	{
		"Id": "PPJA.PottedSunflowerRecipe",
		"GroupID": "F2F.CraftingRecipe",
		"Text": "@:^^我们感谢你为改善山谷环境所付出的努力，希望你能接受这个礼物。^^-凡吉尔花匠协会",
		"Recipe": "Potted Sunflower",
		"SkillConditions": 
		[
			{ "SkillName": "Combat", "SkillLevel": 1 }
		]
	},
	{
		"Id": "PPJA.PottedPoppyRecipe",
		"GroupID": "F2F.CraftingRecipe",
		"Text": "@:^^我们感谢你为改善山谷环境所付出的努力，希望你能接受这个礼物。^^-凡吉尔花匠协会",
		"Recipe": "Potted Poppy",
		"SkillConditions": 
		[
			{ "SkillName": "Combat", "SkillLevel": 2 }
		]
	},
	{
		"Id": "PPJA.PottedCarnation",
		"GroupID": "F2F.CraftingRecipe",
		"Text": "@:^^我们感谢你为改善山谷环境所付出的努力，希望你能接受这个礼物。^^-凡吉尔花匠协会",
		"Recipe": "Potted Carnation",
		"SkillConditions": 
		[
			{ "SkillName": "Combat", "SkillLevel": 3 }
		]
	},
	{
		"Id": "PPJA.PottedChrysanthemumRecipe",
		"GroupID": "F2F.CraftingRecipe",
		"Text": "@:^^我们感谢你为改善山谷环境所付出的努力，希望你能接受这个礼物。^^-凡吉尔花匠协会",
		"Recipe": "Potted Chrysanthemum",
		"SkillConditions": 
		[
			{ "SkillName": "Combat", "SkillLevel": 4 }
		]
	},
	{
		"Id": "PPJA.PottedLilyRecipe",
		"GroupID": "F2F.CraftingRecipe",
		"Text": "@:^^我们感谢你为改善山谷环境所付出的努力，希望你能接受这个礼物。^^-凡吉尔花匠协会",
		"Recipe": "Potted Lily",
		"SkillConditions": 
		[
			{ "SkillName": "Combat", "SkillLevel": 6 }
		]
	},
	{
		"Id": "PPJA.BouquetOfHopeRecipe",
		"GroupID": "F2F.CraftingRecipe",
		"Text": "@:^^我们感谢你为改善山谷环境所付出的努力，希望你能接受这个礼物。^^-凡吉尔花匠协会",
		"Recipe": "Bouquet of Hope",
		"SkillConditions": 
		[
			{ "SkillName": "Combat", "SkillLevel": 7 }
		]
	},
	{
		"Id": "PPJA.BouquetOfPurityRecipe",
		"GroupID": "F2F.CraftingRecipe",
		"Text": "@:^^我们感谢你为改善山谷环境所付出的努力，希望你能接受这个礼物。^^-凡吉尔花匠协会",
		"Recipe": "Bouquet of Purity",
		"SkillConditions": 
		[
			{ "SkillName": "Combat", "SkillLevel": 8 }
		]
	},
	{
		"Id": "PPJA.BouquetOfPassionRecipe",
		"GroupID": "F2F.CraftingRecipe",
		"Text": "@:^^我们感谢你为改善山谷环境所付出的努力，希望你能接受这个礼物。^^-凡吉尔花匠协会",
		"Recipe": "Bouquet of Passion",
		"SkillConditions": 
		[
			{ "SkillName": "Combat", "SkillLevel": 9 }
		]
	},

	{
		"Id": "PPJA.Dryer",
		"GroupID": "F2F.CraftingRecipe",
		"Text": "@：^^我们感谢你为改善山谷环境所付出的努力，希望你能接受这个礼物。^^-凡吉尔花匠协会",
		"Recipe": "Dryer",
		"SkillConditions": 
		[
			{ "SkillName": "Farming", "SkillLevel": 2 }
		]
	},
	{
		"Id": "PPJA.Perfumery",
		"GroupID": "F2F.CraftingRecipe",
		"Text": "@：^^我们感谢你为改善山谷环境所付出的努力，希望你能接受这个礼物。^^-凡吉尔花匠协会",
		"Recipe": "Perfumery",
		"SkillConditions": 
		[
			{ "SkillName": "Mining", "SkillLevel": 6 }
		]
	},
	{
		"Id": "PPJA.SoapMaker",
		"GroupID": "F2F.CraftingRecipe",
		"Text": "@：^^我们感谢你为改善山谷环境所付出的努力，希望你能接受这个礼物。^^-凡吉尔花匠协会",
		"Recipe": "Soap Maker",
		"SkillConditions": 
		[
			{ "SkillName": "Foraging", "SkillLevel": 4 }
		]
	}
]