{
    "Name": "Pepper Blender",
    "Description": "Blends peppers into a delicious spicy liquid.",
    "Price": 1,
    "ProvidesLight": false,
    "ReserveExtraIndexCount": 7,
    "Recipe":
    {
        "ResultCount": 1,
        "Ingredients": [
        {
            "Object": 338,
            "Count": 5,
        },
        {
            "Object": 335,
            "Count": 3,
        },
        {
            "Object": 787,
            "Count": 3,
        }, ],
        "CanPurchase": false,
        "IsDefault": true,
    },
    "NameLocalization":
    {
        "es": "Licuadora de pimienta",
        "ko": "고추 믹서기",
        "de": "Pfeffermixer",
        // "fr": "",
        // "hu": "",
        // "it": "",
        "ja": "ペッパーブレンダー",
        "pt": "Liquidificador de Pimenta",
        "ru": "Смешиватель перцев",
        // "tr": "",
        "zh": "辣椒搅拌机",
    },
    "DescriptionLocalization":
    {
        "es": "Mezcla pimientos en un delicioso líquido picante",
        "ko": "고추를 갈아 맛있고 매운 추출액을 만들 수 있습니다.",
        "de": "Mixt Pfeffer zu einer leckeren, scharfen Flüssigkeit.",
        // "fr": "",
        // "hu": "",
        // "it": "",
        "ja": "トウガラシをスパイシーでおいしいエキスにする。",
        "pt": "Usado para transformar pimenta em um extrato picante.",
        "ru": "Молотит перцы в вкусную пряную жидкость.",
        // "tr": "",
        "zh": "把辣椒搅拌成美味的辣味液体。",
    }
}
