{
    "Name": "Mint Schnapps",
    "Description": "Drink in  moderation.",
    "Category": "ArtisanGoods",
    "Edibility": 14,
    "EdibleIsDrink": true,
    "EdibleBuffs":
    {
        "Farming": 0,
        "Fishing": 0,
        "Mining": 0,
        "Luck": 0,
        "Foraging": 0,
        "MaxStamina": 0,
        "MagnetRadius": 0,
        "Speed": -2,
        "Defense": 0,
        "Attack": 0,
        "Duration": 180,
    },
    "Price": 600,
    "IsColored": false,
    "Recipe": null,
    "GiftTastes":
    {
        "Love": ["Pam", "Shane"],
        "Like": ["Marnie", "Clint", "George", "Sebastian", "Abigial", "Alex", "Caroline", "Demetrius", "Dwarf", "Elliott", "Emily", "Evelyn", "Gus", "Haley", "Harvey", "Jodi", "Kent", "Krobus", "Leah", "Lewis", "Linus", "Maru", "Pierre", "Robin", "Sam", "Sandy", "Willy", "Wizard"],
        "Dislike": ["Penny"],
        "Hate": ["Vincent", "Jas"]
    },
    "NameLocalization":
    {
        "es": "Aguardiente de menta",
        "ko": "민트 슈냅스",
        "de": "Minz Schnaps",
         // "fr": "",
         // "hu": "",
         // "it": "",
        "ja": "ミントシュナップス",
         // "pt": "",
         // "ru": "",
         // "tr": "",
        "zh": "薄荷味烈酒",
    },
    "DescriptionLocalization":
    {
        "es": "Beber con moderación.",
        "ko": "절제해서 드세요.",
        "de": "Trinken Sie in Maßen.",
         // "fr": "",
         // "hu": "",
         // "it": "",
        "ja": "飲む時はほどほどに。",
         // "pt": "",
         // "ru": "",
         // "tr": "",
        "zh": "适量饮酒。",
    }
}