{
    "Name": "Biscotti",
    "Description": "A crumbly, crunchy treat topped with chocolate.",
    "Category": "Cooking",
    "Edibility": 36,
    "EdibleIsDrink": false,
    "EdibleBuffs": null,
    "Price": 800,
    "IsColored": false,
    "Recipe":
    {
        "ResultCount": 1,
        "Ingredients": [
        {
            "Object": "Almond",
            "Count": 1,
        },
        {
            "Object": "Chocolate",
            "Count": 1,
        },
        {
            "Object": 246,
            "Count": 1,
        },
        {
            "Object": 245,
            "Count": 1,
        },
        {
            "Object": -5,
            "Count": 1,
        }],
        "CanPurchase": true,
        "PurchaseFrom": "Gus",
        "PurchasePrice": 400,
        "PurchaseRequirements": null,
    },
    "NameLocalization":
    {
        "es": "Cantuccini",
        "ko": "비스코티",
        "de": "Biscotti",
         // "fr": "",
         // "hu": "",
         // "it": "",
        "ja": "ビスコッティ",
        "pt": "Biscotti",
        "ru": "Бискотти",
         // "tr": "",
        "zh": "比斯科蒂饼干",
    },
    "DescriptionLocalization":
    {
        "es": "Una golosina con chocolate desmenuzable y crujiente.",
        "ko": "잘 바스러지는, 초콜릿을 바른 바삭바삭한 간식.",
        "de": "Ein bröckeliger, knuspriger Leckerbissen mit Schokoladenüberzug.",
         // "fr": "",
         // "hu": "",
         // "it": "",
        "ja": "チョコレートをトッピングした、パリパリサクサクのお菓子。",
        "pt": "Uma guloseima crocante com cobertura de chocolate.",
        "ru": "Хрупкое хрустящее угощение с шоколадом.",
         // "tr": "",
        "zh": "意大利的传统饼干，上面放有巧克力，口感松脆坚硬。",
    }
}