{
    "Name": "Chamomile",
    "Product": "Chamomile",
    "SeedName": "Chamomile Seeds",
    "SeedDescription": "Plant these in spring. Takes 5 days to mature.",
    "Type": "Flower",

    "Seasons": ["spring"],
    "Phases": [1, 1, 2, 1],
    "RegrowthPhase": -1,
    "HarvestWithScythe": false,
    "TrellisCrop": false,
    "Colors": null,
    "Bonus":
    {
        "MinimumPerHarvest": 1,
        "MaximumPerHarvest": 1,
        "MaxIncreasePerFarmLevel": 5,
        "ExtraChance": 0.0,
    },

    "SeedPurchasePrice": 30,
    "SeedNameLocalization":
    {
        "es": "Semillas de manzanilla",
        "ko": "캐모마일 씨앗",
        "de": "Kamillen-Saat",
        "fr": "Graines d'chamomile",
         // "hu": "",
         // "it": "",
        "ja": "カモミールの種",
        "pt": "Sementes de Camomila",
        "ru": "Семена ромашки",
         // "tr": "",
        "zh": "洋甘菊种子",
    },
    "SeedDescriptionLocalization":
    {
        "es": "Plántalas estos en primavera. Toma 5 días para madurar.",
        "ko": "봄에 심으세요. 5일후 꽃이 핍니다.",
        "de": "Pflanze sie im Frühling. Wächst in 5 Tagen heran.",
        "fr": "Plantez-les au printemps. Prend 5 jours pour grandir.",
         // "hu": "",
         // "it": "",
        "ja": "春植えの花。5日かけて花を咲かせる。",
        "pt": "Plante-as na Primavera. Demoram 5 dias para amadurecerem.",
        "ru": "Сажайте весной. Вырастает через 5 дней.",
         // "tr": "",
        "zh": "春天播种。5天收获。",
    }
}
