{
    "Name": "Smoked River Fish",
    "Description": "A simple dish of smoked river fish. It was smoking for hours.",
    "Category": "ArtisanGoods",
    "Edibility": 60,
    "Price": 100,
    "IsColored": false,
    "Recipe": null,
    "GiftTastes":
    {
        "Dislike": ["Abigail", "Alex", "Caroline", "Clint", "Dwarf", "Emily", "George", "Gus", "Harvey", "Jas", "Jodi", "Kent", "Krobus", "Leah", "Lewis", "Marnie", "Maru", "Penny", "Robin", "Sam", "Sandy", "Shane", "Vincent", "Wizard"],
        "Hate": ["Evelyn", "Haley", "Pierre"],
    },
    "NameLocalization":
    {
        "es": "Pescado de río ahumado",
        "ko": "강 훈제어",
        "de": "Geräucherter Flussfisch",
        // "fr": "",
        // "hu": "",
        // "it": "",
        "ja": "川の魚のくん製",
        "pt": "Peixe Defumado de Rio",
        "ru": "Копчёная речная рыба",
        // "ru": "",
        // "tr": "",
        "zh": "烟熏河鱼",
    },
    "DescriptionLocalization":
    {
        "es": "Un plato sencillo de pescado de río ahumado. Ahumado por horas.",
        "ko": "간단한 강 훈제어. 훈제하는데 몇 시간이 소요됩니다.",
        "de": "Ein einfaches Gericht mit über Stunden geräuchertem Flussfisch.",
        // "fr": "",
        // "hu": "",
        // "it": "",
        "ja": "シンプルな魚のくん製。時間をかけていぶした。",
        "pt": "Uma iguaria simples de peixe defumado de rio. Foi defumado por várias horas.",
        "ru": "Простое блюдо из копчёной речной рыбы. Коптилось часами.",
        // "ru": "",
        // "tr": "",
        "zh": "一盘简单的熏河鱼。它已经被熏制好几个小时了。",
    }
}
