[
	{
		"Id": "ppja.bakedsweetpotatorecipe",
		"Text": "@，^^  我通常不会把我的食谱给陌生人。但是，自从你搬到山谷以来，你一直对我很好。我很高兴称你为朋友。^^ -莱纳斯",
		"Recipe": "Baked Sweet Potato",
		"WhichBG": 0,
		"Date": "25 fall Y1",
		"Seasons":  ["fall", "winter"],
		"Repeatable": false,
		"FriendshipConditions":
		[
			{ "NpcName": "Linus", "FriendshipLevel": 5 }
		],
		/*"SkillConditions": 
		[
			{ "SkillName": "Farming", "SkillLevel": 1 }
		]*/
	},
	{
		"Id": "ppja.bananapuddingrecipe",
		"Text": "我想我会把我长期不用的食谱给你。尽量别把它烧了。如果你这么做，你会给我留下深刻的不良印象。^^ -乔治",
		"Recipe": "Banana Pudding",
		"WhichBG": 0,
		"Date": "1 spring Y1",
		"Repeatable": false,
		"FriendshipConditions":
		[
			{ "NpcName": "George", "FriendshipLevel": 5 }
		],
	},
	{
		"Id": "ppja.broccoliandcheeserecipe",
		"Text": "早上好 @^^ 我的这个食谱来自于一本叫做《盘子里的食物》的食谱。这是一个很棒的，很容易制作的食谱。我做过很多次了。也许你想试试？^^  -皮埃尔",
		"Recipe": "Broccoli and Cheese",
		"WhichBG": 0,
		"Date": "6 summer Y2",
		"Repeatable": false,
		"Weather":  "rainy",
		"FriendshipConditions":
		[
			{ "NpcName": "Pierre", "FriendshipLevel": 5 }
		],
	},
	{
		"Id": "ppja.brownsugarrecipe",
		"Text": "@，^^  祝贺你！你把你的农场打理得有条不紊，这说明你很有经验！作为奖励，请接受这个食谱。 ^^ 由衷祝贺你的刘易斯镇长",
		"Recipe": "Brown Sugar",
		"WhichBG": 0,
		"Date": "1 spring Y1",
		"Repeatable": false,
		"SkillConditions": 
		[
			{ "SkillName": "Foraging", "SkillLevel": 3 }
		]
	},
	{
		"Id": "ppja.carrotcakerecipe",
		"Text": "亲爱的 @，^^ 没有什么比用自家菜园里的新鲜胡萝卜做菜更令人满足的了!我要和你分享一个我用过的食谱，它尝起来很美味!^^ -卡洛琳",
		"Recipe": "Carrot Cake",
		"WhichBG": 0,
		"Date": "1 spring Y2",
		"Repeatable": false,
		"FriendshipConditions":
		[
			{ "NpcName": "Caroline", "FriendshipLevel": 3 }
		],
	},
	{
		"Id": "ppja.cassavacakerecipe",
		"Text": "早上好 @，^^ 我在沙漠里太无聊了，所以给你写了封信。这是一种叫做木薯蛋糕的食谱。我只是找不到有关它的任何信息。我希望你能知道。谢谢你！^^ -桑迪",
		"Recipe": "Cassava Cake",
		"WhichBG": 0,
		"Date": "19 summer Y2",
		"Repeatable": false,
		"FriendshipConditions":
		[
			{ "NpcName": "Sandy", "FriendshipLevel": 3 }
		],
	},
	{
		"Id": "ppja.chefsaladrecipe",
		"Text": "我想说声“谢谢”，因为你对我的工作很感兴趣。这是我喜欢的烹饪食谱。^^ -德米特里厄斯",
		"Recipe": "Chef Salad",
		"WhichBG": 0,
		"Date": "1 spring Y2",
		"Repeatable": false,
		"FriendshipConditions":
		[
			{ "NpcName": "Demetrius", "FriendshipLevel": 5 }
		],
	},
	{
		"Id": "ppja.farofarecipe",
		"Text": "亲爱的 @，^^ 我在沙漠里太无聊了，所以给你写了封信。你可能有一个非常好的晚餐食谱，你可以用它作为装饰或配菜。我有预感很快就会收到你的来信！^^ -桑迪",
		"Recipe": "Farofa",
		"WhichBG": 0,
		"Date": "1 fall Y3",
		"Repeatable": false,
		"FriendshipConditions":
		[
			{ "NpcName": "Sandy", "FriendshipLevel": 10 }
		],
	},
	{
		"Id": "ppja.figtartrecipe",
		"Text": "亲爱的 @，^^  这是我的一个旧食谱，我经常在冬天使用它;当无花果成熟时就可以用上。你是否有在农场里种点无花果？如果你哪天做了无花果馅饼，能不能给我带一块来？我会非常喜欢它的。^^ -罗宾 ",
		"Recipe": "Fig Tart",
		"WhichBG": 0,
		"Date": "1 winter Y2",
		"Repeatable": false,
		"FriendshipConditions":
		[
			{ "NpcName": "Robin", "FriendshipLevel": 7 }
		],
	},
	{
		"Id": "ppja.gooseberrypierecipe",
		"Text": "@，^^  这是我著名的食谱，醋栗派。罗宾很喜欢这个派——我做的时候她一刻不停地谈论关于它的一切。你最好配上一勺热冰淇淋，再撒上新鲜的醋栗。^^ -皮埃尔",
		"Recipe": "Gooseberry Pie",
		"WhichBG": 0,
		"Date": "1 summer Y3",
		"Repeatable": false,
		"FriendshipConditions":
		[
			{ "NpcName": "Pierre", "FriendshipLevel": 5 }
		],
	},
	{
		"Id": "ppja.islandsaladrecipe",
		"Text": "早上好 @，^^ 我的这个食谱是这里最受欢迎的食谱，所以我把它分享给你。享受它吧!^^  -乔迪",
		"Recipe": "Island Salad",
		"WhichBG": 0,
		"Date": "1 spring Y2",
		"Repeatable": false,
		"FriendshipConditions":
		[
			{ "NpcName": "Jodi", "FriendshipLevel": 5 }
		],
	},
	{
		"Id": "ppja.melonsalad",
		"Text": "@！^^ 我知道我通常喜欢超级健康的食物，但有时，你只是想吃一些疯狂的东西。一个既美味又超级容易做的食谱无疑是我的食谱中必须的!自从我第一次想到这个主意的时候，我就一直想要想出一个甜甜的甜瓜的食谱，但是直到昨晚我才有了主意。快来试一下!^^  -艾米丽",
		"Recipe": "Melon Salad",
		"WhichBG": 0,
		"Date": "8 spring Y3",
		"Repeatable": false,
		"Weather":  "rainy",
		"FriendshipConditions":
		[
			{ "NpcName": "Emily", "FriendshipLevel": 8 }
		],
	},
	{
		"Id": "ppja.pbjsandwichrecipe",
		"Text": "@，^^  祝贺你！你把你的农场打理得有条不紊，这说明你很有经验！作为奖励，请接受这个食谱。 ^^ 由衷祝贺你的刘易斯镇长",
		"Recipe": "PB&J Sandwich",
		"WhichBG": 0,
		"Date": "1 spring Y1",
		"Repeatable": false,
		"SkillConditions": 
		[
			{ "SkillName": "Farming", "SkillLevel": 4 }
		]
	},
	{
		"Id": "ppja.poachedpearrecipe",
		"Text": "Hello @，^^ 这是我酒吧的食谱。我只和我的好朋友分享！^^ -格斯",
		"Recipe": "Poached Pear",
		"WhichBG": 0,
		"Date": "1 spring Y2",
		"Repeatable": false,
		"FriendshipConditions":
		[
			{ "NpcName": "Gus", "FriendshipLevel": 5 }
		],
	},
	{
		"Id": "ppja.raspberrytartrecipe",
		"Text": "嘿！^^  我用空闲的时间誊抄了我奶奶的一个旧食谱。我加了一些东西使它更甜。享受它吧！^^ -罗宾",
		"Recipe": "Raspberry Tart",
		"WhichBG": 0,
		"Date": "1 summer Y3",
		"Repeatable": false,
		"FriendshipConditions":
		[
			{ "NpcName": "Robin", "FriendshipLevel": 10 }
		],
	},
	{
		"Id": "ppja.ricepilaf",
		"Text": "亲爱的 @，^^ 这是我酒馆里的主食食谱。让我来教你怎么做这个，这是一个非常简单的食谱。^^附注:我只和我的好朋友分享这个！ ^^ -格斯",
		"Recipe": "Rice Pilaf",
		"WhichBG": 0,
		"Date": "1 spring Y2",
		"Repeatable": false,
		"FriendshipConditions":
		[
			{ "NpcName": "Gus", "FriendshipLevel": 5 }
		],
	},
	{
		"Id": "ppja.sauteedonionsrecipe",
		"Text": "亲爱的邻居,^^ 当我不照顾动物时，我喜欢在厨房里做实验。自从我们成为朋友以来，我一直在研究炒洋葱的食谱。你不需要太多的努力，把它放入锅里，做出可口的味道。^^  -玛妮",
		"Recipe": "Sauteed Onions",
		"WhichBG": 0,
		"Date": "1 spring Y3",
		"Repeatable": false,
		"FriendshipConditions":
		[
			{ "NpcName": "Marnie", "FriendshipLevel": 8 }
		],
	},
	{
		"Id": "ppja.stuffedbellpeppersrecipe",
		"Text": "@，^^ 我在一本杂志上找到了这个食谱，我觉得它听起来很有趣。如果你做了，请随便给我尝一尝。呵呵。^^  -谢恩",
		"Recipe": "Stuffed Bell Peppers",
		"WhichBG": 0,
		"Date": "1 spring Y2",
		"Repeatable": false,
		"FriendshipConditions":
		[
			{ "NpcName": "Shane", "FriendshipLevel": 5 }
		],
	},
	{
		"Id": "ppja.sweetpotatofriesrecipe",
		"Text": "嘿，孩子，^^ 这是我爸爸以前做的小点心的配方。他用了两个大红薯。如果你想要更多的味道，你也可以添加红糖。^^ -潘姆",
		"Recipe": "Sweet Potato Fries",
		"WhichBG": 0,
		"Date": "1 spring Y1",
		"Repeatable": false,
		"FriendshipConditions":
		[
			{ "NpcName": "Pam", "FriendshipLevel": 5 }
		],
	},
	{
		"Id": "ppja.tropicalfruitsaladrecipe",
		"Text": "@，^^ 记住要吃得健康，否则你就没有足够的精力去努力工作了！随信附上我最喜欢的食谱之一。^^  -刘易斯",
		"Recipe": "Tropical Fruit Salad",
		"WhichBG": 0,
		"Date": "1 spring Y1",
		"Seasons":  ["spring", "summer"],
		"Repeatable": false,
		"FriendshipConditions":
		[
			{ "NpcName": "Lewis", "FriendshipLevel": 5 }
		],
	},
	{
		"Id": "ppja.vegetablestirfryrecipe",
		"Text": "早上好 @,^^  在我离开之前，我妻子一直都是这么做这道菜的。我想你可能会想试试。^^  -肯特",
		"Recipe": "Vegetable Stirfry",
		"WhichBG": 0,
		"Date": "1 spring Y3",
		"Repeatable": false,
		"FriendshipConditions":
		[
			{ "NpcName": "Kent", "FriendshipLevel": 5 }
		],
	},
	{
		"Id": "ppja.bobatearecipe",
		"Text": "@,^^ 这可能看起来很奇怪，但当我上次在祖祖市的时候，我第一次尝试了这个。你可能也会喜欢。^^  -塞巴斯蒂安",
		"Recipe": "Boba Tea",
		"WhichBG": 0,
		"Date": "1 spring Y1",
		"Repeatable": false,
		"FriendshipConditions":
		[
			{ "NpcName": "Sebastian", "FriendshipLevel": 3 }
		],
	},
	{
		"Id": "ppja.dandeliontearecipe",
		"Text": "亲爱的 @,^^  多年来群山一直对我很好。我希望他们教我的这个食谱对你有益。难得我遇到你这样的欣赏坦诚生活方式的人。^^ -莱纳斯",
		"Recipe": "Dandelion Tea",
		"WhichBG": 0,
		"Date": "1 spring Y1",
		"Seasons":  ["spring", "fall"],
		"Repeatable": false,
		"FriendshipConditions":
		[
			{ "NpcName": "Linus", "FriendshipLevel": 2 }
		],
	},
]