[
	{
		"Id": "ppja.icedchristmastreerecipe",
		"GroupID": "ChristmasSweets.RandomCookieRecipe",
		"Title": "icedchristmastreerecipe.title",
		"Text": "icedchristmastree.text",
		"Recipe": "Iced Christmas Tree",
		"WhichBG": 2,
		"Date": "1 winter Y1",
		"Seasons": ["winter"],
		"Repeatable": false,
		"FriendshipConditions":
		[
			{ "NpcName": "Evelyn", "FriendshipLevel": 4 }
		],
		"RandomChance": 0.10,
	},
	{
		"Id": "ppja.icedecoratedchristmastree",
		"GroupID": "ChristmasSweets.RandomCookieRecipe",
		"Title": "icedecoratedchristmastree.title",
		"Text": "iceddecoratedchristmastree.text",
		"Recipe": "Iced Decorated Christmas Tree",
		"WhichBG": 2,
		"Date": "1 winter Y1",
		"Seasons": ["winter"],
		"Repeatable": false,
		"FriendshipConditions":
		[
			{ "NpcName": "Evelyn", "FriendshipLevel": 4 }
		],
		"RandomChance": 0.10,
	},
	{
		"Id": "ppja.icedgreenchristmastree",
		"GroupID": "ChristmasSweets.RandomCookieRecipe",
		"Title": "icedgreenchristmastree.title",
		"Text": "icedgreenchristmastree.text",
		"Recipe": "Iced Green Christmas Tree",
		"WhichBG": 2,
		"Date": "1 winter Y1",
		"Seasons": ["winter"],
		"Repeatable": false,
		"FriendshipConditions":
		[
			{ "NpcName": "Evelyn", "FriendshipLevel": 4 }
		],
		"RandomChance": 0.10,
	},
	{
		"Id": "ppja.jamfilledcookie",
		"GroupID": "ChristmasSweets.RandomCookieRecipe",
		"Title": "jamfilledcookie.title",
		"Text": "jamfilledcookie.text",
		"Recipe": "Jam-Filled Cookie",
		"WhichBG": 2,
		"Date": "1 winter Y1",
		"Seasons": ["winter"],
		"Repeatable": false,
		"FriendshipConditions":
		[
			{ "NpcName": "Evelyn", "FriendshipLevel": 4 }
		],
		"RandomChance": 0.10,
	},
	{
		"Id": "ppja.mittencookie",
		"GroupID": "ChristmasSweets.RandomCookieRecipe",
		"Title": "mittencookie.title",
		"Text": "mittencookie.text",
		"Recipe": "Mitten Cookie",
		"WhichBG": 2,
		"Date": "1 winter Y1",
		"Seasons": ["winter"],
		"Repeatable": false,
		"FriendshipConditions":
		[
			{ "NpcName": "Evelyn", "FriendshipLevel": 4 }
		],
		"RandomChance": 0.10,
	},
	{
		"Id": "ppja.pufferchickcookie",
		"GroupID": "ChristmasSweets.RandomCookieRecipe",
		"Title": "pufferchickcookie.title",
		"Text": "pufferchickcookie.text",
		"Recipe": "Pufferchick Cookie",
		"WhichBG": 2,
		"Date": "1 winter Y1",
		"Seasons": ["winter"],
		"Repeatable": false,
		"FriendshipConditions":
		[
			{ "NpcName": "Evelyn", "FriendshipLevel": 4 }
		],
		"RandomChance": 0.10,
	},
	{
		"Id": "ppja.snowmancookie",
		"GroupID": "ChristmasSweets.RandomCookieRecipe",
		"Title": "snowmancookie.title",
		"Text": "snowmancookie.text",
		"Recipe": "Snowman Cookie",
		"WhichBG": 2,
		"Date": "1 winter Y1",
		"Seasons": ["winter"],
		"Repeatable": false,
		"FriendshipConditions":
		[
			{ "NpcName": "Evelyn", "FriendshipLevel": 4 }
		],
		"RandomChance": 0.10,
	},
	{
		"Id": "ppja.holydecoratedcookie",
		"GroupID": "ChristmasSweets.RandomCookieRecipe",
		"Title": "holydecoratedcookie.title",
		"Text": "hollydecoratedcookie.text",
		"Recipe": "Holly Decorated Cookie",
		"WhichBG": 2,
		"Date": "1 winter Y1",
		"Seasons": ["winter"],
		"Repeatable": false,
		"FriendshipConditions":
		[
			{ "NpcName": "Evelyn", "FriendshipLevel": 4 }
		],
		"RandomChance": 0.10,
	},
	{
		"Id": "ppja.snowmanscenerycookie",
		"GroupID": "ChristmasSweets.RandomCookieRecipe",
		"Title": "snowmanscenerycookie.title",
		"Text": "snowmanscenerycookie.text",
		"Recipe": "Snowman Scenery Cookie",
		"WhichBG": 2,
		"Date": "1 winter Y1",
		"Seasons": ["winter"],
		"Repeatable": false,
		"FriendshipConditions":
		[
			{ "NpcName": "Evelyn", "FriendshipLevel": 4 }
		],
		"RandomChance": 0.10,
	},
	{
		"Id": "ppja.stardrop",
		"GroupID": "ChristmasSweets.RandomCookieRecipe",
		"Title": "stardropcookie.title",
		"Text": "stardropcookie.text",
		"Recipe": "Stardrop Cookie",
		"WhichBG": 2,
		"Date": "1 winter Y1",
		"Seasons": ["winter"],
		"Repeatable": false,
		"FriendshipConditions":
		[
			{ "NpcName": "Evelyn", "FriendshipLevel": 4 }
		],
		"RandomChance": 0.10,
	},
	{
		"Id": "ppja.stockingcookie",
		"GroupID": "ChristmasSweets.RandomCookieRecipe",
		"Title": "stockingcookie.title",
		"Text": "stockingcookie.text",
		"Recipe": "Stocking Cookie",
		"WhichBG": 2,
		"Date": "1 winter Y1",
		"Seasons": ["winter"],
		"Repeatable": false,
		"FriendshipConditions":
		[
			{ "NpcName": "Evelyn", "FriendshipLevel": 4 }
		],
		"RandomChance": 0.10,
	},
	{
		"Id": "ppja.christmaschocolatecandiecookies",
		"GroupID": "ChristmasSweets.RandomCookieRecipe",
		"Title": "christmaschocolatecandiecookies.title",
		"Text": "christmaschocolatecandiecookies.text",
		"Recipe": "Christmas Chocolate Candie Cookies",
		"WhichBG": 2,
		"Date": "1 winter Y1",
		"Seasons": ["winter"],
		"Repeatable": false,
		"FriendshipConditions":
		[
			{ "NpcName": "Evelyn", "FriendshipLevel": 4 }
		],
		"RandomChance": 0.10,
	},
]