{
    "Name": "Jam-Filled Cookie",
    "Description": "A hard cookie filled with yummy jam.",
    "Category": "Cooking",
    "Edibility": 45,
    "EdibleIsDrink": false,
    "EdibleBuffs": null,
    "Price": 190,
    "IsColored": false,
    "Recipe":
    {
        "ResultCount": 1,
        "Ingredients": [
        {
            "Object": 246,
            "Count": 1,
        },
        {
            "Object": 245,
            "Count": 1,
        },
        {
            "Object": -5,
            "Count": 1,
        },
        {
            "Object": 344,
            "Count": 1,
        }, ],
    },
    "GiftTastes":
    {
        "Like": ["Abigail", "Alex", "Caroline", "Clint", "Demetrius", "Dwarf", "Elliott", "Emily", "Evelyn", "George", "Gus", "Haley", "Jas", "Jodi", "Kent", "Lewis", "Linus", "Marnie", "Maru", "Pam", "Penny", "Pierre", "Robin", "Sam", "Sandy", "Sebastian", "Shane", "Vincent", "Wizard"],
        "Dislike": ["Harvey", "Krobus", "Leah", "Willy"],
    },
    "NameLocalization":
    {
        // "es": "",
        "ko": "잼을 채운 쿠키",
         "de": "Mit Marmelade gefüllter Keks",
        // "fr": "",
        // "hu": "",
        // "it": "",
        "ja": "ジャムクッキー",
        "pt": "Maslenki",
        // "ru": "",
        // "tr": "",
        "zh": "果酱饼干",
    },
    "DescriptionLocalization":
    {
        // "es": "",
        "ko": "달콤한 잼으로 속을 채운 쿠키",
         "de": "Ein harter Keks gefüllt mit leckerer Marmelade.",
        // "fr": "",
        // "hu": "",
        // "it": "",
        "ja": "固めに焼いたクッキーにおいしいジャムを練り込んだ。",
        "pt": "Um biscoito duro cheio de geléia deliciosa.",
        // "ru": "",
        // "tr": "",
        "zh": "装满美味果酱的硬饼干。",
    }
}