{
    "Name": "Gold Thread",
    "Description": "A spool of golden thread. It sparkles in the light.",
    "Category": "ArtisanGoods",
    "Edibility": -300,
    "Price": 350,
    "IsColored": false,
    "Recipe": null,
    "GiftTastes":
    {
        "Love": ["Emily", "Evelyn", "Clint", "Maru", "Krobus", "Willy"],
        "Neutral": ["Marnie", "Gus", "George", "Sebastian", "Abigail", "Alex", "Caroline", "Demetrius", "Dwarf", "Elliott", "Haley", "Harvey", "Jodi", "Kent", "Leah", "Lewis", "Linus", "Pierre", "Robin", "Sandy", "Wizard", "Pam", "Shane", "Penny", "Vincent", "Jas", "Leah"],
        "Dislike": ["Sam"]
    },
    "NameLocalization":
    {
        "es": "Hebra de oro",
        "ko": "금실",
        "de": "Goldfaden",
         // "fr": "",
         // "hu": "",
         // "it": "",
        "ja": "金の糸",
        "pt": "Fio Dourado",
        "ru": "Золотая нить",
         // "tr": "",
        "zh": "金线",
    },
    "DescriptionLocalization":
    {
        "es": "Un carrete de hilo dorado. Brilla a la luz.",
        "ko": "금실 한 꾸리. 빛을 비추면 반짝입니다.",
        "de": "Eine Spule mit goldenem Faden. Er funkelt im Licht.",
         // "fr": "",
         // "hu": "",
         // "it": "",
        "ja": "金色の糸を巻き上げたもの。光り輝いている。",
        "pt": "Um carretel de fio dourado. Brilha na luz.",
        "ru": "Катушка с золотой нитью. Она сверкает на свету.",
         // "tr": "",
        "zh": "一卷金线。它在阳光下闪闪发光。",
    }
}