{
    "Name": "Prismatic Candy Cane",
    "Description": "No prismatic shards were harmed in the making of this candy cane.",
    "Category": "Cooking",
    "Edibility": 48,
    "EdibleIsDrink": false,
    "EdibleBuffs": null,
    "Price": 500,
    "IsColored": false,
    "Recipe":
    {
        "ResultCount": 1,
        "Ingredients": [
        {
            "Object": "Peppermints",
            "Count": 1,
        },
        {
            "Object": 635,
            "Count": 1,
        },
        {
            "Object": 638,
            "Count": 1,
        },
        {
            "Object": 258,
            "Count": 1,
        }, ],
        "IsDefault": true,
    },
    "GiftTastes":
    {
        "Dislike": ["Alex", "Caroline", "Clint", "Demetrius", "Dwarf", "Elliott", "George", "Gus", "Harvey", "Jas", "Jodi", "Kent", "Leah", "Lewis", "Linus", "Marnie", "Pam", "Penny", "Pierre", "Robin", "Sam", "Sandy", "Shane", "Vincent", "Wizard", "Abigail", "Haley", "Maru", "Sebastian", "Evelyn", "Emily", "Krobus", "Willy"],
    },
    "NameLocalization":
    {
        // "es": "",
        "ko": "무지개빛 사탕지팡이",
        "de": "Prismatische Zuckerstange",
        // "fr": "",
        // "hu": "",
        // "it": "",
        "ja": "プリズムキャンディーケイン",
        "pt": "Bastão Doce Prismático",
        // "ru": "",
        // "tr": "",
        "zh": "五彩手杖糖",
    },
    "DescriptionLocalization":
    {
        // "es": "",
        "ko": "이 사탕을 만든다고 무지개빛파편이 손상되진 않았습니다.",
        "de": "Bei der Herstellung dieser Zuckerstange wurden keine prismatischen Scherben verletzt.",
        // "fr": "",
        // "hu": "",
        // "it": "",
        "ja": "このお菓子の作成にはレインボージェムは要りません。",
        "pt": "Nenhum fragmento prismático foi quebrado na fabricação deste biscoito.",
        // "ru": "",
        // "tr": "",
        "zh": "在制作这根手杖糖的过程中，可以发誓没有五彩碎片受到伤害。",
    }
}