{
    "Name": "Lily",
    "Description": "The white variety of this flower is often used in ceremonies.",
    "Category": "Flower",
    "Edibility": 15,
    "Price": 150,
	"IsColored": true,
	"Recipe": null,
	"NameLocalization": { 
    "es": "Lila",
    "ko": "백합",
    "de": "Lilie",
     // "fr": "",
     // "hu": "",
     // "it": "",
     // "ja": "",
    "pt": "Lírios",
     // "ru": "",
     // "tr": "",
    "zh": "百合花",
     },
 "DescriptionLocalization": { 
    "es": "Una planta grande y tupida que produce flores de olor dulce.",
    "ko": "하얀 백합은 종종 의식에 사용되기도 합니다.",
    "de": "Die weiße Sorte dieser Blume wird häufig in Zeremonien verwendet.",
     // "fr": "",
     // "hu": "",
     // "it": "",
     // "ja": "",
    "pt": "A variedade branca desta flor é freqüentemente usada em cerimônias.",
     // "ru": "",
     // "tr": "",
    "zh": "这种花的白色品种在典礼中经常使用。",
    },
    "ContextTags": [
    	"color_white",
    	"season_summer",
    	"flower_item"
    ]
}
