{
    "Name": "Clematis",
    "Product": "Clematis",
    "SeedName": "Clematis Starter",
    "SeedDescription": "Plant in the fall. Takes 10 days to mature, but keeps producing after that. Grows on a trellis.",
    "Type": "Flower",

    "Seasons": ["fall"],
    "Phases": [1, 2, 2, 3, 2],
    "RegrowthPhase": 3,
    "HarvestWithScythe": false,
    "TrellisCrop": true,
    "Colors": null,
    "Bonus":
    {
        "MinimumPerHarvest": 1,
        "MaximumPerHarvest": 2,
        "MaxIncreasePerFarmLevel": 8,
        "ExtraChance": 0.2,
    },
    "SeedPurchaseRequirements": null,
    "SeedPurchasePrice": 50,
    "SeedNameLocalization":
    {
        "es": "Kit de clemátide",
        "ko": "클레머티스 씨앗",
        "de": "Klematis-Saat",
         // "fr": "",
         // "hu": "",
         // "it": "",
         // "ja": "",
        "pt": "Semente de Atragene",
         // "ru": "",
         // "tr": "",
        "zh": "铁线莲种子",
    },
    "SeedDescriptionLocalization":
    {
        "es": "Plántalas en otoño. Toma 10 días para madurar, sigue produciendo después de la primera cosecha. Crece en una espaldera.",
        "ko": "가을에 심습니다. 10일후에 피며, 수확한 후에도 계속 피어 납니다.",
        "de": "Pflanze im Herbst. Die Reifung dauert 10 Tage, produziert danach aber weiter. Wächst auf einer Ranke.",
         // "fr": "",
         // "hu": "",
         // "it": "",
         // "ja": "",
        "pt": "Plante-a no outono. Demoram 10 dias para crescerem, e continuam a produção após a primeira colheita. Crescem em uma treliça",
         // "ru": "",
         // "tr": "",
        "zh": "秋天下种。10天成熟，之后循环生产。在架子上生长。",
    }
}