{
    "Name": "Daiquiri",
    "Description": "A sweet drink of rum and fruit.",
    "Category": "Cooking",
    "Edibility": 53,
    "EdibleIsDrink": true,
    "EdibleBuffs":
    {
        "Farming": 0,
        "Fishing": 0,
        "Mining": 0,
        "Luck": 0,
        "Foraging": 0,
        "MaxStamina": 0,
        "MagnetRadius": 0,
        "Speed": -1,
        "Defense": 0,
        "Attack": 0,
        "Duration": 100,
    },
    "Price": 630,
    "IsColored": false,
    "CanPurchase": true,
    "PurchaseFrom": "Gus",
    "PurchasePrice": 955,
    "Recipe":
    {
        "ResultCount": 1,
        "Ingredients": [
        {
            "Object": "Rum",
            "Count": 1,
        },
        {
            "Object": 245,
            "Count": 1,
        },
        {
            "Object": -79,
            "Count": 1,
        }],
        "CanPurchase": true,
        "PurchaseFrom": "Gus",
        "PurchasePrice": 5630,
        "PurchaseRequirements": null,
    },

    "NameLocalization":
    {
        "es": "Daiquiri",
        "ko": "다이키리",
        // "de": "",
        // "fr": "",
        // "hu": "",
        // "it": "",
        // "ja": "",
        // "pt": "",
        // "ru": "",
        // "tr": "",
        "zh": "得其利",
    },
    "DescriptionLocalization":
    {
        "es": "Una bebida dulce de ron y fruta.",
        "ko": "럼과 과일의 달콤한 음료.",
        // "de": "",
        // "fr": "",
        // "hu": "",
        // "it": "",
        // "ja": "",
        // "pt": "",
        // "ru": "",
        // "tr": "",
        "zh": "得其利鸡尾酒。一种掺杂了朗姆酒与水果的甜饮料。",
    }
}