{
    "Name": "Moonshine Cherries",
    "Description": "Drunken cherries.",
    "Category": "Cooking",
    "Edibility": 55,
    "EdibleIsDrink": false,
    "EdibleBuffs":
    {
        "Farming": 0,
        "Fishing": 0,
        "Mining": 0,
        "Luck": 0,
        "Foraging": 0,
        "MaxStamina": 0,
        "MagnetRadius": 0,
        "Speed": -2,
        "Defense": 0,
        "Attack": 0,
        "Duration": 150,
    },
    "Price": 700,
    "IsColored": false,
    "Recipe":
    {
        "ResultCount": 1,
        "Ingredients": [
        {
            "Object": "Moonshine",
            "Count": 1,
        },
        {
            "Object": 638,
            "Count": 3,
        }],
        "CanPurchase": false,
    },

    "NameLocalization":
    {
        "es": "Moonshine con cerezas",
        "ko": "체리 밀주",
        "de": "Alkohol Kirschen",
        // "fr": "",
        // "hu": "",
        // "it": "",
        // "ja": "",
        // "pt": "",
        // "ru": "",
        // "tr": "",
        "zh": "月光樱桃",
    },
    "DescriptionLocalization":
    {
        "es": "Cerezas borrachas.",
        "ko": "술에 취한 체리.",
        "de": "Alkohol versetzte Kirschen",
        // "fr": "",
        // "hu": "",
        // "it": "",
        // "ja": "",
        // "pt": "",
        // "ru": "",
        // "tr": "",
        "zh": "月光樱桃。喝醉酒的樱桃。",
    }
}
