{
    "Name": "Bouquet of Exuberance",
    "Description": "A bouquet of brilliantly-colored flowers. It seems to be radiating energy.",
    "Category": "Crafting",
    "Edibility": -300,
    "Price": 1250,
    "IsColored": false,
    "Recipe":
    {
        "ResultCount": 1,
        "Ingredients": [
        {
            "Object": "Hibiscus",
            "Count": 1
        },
        {
            "Object": 591,
            "Count": 1
        },
        {
            "Object": 376,
            "Count": 1,
        },
        {
            "Object": "Herbal Peony",
            "Count": 1
        }],
        "CanPurchase": false,
    },
    "GiftTastes":
    {
        "Love": ["Harvey", "Emily"],
        "Like": ["Leah", "Abigail", "Elliott", "Penny", "Maru", "Shane", "Alex", "Sam", "Sebastian", "Haley"],
        "Neutral": ["Linus", "Wizard", "Gus", "Willy", "Dwarf", "Krobus", "Sandy"],
        "Dislike": ["Demetrius", "Evelyn", "Caroline", "Kent", "Lewis", "Marnie", "Robin", "Pam", "Pierre", "Jas", "Vincent"],
        "Hate": ["George", "Clint", "Jodi"]
    },
    "NameLocalization":
    {
        "es": "Ramo de exuberancia",
        "ko": "화려한 꽃다발",
        "de": "Blumenstrauß der Ausgelassenheit",
         // "fr": "",
         // "hu": "",
         // "it": "",
         // "ja": "",
        "pt": "Buquê da Exuberância",
         // "ru": "",
         // "tr": "",
        "zh": "繁茂花束",
    },
    "DescriptionLocalization":
    {
        "es": "Un ramo de flores brillantes. Parece estar irradiando energía.",
        "ko": "화려한 색의 꽃의 꽃다발입니다. 열정이 넘치는 것 같습니다.",
        "de": "Ein Blumenstrauß mit leuchtenden Farben. Es scheint Energie auszustrahlen.",
         // "fr": "",
         // "hu": "",
         // "it": "",
         // "ja": "",
        "pt": "Um buquê de flores de cores brilhantes. Parece estar irradiando energia.",
         // "ru": "",
         // "tr": "",
        "zh": "一束色彩鲜艳的花朵。散发着勃勃生机。",
    }
}