﻿{
    "Name": "Kumis",
    "Description": "A fermented beverage usually made from mare’s milk.",
    "Category": "ArtisanGoods",
    "Edibility": 22,
    "EdibleIsDrink": true,
    "Price": 200,
    "IsColored": false,
    "Recipe": null,
    "GiftTastes":
    {
        "Love": ["Sandy"],
        "Like": ["Abigail", "Alex", "Caroline", "Clint", "Demetrius", "Dwarf", "Elliott", "Emily", "Evelyn", "Gus", "Haley", "Harvey", "Jodi", "Krobus", "Leah", "Lewis", "Linus", "Marnie", "Maru", "Pam", "Penny", "Pierre", "Robin", "Sam", "Shane", "Willy", "Wizard"],
        "Dislike": ["George"],
        "Hate": ["Jas", "Kent", "Sebastian", "Vincent"],
    },
    "NameLocalization":
    {
        "es": "Kumis",
        "ko": "쿠미스",
        "de": "Kumys",
         // "fr": "",
         // "hu": "",
         // "it": "",
        "ja": "クミス",
         // "pt": "",
         // "ru": "",
         // "tr": "",
        "zh": "马奶酒",
    },
    "DescriptionLocalization":
    {
        "es": "Una bebida fermentada generalmente hecha de leche de yegua.",
        "ko": "말젖으로 만든 발효유.",
        "de": "Ein fermentiertes Getränk, das normalerweise aus Stutenmilch hergestellt wird.",
         // "fr": "",
         // "hu": "",
         // "it": "",
        "ja": "通常は馬の乳から作られる発酵飲料。",
         // "pt": "",
         // "ru": "",
         // "tr": "",
        "zh": "一种通常由马奶制成的发酵饮料。",
    }
}