{
    "Name": "Hyacinth",
    "Product": "Hyacinth",
    "SeedName": "Hyacinth Seeds",
    "SeedDescription": "Plant in spring. Takes 5 days to produce small clusters of sweet-smelling flowers.",
    "Type": "Flower",

    "Seasons": ["spring"],
    "Phases": [ 1, 1, 2, 1 ],
	"RegrowthPhase": -1,
    "HarvestWithScythe": false,
    "TrellisCrop": false,
    "Colors": [
		"85, 55, 255, 255",
		"185, 75, 255, 255",
		"254, 254, 254, 255"
	],
    "Bonus": {
        "MinimumPerHarvest": 1,
        "MaximumPerHarvest": 1,
        "MaxIncreasePerFarmLevel": 5,
        "ExtraChance": 0.0,
    },

	"SeedPurchaseRequirements": [
		"y 2",
	],
    "SeedPurchasePrice": 20,
    "SeedNameLocalization": { 
    "es": "Semillas de jacinto",
    "ko": "히아신스 씨앗",
    "de": "Hyazinthen Samen",
     // "fr": "",
     // "hu": "",
     // "it": "",
     // "ja": "",
    "pt": "Semente de Jacinto",
     // "ru": "",
     // "tr": "",
    "zh": "风信子种子",
    },
"SeedDescriptionLocalization": { 
    "es": "Plántalas en primavera. Toma 5 días para producir pequeños racimos de flores con un dulce olor.",
    "ko": "봄에 심습니다. 5일후에 달콤한 향이 나는 꽃이 핍니다.",
    "de": "Im Frühjahr pflanzen. Dauert 5 Tage, um kleine Gruppen von süß duftenden Blumen zu produzieren.",
     // "fr": "",
     // "hu": "",
     // "it": "",
     // "ja": "",
    "pt": "Plante-a  na primavera. Demoram 5 dias para nascer pequenos cachos de flores com cheiro doce.",
     // "ru": "",
     // "tr": "",
    "zh": "春天下种。5天产出小簇的香甜花朵。",
    }
}
