{
    "Name": "Iced Decorated Christmas Tree",
    "Description": "It kinda looks like a Christmas tree. This one has ornaments on it.",
    "Category": "Cooking",
    "Edibility": 48,
    "EdibleIsDrink": false,
    "EdibleBuffs": null,
    "Price": 500,
    "IsColored": false,
    "Recipe":
    {
        "ResultCount": 1,
        "Ingredients": [
        {
            "Object": 486,
            "Count": 1,
        },
        {
            "Object": 245,
            "Count": 1,
        },
        {
            "Object": -5,
            "Count": 1,
        },
        {
            "Object": 246,
            "Count": 1,
        },
        {
            "Object": "Sprinkles",
            "Count": 1,
        }, ],
        "IsDefault": true,
    },
    "GiftTastes":
    {
        "Love": ["Abigail", "Haley", "Maru", "Sebastian"],
        "Like": ["Alex", "Caroline", "Clint", "Demetrius", "Dwarf", "Elliott", "George", "Gus", "Harvey", "Jas", "Jodi", "Kent", "Leah", "Lewis", "Linus", "Marnie", "Pam", "Penny", "Pierre", "Robin", "Sam", "Sandy", "Shane", "Vincent", "Wizard"],
        "Neutral": ["Emily", "Krobus", "Willy"],
        "Hate": ["Evelyn"],
    },
    "NameLocalization":
    {
        // "es": "",
        "ko": "장식된 크리스마스 트리 쿠키",
         "de": "Gefrorener verzierter Weihnachtsbaum",
        // "fr": "",
        // "hu": "",
        // "it": "",
        "ja": "デコツリーアイシングクッキー",
        "pt": "Árvore Natalina Decorada Congelada",
        // "ru": "",
        // "tr": "",
        "zh": "冰镇缀彩圣诞树",
    },
    "DescriptionLocalization":
    {
        // "es": "",
        "ko": "색색으로 장식된 트리모양 쿠키",
         "de": "Es sieht irgendwie aus wie ein Weihnachtsbaum. Dieser hat Ornamente drauf.",
        // "fr": "",
        // "hu": "",
        // "it": "",
        "ja": "オーナメントで飾り付けられたクリスマスツリーの形に。",
        "pt": "É um pouco parecido com uma árvore de Natal. Este é ornamentado.",
        // "ru": "",
        // "tr": "",
        "zh": "它有点像圣诞树。上面点缀着装饰品。",
    }
}