{
    "Name": "Oolong Kombucha",
    "Description": "A standard Kombucha made with Oolong Tea.",
    "Category": "ArtisanGoods",
    "Edibility": 26,
    "EdibleIsDrink": true,
    "Price": 750,
    "IsColored": false,
    "Recipe": null,
    "GiftTastes":
    {
        "Love": ["Sebastian"],
        "Like": ["Alex", "Caroline", "Clint", "Demetrius", "Dwarf", "Elliott", "Emily", "Evelyn", "George", "Gus", "Harvey", "Jodi", "Kent", "Leah", "Lewis", "Linus", "Marnie", "Maru", "Pam", "Penny", "Pierre", "Robin", "Sam", "Sandy", "Shane", "Willy", "Wizard"],
        "Neutral": ["Abigail", "Haley"],
        "Dislike": ["Jas", "Krobus", "Vincent"],
    },
    "NameLocalization":
    {
        "es": "Kombucha de oolong",
        "ko": "우롱 콤부차",
        "de": "Oolong-Kombucha",
        // "fr": "",
        // "hu": "",
        // "it": "",
       "ja": "ウーロンコンブチャ",
        // "pt": "",
        // "ru": "",
        // "tr": "",
        "zh": "乌龙康普茶",
    },
    "DescriptionLocalization":
    {
        "es": "Un kombucha estándar hecho con té oolong.",
        "ko": "우롱차로 만든 표준 콤부차.",
        "de": "Ein einfacher Kombucha aus Oolong-Tee.",
        // "fr": "",
        // "hu": "",
        // "it": "",
       "ja": "ウーロン茶で作った標準的なコンブチャ。",
        // "pt": "",
        // "ru": "",
        // "tr": "",
        "zh": "乌龙茶制作的标准康普茶。",
    }
}