{
    "Name": "Butter",
    "Description": "Made from cow's milk and delicious with almost everything.",
    "Category": "ArtisanGoods",
    "Edibility": 22,
    "Price": 175,
    "IsColored": false,
    "Recipe": null,
    "GiftTastes":
    {
        "Love": ["Gus"],
        "Like": ["Abigail", "Alex", "Caroline", "Clint", "Demetrius", "Dwarf", "Elliott", "Emily", "Evelyn", "George", "Haley", "Harvey", "Jodi", "Krobus", "Leah", "Lewis", "Linus", "Marnie", "Maru", "Pam", "Penny", "Pierre", "Robin", "Sam", "Sandy", "Shane", "Willy", "Wizard"],
        "Dislike": ["Jas", "Kent", "Vincent"],
        "Hate": ["Sebastian"],
    },
    "NameLocalization":
    {
        "es": "Mantequilla",
        "ko": "버터",
        "de": "Butter",
         // "fr": "",
         // "hu": "",
         // "it": "",
        "ja": "バター",
         // "pt": "",
         // "ru": "",
         // "tr": "",
        "zh": "黄油",
    },
    "DescriptionLocalization":
    {
        "es": "Elaborado con leche de vaca, es delicioso con casi todo.",
        "ko": "우유로 만드며, 보통은 맛있습니다.",
        "de": "Hergestellt aus Kuhmilch und lecker mit fast allem.",
         // "fr": "",
         // "hu": "",
         // "it": "",
        "ja": "牛乳から作られている。常においしい。",
         // "pt": "",
         // "ru": "",
         // "tr": "",
        "zh": "由牛奶制成，它几乎能让所有东西变得美味。",
    }
}