﻿{
    "Name": "Ancient Coffee",
    "Description": "Will I ever sleep again?",
    "Category": "ArtisanGoods",
    "Edibility": 5,
    "EdibleIsDrink": true,
    "Price": 1250,
    "IsColored": false,
    "Recipe": null,
    "EdibleBuffs":
    {
        "Farming": 0,
        "Fishing": 0,
        "Mining": 0,
        "Luck": 0,
        "Foraging": 0,
        "MaxStamina": 0,
        "MagnetRadius": 0,
        "Speed": 3,
        "Defense": 0,
        "Attack": 0,
        "Duration": 900
    },
    "GiftTastes":
    {

        "Love": ["Dwarf", "Harvey", "Willy"],
    },
    "NameLocalization":
    {
        "es": "Cafe Antiguo",
        "ko": "고대의 커피",
        "de": "Alter Kaffee",
        "fr": "Café Ancien",
        //"hu": "",
        //"it": "",
        "ja": "古代のコーヒー",
        "pt": "Café Antigo",
        "ru": "Древний кофе",
        //"tr": "",
        "zh": "远古咖啡"
    },
    "DescriptionLocalization":
    {
        "es": "¿Volveré a dormir alguna vez?",
        "ko": "다시 잘 수나 있을까?",
        "de": "Werde ich jemals wieder schlafen?",
        "fr": "Vais-je pouvoir un jour me rendormir ?",
        //"hu": "",
        //"it": "",
        "ja": "もう二度と眠れない？",
        "pt": "Você voltará a dormir de novo?",
        "ru": "Смогу ли я когда-нибудь вновь спать?",
        //"tr": "",
        "zh": "喝了再也睡不着了吧？"
    },
    "ContextTags": [
        "color_dark_brown",
        "drink_item"
    ]
}
