{
    "Name": "Hard Iced Tea",
    "Description": "...but there's tea in this one, right?",
    "Category": "Cooking",
    "Edibility": 36,
    "EdibleIsDrink": true,
    "EdibleBuffs":
    {
        "Farming": 0,
        "Fishing": 0,
        "Mining": 0,
        "Luck": 0,
        "Foraging": 0,
        "MaxStamina": 0,
        "MagnetRadius": 0,
        "Speed": -1,
        "Defense": 0,
        "Attack": 0,
        "Duration": 100,
    },
    "Price": 590,
    "IsColored": false,
    "CanPurchase": true,
    "PurchaseFrom": "Gus",
    "PurchasePrice": 1590,
    "PurchaseRequirements": null,

    "Recipe":
    {
        "ResultCount": 1,
        "Ingredients": [
        {
            "Object": 815,
            "Count": 2,
        },
        {
            "Object": "Vodka",
            "Count": 1,
        },
        {
            "Object": "Lemon",
            "Count": 1,
        }],
        "CanPurchase": true,
        "PurchaseFrom": "Gus",
        "PurchasePrice": 5590,
        "PurchaseRequirements": null,
    },

    "NameLocalization":
    {
        "es": "Té helado fuerte",
        "ko": "하드 아이스 티",
        "de": "Fester Eistee",
        // "fr": "",
        // "hu": "",
        // "it": "",
        // "ja": "",
        // "pt": "",
        // "ru": "",
        // "tr": "",
        "zh": "烈性冰茶",
    },
    "DescriptionLocalization":
    {
        "es": "...pero hay té en esto, ¿verdad?",
        "ko": "...근데 여기에 차가 들어있어요. 그렇죠?",
        "de": "... aber da ist Tee drinnen, richtig?",
        // "fr": "",
        // "hu": "",
        // "it": "",
        // "ja": "",
        // "pt": "",
        // "ru": "",
        // "tr": "",
        "zh": "烈性冰茶。...但是这里面有茶，对吧？",
    }
}
