{
    "Name": "Moonshine",
    "Description": "A strong spirit distilled from corn. Drink in strict moderation.",
    "Category": "ArtisanGoods",
    "Edibility": 14,
    "EdibleIsDrink": true,
    "EdibleBuffs":
    {
        "Farming": 0,
        "Fishing": 0,
        "Mining": 0,
        "Luck": 0,
        "Foraging": 0,
        "MaxStamina": 0,
        "MagnetRadius": 0,
        "Speed": -4,
        "Defense": 0,
        "Attack": 0,
        "Duration": 420,
    },
    "Price": 150,
    "IsColored": false,
    "Recipe": null,
    "GiftTastes":
    {
        "Love": ["Pam", "Shane"],
        "Like": ["Gus"],
        "Neutral": ["Marnie", "Clint", "George", "Sebastian", "Abigail", "Alex", "Caroline", "Demetrius", "Dwarf", "Elliott", "Emily", "Evelyn", "Haley", "Harvey", "Jodi", "Kent", "Krobus", "Leah", "Lewis", "Linus", "Maru", "Pierre", "Robin", "Sam", "Sandy", "Willy", "Wizard"],
        "Dislike": ["Penny"],
        "Hate": ["Vincent", "Jas"]
    },
    "NameLocalization":
    {
        "es": "Moonshine",
        "ko": "밀주",
        "de": "Mondschein",
         // "fr": "",
         // "hu": "",
         // "it": "",
        "ja": "ムーンシャイン",
         // "pt": "",
         // "ru": "",
         // "tr": "",
        "zh": "月光酒",
    },
    "DescriptionLocalization":
    {
        "es": "Una bebida muy fuerte destilada a partir del maíz. Beber con estricta moderación.",
        "ko": "옥수수를 증류시켜 만든 술. 절제해서 드세요.",
        "de": "Ein starker Schnaps, der aus Mais destilliert wird. Genieße ihn in Maßen.",
         // "fr": "",
         // "hu": "",
         // "it": "",
        "ja": "トウモロコシの成分を蒸留してできた強めのスピリット。飲む時はほどほどに。",
         // "pt": "",
         // "ru": "",
         // "tr": "",
        "zh": "一种从玉米中蒸馏而来的烈酒。适量饮酒。",
    }
}