{
    "Name": "Cosmo",
    "Description": "A cocktail made with vodka, cranberry juice, and freshly squeezed or sweetened lime juice.",
    "Category": "Cooking",
    "Edibility": 70,
    "EdibleIsDrink": true,
    "EdibleBuffs":
    {
        "Farming": 0,
        "Fishing": 0,
        "Mining": 0,
        "Luck": 0,
        "Foraging": 0,
        "MaxStamina": 0,
        "MagnetRadius": 0,
        "Speed": -1,
        "Defense": 0,
        "Attack": 0,
        "Duration": 100,
    },
    "Price": 730,
    "IsColored": false,
    "CanPurchase": true,
    "PurchaseFrom": "Gus",
    "PurchasePrice": 1055,
    "Recipe":
    {
        "ResultCount": 1,
        "Ingredients": [
        {
            "Object": "Vodka",
            "Count": 1,
        },
        {
            "Object": 282,
            "Count": 1,
        },
        {
            "Object": 635,
            "Count": 1,
        },
        {
            "Object": "Lime",
            "Count": 1,
        }],
        "CanPurchase": false,
    },

    "NameLocalization":
    {
        "es": "Cosmo",
        "ko": "코스모",
        "de": "Cosmo",
        // "fr": "",
        // "hu": "",
        // "it": "",
        // "ja": "",
        // "pt": "",
        // "ru": "",
        // "tr": "",
        "zh": "大都会",
    },
    "DescriptionLocalization":
    {
        "es": "Un cóctel hecho con vodka, jugo de arándano y jugo de limón recién exprimido o endulzado.",
        "ko": "보드카, 크랜베리 주스와 갓 짜거나 달인 라임 주스로 만든 칵테일.",
        "de": "Ein Cocktail aus Wodka, Preiselbeersaft und frisch gepresstem oder gesüßtem Limettensaft.",
        // "fr": "",
        // "hu": "",
        // "it": "",
        // "ja": "",
        // "pt": "",
        // "ru": "",
        // "tr": "",
        "zh": "大都会鸡尾酒。用伏特加，蔓越莓汁，现榨或加糖的酸橙汁调制的鸡尾酒。",
    }
}
