{
    "Name": "Petunia",
    "Description": "A delicate, sweetly-scented flower.",
    "Category": "Flower",
    "Edibility": 5,
    "Price": 80,
	"IsColored": true,
	"Recipe": null,
	"NameLocalization": { 
    "es": "Petunia",
    "ko": "페튜니아",
    "de": "Petunie",
     // "fr": "",
     // "hu": "",
     // "it": "",
     // "ja": "",
    "pt": "Petunia",
     // "ru": "",
     // "tr": "",
    "zh": "矮牵牛花",
     },
 "DescriptionLocalization": { 
    "es": "Una flor delicada, con aroma dulce.",
    "ko": "은은하고 달콤한 향기가 나는 꽃.",
    "de": "Eine zarte, süß duftende Blume.",
     // "fr": "",
     // "hu": "",
     // "it": "",
     // "ja": "",
    "pt": "Uma flor delicada e perfumada.",
     // "ru": "",
     // "tr": "",
    "zh": "一种娇嫩，芬芳的花。",
    },
    "ContextTags": [
    	"color_pink",
    	"flower_item",
    	"season_summer"
    ]
}
