{
    "Name": "Hot Cocoa",
    "Description": "A sweet, hot drink that is best enjoyed in the chilly months.",
    "Category": "Cooking",
    "Edibility": 30,
    "EdibleIsDrink": false,
    "EdibleBuffs": null,
    "Price": 560,
    "IsColored": false,
    "Recipe":
    {
        "ResultCount": 1,
        "Ingredients": [
        {
            "Object": "Cocoa Pod",
            "Count": 1,
        },
        {
            "Object": -6,
            "Count": 1,
        },
        {
            "Object": 245,
            "Count": 1,
        }],
        "CanPurchase": true,
        "PurchaseFrom": "Gus",
        "PurchasePrice": 300,
        "PurchaseRequirements": null,
    },
    "NameLocalization":
    {
        "es": "Chocolate caliente",
        "ko": "핫초코",
        "de": "Heißer Kakao",
         // "fr": "",
         // "hu": "",
         // "it": "",
        "ja": "ホットココア",
        "pt": "Chocolate Quente",
        "ru": "Горячий какао",
         // "tr": "",
        "zh": "热可可",
    },
    "DescriptionLocalization":
    {
        "es": "Una bebida dulce y caliente que se disfruta mejor en los meses fríos.",
        "ko": "쌀쌀한 달에 제격인 달콤하고 뜨거운 음료.",
        "de": "Ein süßes, heißes Getränk, das man am besten in den kühlen Monaten genießt.",
         // "fr": "",
         // "hu": "",
         // "it": "",
        "ja": "肌寒い時期に最も楽しまれている甘く温かい飲み物。",
        "pt": "Uma bebida doce e quente melhor desfrutada nos meses frios.",
        "ru": "Сладкий горячий напиток, которым лучше всего наслаждаться в холодные месяцы.",
         // "tr": "",
        "zh": "这是一种在寒冷的月份里最受欢迎的甜味热饮。",
    }
}