{
    "Name": "Hazelnut Butter",
    "Description": "An irresistible, chocolate-flavored spread.",
    "Category": "ArtisanGoods",
    "Edibility": 18,
    "Price": 175,
    "IsColored": false,
    "Recipe": null,
    "GiftTastes":
    {
        "Like": ["Harvey", "Leah", "Linus", "Jas", "Vincent"],
        "Neutral": ["Abigail", "Alex", "Caroline", "Clint", "Demetrius", "Elliott", "Emily", "George", "Gus", "Evelyn", "Jodi", "Kent", "Lewis", "Marnie", "Maru", "Pam", "Penny", "Pierre", "Robin", "Sam", "Sandy", "Shane", "Haley"],
        "Dislike": ["Dwarf", "Krobus", "Sebastian", "Willy", "Wizard"],
    },
    "NameLocalization":
    {
        "es": "Mantequilla de avellana",
        "ko": "헤이즐넛 버터",
        "de": "Haselnussbutter",
        // "fr": "",
        // "hu": "",
        // "it": "",
        "ja": "ヘーゼルナッツバター",
        "pt": "Manteiga de Avelã",
        "ru": "Масло из фундука",
        // "tr": "",
        "zh": "榛子奶油",
    },
    "DescriptionLocalization":
    {
        "es": "Una irresistible mantequilla de avellanas.",
        "ko": "거부할 수 없는 초콜릿 맛.",
        "de": "Ein unwiderstehlicher Brotaufstrich mit Schokoladengeschmack.",
        // "fr": "",
        // "hu": "",
        // "it": "",
        "ja": "チョコレートの風味がたまらないスプレッド。",
        "pt": "Uma irresistível manteiga de avelãs.",
        "ru": "Паста с шоколадным вкусом, перед которым не устоять.",
        // "tr": "",
        "zh": "令人无法拒绝的巧克力味弥散在空中。",
    }
}