{
    "Name": "Mudslide",
    "Description": "A dessert cocktail with a chocolatey, creamy, flavor.",
    "Category": "Cooking",
    "Edibility": 81,
    "EdibleIsDrink": true,
    "EdibleBuffs":
    {
        "Farming": 0,
        "Fishing": 0,
        "Mining": 0,
        "Luck": 0,
        "Foraging": 0,
        "MaxStamina": 0,
        "MagnetRadius": 0,
        "Speed": -2,
        "Defense": 0,
        "Attack": 0,
        "Duration": 100,
    },
    "Price": 1465,
    "IsColored": false,
    "CanPurchase": true,
    "PurchaseFrom": "Gus",
    "PurchasePrice": 1790,
    "Recipe":
    {
        "ResultCount": 1,
        "Ingredients": [
        {
            "Object": "Rum",
            "Count": 1,
        },
        {
            "Object": "Chocolate",
            "Count": 1,
        },
        {
            "Object": "Coffee Liqueur",
            "Count": 1,
        },
        {
            "Object": -6,
            "Count": 1,
        }],
        "CanPurchase": true,
        "PurchaseFrom": "Gus",
        "PurchasePrice": 6465,
        "PurchaseRequirements": ["y 2", ],
    },

    "NameLocalization":
    {
        "es": "Avalancha de lodo",
        "ko": "머드슬라이드",
        "de": "Mudslide",
        // "fr": "",
        // "hu": "",
        // "it": "",
        // "ja": "",
        // "pt": "",
        // "ru": "",
        // "tr": "",
        "zh": "泥石流",
    },
    "DescriptionLocalization":
    {
        "es": "Un cóctel de postres con sabor a chocolate cremoso.",
        "ko": "초콜릿, 크림 맛이 나는 디저트 칵테일.",
        "de": "Ein Dessertcocktail mit einem schokoladigen, cremigen Geschmack.",
        // "fr": "",
        // "hu": "",
        // "it": "",
        // "ja": "",
        // "pt": "",
        // "ru": "",
        // "tr": "",
        "zh": "泥石流鸡尾酒。一种甜点鸡尾酒，带点巧克力味，奶油味。",
    }
}
