{
    "Name": "Peppermint Candy Cane",
    "Description": "Crush them up and they'll go great in cookies.",
    "Category": "Cooking",
    "Edibility": 48,
    "EdibleIsDrink": false,
    "EdibleBuffs": null,
    "Price": 500,
    "IsColored": false,
    "Recipe":
    {
        "ResultCount": 1,
        "Ingredients": [
        {
            "Object": 245,
            "Count": 3,
        },
        {
            "Object": "Peppermints",
            "Count": 1,
        }, ],
        "IsDefault": true,
    },
    "GiftTastes":
    {
        "Dislike": ["Alex", "Caroline", "Clint", "Demetrius", "Dwarf", "Elliott", "George", "Gus", "Harvey", "Jas", "Jodi", "Kent", "Leah", "Lewis", "Linus", "Marnie", "Pam", "Penny", "Pierre", "Robin", "Sam", "Sandy", "Shane", "Vincent", "Wizard", "Abigail", "Haley", "Maru", "Sebastian", "Evelyn", "Emily", "Krobus", "Willy"],
    },
    "NameLocalization":
    {
        // "es": "",
        "ko": "페퍼민트 사탕지팡이",
        "de": "Pfefferminz-Zuckerstange",
        // "fr": "",
        // "hu": "",
        // "it": "",
        "ja": "ペパーミントキャンディケイン",
        "pt": "Doces de Hortelã",
        // "ru": "",
        // "tr": "",
        "zh": "薄荷手杖糖",
    },
    "DescriptionLocalization":
    {
        // "es": "",
        "ko": "부숴서 쿠키에 넣어도 좋습니다.",
        "de": "Zerquetsche sie und sie passen hervorragend zu Keksen.",
        // "fr": "",
        // "hu": "",
        // "it": "",
        "ja": "クッキーによく合う。",
        "pt": "Quebre-os e então eles ficarão ótimos em biscoitos!",
        // "ru": "",
        // "tr": "",
        "zh": "把它们压碎，加入饼干里会很好吃的。",
    }
}