{
    "Name": "Croissant",
    "Description": "Flaky, buttery, warm.",
    "Category": "Cooking",
    "Edibility": 36,
    "EdibleIsDrink": false,
    "EdibleBuffs": null,
    "Price": 220,
    "IsColored": false,
    "Recipe":
    {
        "ResultCount": 1,
        "Ingredients": [
        {
            "Object": "Butter",
            "Count": 1,
        },
        {
            "Object": -5,
            "Count": 1,
        },
        {
            "Object": 246,
            "Count": 1,
        }],
        "CanPurchase": true,
        "PurchaseFrom": "Gus",
        "PurchasePrice": 150,
        "PurchaseRequirements": null,
    },
    "NameLocalization":
    {
        "es": "Cruasán",
        "ko": "크루아상",
        "de": "Croissant",
         // "fr": "",
         // "hu": "",
         // "it": "",
        "ja": "クロワッサン",
         // "pt": "",
         // "ru": "",
         // "tr": "",
        "zh": "牛角面包",
    },
    "DescriptionLocalization":
    {
        "es": "Escamoso, mantecoso, cálido.",
        "ko": "잘 부서지고, 버터 같고, 따뜻합니다.",
        "de": "Blättrig, butterig, warm.",
         // "fr": "",
         // "hu": "",
         // "it": "",
        "ja": "バター風味でサクサクで温かい。",
         // "pt": "",
         // "ru": "",
         // "tr": "",
        "zh": "一块上覆黄油的温热的面包。",
    }
}