{
    "Name": "Brandy Alexander",
    "Description": "John Lennon once called this his favorite drink.",
    "Category": "Cooking",
    "Edibility": 75,
    "EdibleIsDrink": true,
    "EdibleBuffs":
    {
        "Farming": 0,
        "Fishing": 0,
        "Mining": 0,
        "Luck": 0,
        "Foraging": 0,
        "MaxStamina": 0,
        "MagnetRadius": 0,
        "Speed": -1,
        "Defense": 0,
        "Attack": 0,
        "Duration": 100,
    },
    "Price": 500,
    "IsColored": false,
    "CanPurchase": true,
    "PurchaseFrom": "Gus",
    "PurchasePrice": 500,
    "Recipe":
    {
        "ResultCount": 1,
        "Ingredients": [
        {
            "Object": "Brandy",
            "Count": 1,
        },
        {
            "Object": "Nutmeg",
            "Count": 1,
        },
        {
            "Object": -6,
            "Count": 1,
        }],
        "CanPurchase": false,
    },

    "NameLocalization":
    {
        "es": "Brandy Alexander",
        "ko": "브랜디 알렉산더",
        "de": "Brandy Alexander",
        // "fr": "",
        // "hu": "",
        // "it": "",
        // "ja": "",
        // "pt": "",
        // "ru": "",
        // "tr": "",
        "zh": "白兰地亚历山大",
    },
    "DescriptionLocalization":
    {
        "es": "John Lennon una vez llamó a esto su bebida favorita.",
        "ko": "존 레논은 이걸 가장 좋아하는 음료라고 한 적이 있습니다.",
        "de": "John Lennon nannte dies einmal sein Lieblingsgetränk.",
        // "fr": "",
        // "hu": "",
        // "it": "",
        // "ja": "",
        // "pt": "",
        // "ru": "",
        // "tr": "",
        "zh": "白兰地亚历山大。约翰列侬曾一度称这是他最喜欢的鸡尾酒。",
    }
}
