{
    "Name": "Amaretto",
    "Description": "A distilled spirit made from almonds. Drink in moderation.",
    "Category": "ArtisanGoods",
    "Edibility": 14,
    "EdibleIsDrink": true,
    "EdibleBuffs":
    {
        "Farming": 0,
        "Fishing": 0,
        "Mining": 0,
        "Luck": 0,
        "Foraging": 0,
        "MaxStamina": 0,
        "MagnetRadius": 0,
        "Speed": -2,
        "Defense": 0,
        "Attack": 0,
        "Duration": 180,
    },
    "Price": 300,
    "IsColored": false,
    "Recipe": null,
    "CanPurchase": true,
    "PurchaseFrom": "Gus",
    "PurchasePrice": 120,
    "PurchaseRequirements": null,
    "GiftTastes":
    {
        "Love": ["Pam", "Shane"],
        "Like": ["Gus"],
        "Neutral": ["Marnie", "Clint", "George", "Sebastian", "Abigail", "Alex", "Caroline", "Demetrius", "Dwarf", "Elliott", "Emily", "Evelyn", "Haley", "Harvey", "Jodi", "Kent", "Krobus", "Leah", "Lewis", "Linus", "Maru", "Pierre", "Robin", "Sam", "Sandy", "Willy", "Wizard"],
        "Dislike": ["Penny"],
        "Hate": ["Vincent", "Jas"]
    },
    "NameLocalization":
    {
        "es": "Amaretto",
        "ko": "아마레토",
        "de": "Amaretto",
         // "fr": "",
         // "hu": "",
         // "it": "",
        "ja": "アマレット",
         // "pt": "",
         // "ru": "",
         // "tr": "",
        "zh": "苦杏酒",
    },
    "DescriptionLocalization":
    {
        "es": "Un destilado hecho de almendras. Beber con moderación.",
        "ko": "아몬드를 증류시켜 만든 술. 절제해서 드세요.",
        "de": "Ein Schnaps aus Mandeln. Genieße ihn in Maßen.",
         // "fr": "",
         // "hu": "",
         // "it": "",
        "ja": "アーモンドから作られた蒸留酒。飲む時はほどほどに。",
         // "pt": "",
         // "ru": "",
         // "tr": "",
        "zh": "起源意大利，一种由杏仁制成的蒸馏酒。适量饮酒。",
    }
}