{
    "Name": "Spring Rose",
    "Description": "A rose by any other name would smell as sweet.",
    "Category": "Flower",
    "Edibility": 18,
    "Price": 55,
    "IsColored": false,
    "Recipe": null,
    "GiftTastes":
    {
        "Love": ["Caroline", "Jas"],
        "Like": ["Abigail", "Alex", "Clint", "Demetrius", "Dwarf", "Elliott", "Emily", "Evelyn", "George", "Gus", "Haley", "Harvey", "Jodi", "Kent", "Krobus", "Leah", "Lewis", "Linus", "Marnie", "Maru", "Pam", "Penny", "Pierre", "Robin", "Sam", "Sandy", "Sebastian", "Shane", "Vincent", "Willy", "Wizard"],
    },
    "NameLocalization":
    {
        "es": "Rosa primaveral",
        "ko": "봄 장미",
        "de": "Frühlingsrose",
        "fr": "Rose de Printemps",
         // "hu": "",
         // "it": "",
        "ja": "春バラ",
        "pt": "Rosa da primavera",
        "ru": "Весенняя роза",
         // "tr": "",
        "zh": "春季玫瑰",
    },
    "DescriptionLocalization":
    {
        "es": "Ninguna opta rosa con cualquier otro nombre olería tan dulce como esta.",
        "ko": "장미는 이름이 장미가 아니더라도 향기롭기는 매한가지일 것입니다.",
        "de": "Mit einem anderen Namen würde sie genauso süß riechen.",
        "fr": "Une rose sous un autre nom aurait une odeur aussi douce.",
         // "hu": "",
         // "it": "",
        "ja": "「バラと呼ばれている花を別の名前にしても、甘く美しい香りはそのままだわ。」",
        "pt": "Uma rosa de qualquer outro nome poderia ter um cheiro tão doce como essa.",
        "ru": "Как розу не назови, пахнуть она будет столь же сладко.",
         // "tr": "",
        "zh": "玫瑰闻起来都是甜的。",
    }
}
