{
    "Name": "Pizokel",
    "Description": "A buckwheat pasta reminiscent of spätzle",
    "Category": "Cooking",
    "Edibility": 61,
    "EdibleIsDrink": false,
    "EdibleBuffs": null,
    "Price": 700,
    "IsColored": false,
    "GiftTastes":
    {
        "Love": ["Gus"],
        "Like": ["Abigail", "Harvey", "Alex", "Caroline", "Clint", "Demetrius", "Dwarf", "Elliott", "Emily", "Evelyn", "George", "Haley", "Jas", "Jodi", "Kent", "Krobus", "Leah", "Lewis", "Linus", "Marnie", "Maru", "Penny", "Pierre", "Robin", "Sam", "Sandy", "Sebastian", "Shane", "Vincent", "Willy", "Wizard"],
        "Dislike": ["Pam"],
    },
    "Recipe":
    {
        "ResultCount": 1,
        "Ingredients": [
        {
            "Object": -5,
            "Count": 1,
        },
        {
            "Object": -6,
            "Count": 1,
        },
        {
            "Object": "Buckwheat Flour",
            "Count": 1,
        },
        {
            "Object": 246,
            "Count": 1,
        },
        {
            "Object": "Basil",
            "Count": 1,
        }],
        "CanPurchase": true,
        "PurchaseFrom": "Gus",
        "PurchasePrice": 2100,
        "PurchaseRequirements": ["y 2", ],
    },
    "NameLocalization":
    {
        // "es": "",
        // "ko": "",
        "de": "Pizokel",
        // "fr": "",
        // "hu": "",
        // "it": "",
        // "ja": "",
        // "pt": "",
        // "ru": "",
        // "tr": "",
        // "zh": "",
    },
    "DescriptionLocalization":
    {
        // "es": "",
        // "ko": "",
        "de": "Pasta hergestellt aus Buchweizenmehl",
        // "fr": "",
        // "hu": "",
        // "it": "",
        // "ja": "",
        // "pt": "",
        // "ru": "",
        // "tr": "",
        // "zh": "",
    },
}