{
  "Name": "Souffle",
  "Description": "A dessert baked into a cup. It's topped with candied violets.",
  "Category": "Cooking",
  "Edibility": 36,
  "EdibleIsDrink": false,
  "EdibleBuffs": null,
  "Price": 200,
  "IsColored": false,
  "Recipe": {
    "ResultCount": 1,
    "Ingredients": [
      {
        "Object": "Violet",
        "Count": 1,
      },
      {
        "Object": 245,
        "Count": 1,
      },
	  {
		  "Object": 246,
		  "Count": 1,
	  },
    ],
    "IsDefault": false,
	"CanPurchase": false,
  },
  "NameLocalization": { 
    "es": "Souffle",
    "ko": "수플레",
    "de": "Souffle",
     // "fr": "",
     // "hu": "",
     // "it": "",
     // "ja": "",
    "pt": "Suflê",
     // "ru": "",
     // "tr": "",
    "zh": "蛋奶酥",
     },
 "DescriptionLocalization": { 
    "es": "Un postre al horno en una taza. Está rematado con violetas confitadas.",
    "ko": "컵에 구운 디저트. 설탕에 절인 제비꽃이 위에 장식되어 있다.",
    "de": "Ein Dessert in eine Tasse gebacken. Es ist mit kandierten Veilchen gekrönt.",
     // "fr": "",
     // "hu": "",
     // "it": "",
     // "ja": "",
    "pt": "A Uma sobremesa cozida em um copo. É coberto com violetas cristalizadas",
     // "ru": "",
     // "tr": "",
    "zh": "在杯中烘焙的甜点。顶端点缀了紫罗兰。",
    }
}