{
    "Name": "Tres Coops",
    "Description": "Garnished with chili powder, it pairs well with Mezcal.",
    "Category": "Cooking",
    "Edibility": 47,
    "EdibleIsDrink": true,
    "EdibleBuffs":
    {
        "Farming": 0,
        "Fishing": 0,
        "Mining": 0,
        "Luck": 0,
        "Foraging": 0,
        "MaxStamina": 0,
        "MagnetRadius": 0,
        "Speed": -1,
        "Defense": 0,
        "Attack": 0,
        "Duration": 100,
    },
    "Price": 980,
    "IsColored": false,
    "CanPurchase": true,
    "PurchaseFrom": "Gus",
    "PurchasePrice": 1980,
    "PurchaseRequirements": null,

    "Recipe":
    {
        "ResultCount": 1,
        "Ingredients": [
        {
            "Object": "Mezcal",
            "Count": 1,
        },
        {
            "Object": "Lime",
            "Count": 1,
        },
        {
            "Object": "Chili Powder",
            "Count": 1,
        },
        {
            "Object": -5,
            "Count": 1,
        }],
        "CanPurchase": true,
        "PurchaseFrom": "Gus",
        "PurchasePrice": 5980,
        "PurchaseRequirements": null,
    },

    "NameLocalization":
    {
        "es": "Tres Coops",
        "ko": "트레스 쿱스",
        "de": "Tres Coops",
        // "fr": "",
        // "hu": "",
        // "it": "",
        // "ja": "",
        // "pt": "",
        // "ru": "",
        // "tr": "",
        "zh": "树笼",
    },
    "DescriptionLocalization":
    {
        "es": "Adornado con chile en polvo, combina bien con el mezcal.",
        "ko": "메스칼과 잘 어울리고, 칠리 파우더를 살짝 뿌렸어요.",
        "de": "Mit Chilipulver garniert, passt es gut zu Mezcal.",
        // "fr": "",
        // "hu": "",
        // "it": "",
        // "ja": "",
        // "pt": "",
        // "ru": "",
        // "tr": "",
        "zh": "树笼。加入点辣椒粉进行修饰，这款鸡尾酒与梅斯卡尔很配。",
    }
}
