{
    "Name": "Spiced Kombucha",
    "Description": "One of the more expensive blends of Kombucha.",
    "Category": "ArtisanGoods",
    "Edibility": 30,
    "EdibleIsDrink": true,
    "Price": 2500,
    "IsColored": false,
    "Recipe": null,
    "GiftTastes":
    {
        "Love": ["Sebastian"],
        "Like": ["Abigail", "Alex", "Caroline", "Clint", "Demetrius", "Dwarf", "Elliott", "Emily", "Evelyn", "George", "Gus", "Haley", "Harvey", "Jodi", "Kent", "Krobus", "Leah", "Lewis", "Linus", "Marnie", "Maru", "Pam", "Penny", "Pierre", "Robin", "Sam", "Sandy", "Shane", "Willy", "Wizard"],
        "Dislike": ["Jas", "Vincent", ],
    },
    "NameLocalization":
    {
        "es": "Kombucha condimentado",
        "ko": "스파이스 콤부차",
        "de": "Gewürzter Kombucha",
        // "fr": "",
        // "hu": "",
        // "it": "",
        "ja": "スパイスコンブチャ",
        "pt": "Kombuchá Temperado",
        "ru": "Пряная комбуча",
        // "tr": "",
        "zh": "香料康普茶",
    },
    "DescriptionLocalization":
    {
        "es": "Una de las mezclas más caras de Kombucha.",
        "ko": "콤부차의 값비싼 블렌드 중 하나.",
        "de": "Eine der teureren Mischungen von Kombucha.",
        // "fr": "",
        // "hu": "",
        // "it": "",
        "ja": "普通のコンブチャより高価なブレンド。",
        "pt": "Uma das mais caras misturas de Kombuchá",
        "ru": "Один из самых дорогих видов комбучи.",
        // "tr": "",
        "zh": "由香料茶发酵而成。一种较昂贵的混合康普茶。",
    }
}