{
    "Name": "Dryer",
    "Description": "Used to dry flowers and leaves for tea making, and vegetables into chips.",
    "Price": 1,
    "ProvidesLight": false,
    "CanPurchase": false,
    "PurchaseFrom": "Gus",
    "PurchasePrice": 2285,
    "PurchaseRequirements": null,
    "ReserveNextIndex": true,
    "Recipe":
    {
        "ResultCount": 1,
        "Ingredients": [
        {
            "Object": 703,
            "Count": 30
        },
        {
            "Object": 771,
            "Count": 20
        },
        {
            "Object": 334,
            "Count": 1
        }]
    },

    // Localization

    "NameLocalization": //Used for localization. 
    {
        /*"es": "", //Spansih*/
        "ko": "건조기", //Korean
        /*"de": "", //German
        "fr": "", //French
        "hu": "", //Hungarian
        "it": "", //Italian
        "ja": "", //Japanese
        "pt": "", //Portuguese
        "ru": "", //Russian
        "tr": "", //Turkish
        "zh": "", //Chinese (Simplified)*/
    },
    "DescriptionLocalization": //Used for localization. 
    {
        /*"es": "", //Spansih*/
        "ko": "말린 꽃과 잎을 차로 만들거나, 야채를 칩으로 만들 수 있습니다.", //Korean
        /*"de": "", //German
        "fr": "", //French
        "hu": "", //Hungarian
        "it": "", //Italian
        "ja": "", //Japanese
        "pt": "", //Portuguese
        "ru": "", //Russian
        "tr": "", //Turkish
        "zh": "", //Chinese (Simplified)*/
    }
}