{
    "Name": "Thread",
    "Description": "A spool of fine cotton thread.",
    "Category": "ArtisanGoods",
    "Edibility": -300,
    "Price": 125,
    "IsColored": false,
    "Recipe": null,
    "GiftTastes":
    {
        "Love": ["Emily", "Evelyn"],
        "Like": ["Leah"],
        "Neutral": ["Marnie", "Gus", "Clint", "George", "Sebastian", "Abigial", "Alex", "Caroline", "Demetrius", "Dwarf", "Elliott", "Haley", "Harvey", "Jodi", "Kent", "Krobus", "Leah", "Lewis", "Linus", "Maru", "Pierre", "Robin", "Sam", "Sandy", "Willy", "Wizard", "Pam", "Shane", "Penny", "Vincent", "Jas"],
    },
    "NameLocalization":
    {
        "es": "Hebra",
        "ko": "실",
        "de": "Garn",
         // "fr": "",
         // "hu": "",
         // "it": "",
        "ja": "糸",
         // "pt": "",
         // "ru": "",
         // "tr": "",
        "zh": "线",
    },
    "DescriptionLocalization":
    {
        "es": "Un carrete de hilo fino de algodón.",
        "ko": "고급 면사 한 꾸리.",
        "de": "Eine Spule mit feinem Baumwollgarn.",
         // "fr": "",
         // "hu": "",
         // "it": "",
        "ja": "コットンを細く巻いた糸。",
         // "pt": "",
         // "ru": "",
         // "tr": "",
        "zh": "一卷细棉线。",
    }
}