{
    "Name": "Bay Breeze",
    "Description": "Simiar to a Sea Breeze, but with Pineapple juice.",
    "Category": "Cooking",
    "Edibility": 68,
    "EdibleIsDrink": true,
    "EdibleBuffs":
    {
        "Farming": 0,
        "Fishing": 0,
        "Mining": 0,
        "Luck": 0,
        "Foraging": 0,
        "MaxStamina": 0,
        "MagnetRadius": 0,
        "Speed": -1,
        "Defense": 0,
        "Attack": 0,
        "Duration": 100,
    },
    "Price": 900,
    "IsColored": false,
    "CanPurchase": true,
    "PurchaseFrom": "Gus",
    "PurchasePrice": 1225,
    "Recipe":
    {
        "ResultCount": 1,
        "Ingredients": [
        {
            "Object": "Pineapple",
            "Count": 1,
        },
        {
            "Object": "Vodka",
            "Count": 1,
        },
        {
            "Object": 282,
            "Count": 1,
        },
        {
            "Object": "Lime",
            "Count": 1,
        }],
        "CanPurchase": true,
        "PurchaseFrom": "Gus",
        "PurchasePrice": 5900,
        "PurchaseRequirements": null,
    },

    "NameLocalization":
    {
        "es": "Brisa bahía",
        "ko": "베이 브리즈",
        "de": "Eine Brise in der Bucht",
        // "fr": "",
        // "hu": "",
        // "it": "",
        // "ja": "",
        // "pt": "",
        // "ru": "",
        // "tr": "",
        "zh": "海湾清风",
    },
    "DescriptionLocalization":
    {
        "es": "Brisa bahía",
        "ko": "씨 브리즈와 비슷하지만, 파인애플 주스가 들어있어요.",
        "de": "Ähnlich einer Meeresbrise, aber mit Ananassaft.",
        // "fr": "",
        // "hu": "",
        // "it": "",
        // "ja": "",
        // "pt": "",
        // "ru": "",
        // "tr": "",
        "zh": "海湾清风。与海风鸡尾酒相似，但不同之处是加入了菠萝汁。",
    }
}
