{
    "Name": "Cranberry Pomegranate Kombucha",
    "Description": "A flavorful sparkling fruit-blend.",
    "Category": "ArtisanGoods",
    "Edibility": 30,
    "EdibleIsDrink": true,
    "Price": 1200,
    "IsColored": false,
    "Recipe": null,
    "GiftTastes":
    {
        "Love": ["Sebastian"],
        "Like": ["Abigail", "Alex", "Caroline", "Clint", "Demetrius", "Dwarf", "Elliott", "Emily", "Evelyn", "George", "Gus", "Haley", "Harvey", "Jas", "Jodi", "Kent", "Krobus", "Leah", "Lewis", "Linus", "Marnie", "Maru", "Pam", "Penny", "Pierre", "Robin", "Sam", "Sandy", "Shane", "Vincent", "Willy", "Wizard"],
    },
    "NameLocalization":
    {
        "es": "Kombucha de granada y arándano",
        "ko": "크랜베리 석류 콤부차",
        "de": "Cranberry Granatapfel Kombucha",
        // "fr": "",
        // "hu": "",
        // "it": "",
       "ja": "クランベリーザクロコンブチャ",
        // "pt": "",
        // "ru": "",
        // "tr": "",
        "zh": "蔓越莓石榴康普茶",
    },
    "DescriptionLocalization":
    {
        "es": "Una sabrosa mezcla de frutas espumosas.",
        "ko": "향긋한 스파클링 과일 블렌드.",
        "de": "Eine würzige Fruchtmischung.",
        // "fr": "",
        // "hu": "",
        // "it": "",
       "ja": "風味豊かなフルーツブレンド。",
        // "pt": "",
        // "ru": "",
        // "tr": "",
        "zh": "由蔓越莓石榴茶发酵而成。一种可口的水果混合饮品。",
    }
}