{
    "Name": "Smoked Ocean Fish",
    "Description": "A simple dish of smoked ocean fish. It was smoking for hours.",
    "Category": "ArtisanGoods",
    "Edibility": 60,
    "Price": 100,
    "IsColored": false,
    "Recipe": null,
    "GiftTastes":
    {
        "Dislike": ["Abigail", "Alex", "Caroline", "Clint", "Dwarf", "Emily", "George", "Gus", "Harvey", "Jas", "Jodi", "Kent", "Krobus", "Leah", "Lewis", "Marnie", "Maru", "Penny", "Robin", "Sam", "Sandy", "Shane", "Vincent", "Wizard"],
        "Hate": ["Evelyn", "Haley", "Pierre"],
    },
    "NameLocalization":
    {
        "es": "Pescado de mar ahumado",
        "ko": "바다 훈제어",
        "de": "Geräucherter Meeresfisch.",
        // "fr": "",
        // "hu": "",
        // "it": "",
        "ja": "海の魚のくん製",
        "pt": "Peixe Defumado de Mar",
        "ru": "Копчёная морская рыба",
        // "ru": "",
        // "tr": "",
        "zh": "烟熏海鱼",
    },
    "DescriptionLocalization":
    {
        "es": "Un plato sencillo de pescado oceánico ahumado. Ahumado por horas.",
        "ko": "간단한 바다 훈제어. 훈제하는데 몇 시간이 소요됩니다.",
        "de": "Ein einfaches Gericht mit über Stunden geräuchertem Meeresfisch.",
        // "fr": "",
        // "hu": "",
        // "it": "",
        "ja": "シンプルな魚のくん製。時間をかけていぶした。",
        "pt": "Uma simples iguaria de peixe defumado de mar. Foi defumado por várias horas.",
        "ru": "Простое блюдо из копчёной морской рыбы. Коптилось часами.",
        // "ru": "",
        // "tr": "",
        "zh": "一盘简单的熏海鱼。它已经被熏制好几个小时了。",
    }
}
