{
    "Name": "Lotus",
    "Description": "A large flower that grows in water. Revered by several cultures.",
    "Category": "Flower",
    "Edibility": 20,
    "Price": 70,
	"IsColored": false,
	"Recipe": null,
	"NameLocalization": { 
    "es": "Loto",
    "ko": "연꽃",
    "de": "Lotus",
     // "fr": "",
     // "hu": "",
     // "it": "",
     // "ja": "",
    "pt": "Lótus",
     // "ru": "",
     // "tr": "",
    "zh": "荷花",
     },
 "DescriptionLocalization": { 
    "es": "Una flor grande que crece en el agua. Es reverenciada por varias culturas.",
    "ko": "물 속에서 자라는 큰 꽃. 여러 문화에 친근한 꽃입니다.",
    "de": "Eine große Blume, die im Wasser wächst. Von mehreren Kulturen verehrt.",
     // "fr": "",
     // "hu": "",
     // "it": "",
     // "ja": "",
    "pt": "Uma grande flor que cresce na água. Reverenciado por várias culturas.",
     // "ru": "",
     // "tr": "",
    "zh": "一种生长在水中的大花。受到多种文化的崇敬。",
    },
    "ContextTags": [
    	"color_pink",
    	"flower_item",
    	"season_summer"
    ]
}
