{
    "Name": "Foreign Cask",
    "Description": "This cask is of a foreign make. It can ferment soybeans.",
    "Price": 1,
    "ProvidesLight": false,
    "ReserveNextIndex": false,
    "Recipe":
    {
        "ResultCount": 1,
        "Ingredients": [
        {
            "Object": 709,
            "Count": 15,
        },
        {
            "Object": 390,
            "Count": 5,
        },
        {
            "Object": 771,
            "Count": 10,
        },
        {
            "Object": 725,
            "Count": 1,
        }, ],
        "CanPurchase": false,
        "IsDefault": true,
    },
    "NameLocalization":
    {
        "es": "Barril Extranjero",
        "ko": "항아리",
        "de": "Fremdländisches Fass",
        // "fr": "",
        // "hu": "",
        // "it": "",
        "ja": "東洋ダル",
        "pt": "Barril de Madeira Estrangeiro",
        "ru": "Иностранная бочка",
        // "tr": "",
        "zh": "进口木桶",
    },
    "DescriptionLocalization":
    {
        "es": "Este barril es de una marca extranjera. Puede fermentar la soja",
        "ko": "콩을 발효시킬 수 있습니다.",
        "de": "Dieses Fass ist aus fremdländischer Herstellung. Es kann Sojabohnen fermentieren.",
        // "fr": "",
        // "hu": "",
        // "it": "",
        "ja": "外国のタル。大豆を発酵させることができる。",
        "pt": "Esse barril é de um produtor estrangeiro. Pode fermentar soja.",
        "ru": "Бочка зарубежного производства. В ней можно ферментировать соевые бобы.",
        // "tr": "",
        "zh": "这个桶是外国制造的。它可以发酵黄豆。",
    }
}
