﻿{
    "Name": "Ancient Fern",
    "Description": "A fern that produces a beautiful and tasteful flower.",
    "Category": "Flower",
    "Edibility": 32,
    "EdibleIsDrink": false,
    "Price": 400,
    "IsColored": false,
    "Recipe": null,
    "GiftTastes":
    {
        "Love": ["Dwarf", "Linus", "Leah", "George"]
    },
    "NameLocalization":
    {
        "es": "Helecho Antiguo",
        "ko": "고대의 고사리",
        "de": "Alter Farn",
        "fr": "Fougère Ancienne",
        //"hu": "",
        //"it": "",
        "ja": "古代のシダ",
        "pt": "Samambaia Antiga",
        "ru": "Древний папоротник",
        //"tr": "",
        "zh": "远古蕨"
    },
    "DescriptionLocalization":
    {
        "es": "Un helecho que produce una hermosa y sabrosa flor.",
        "ko": "아름답고 맛 좋은 꽃이 열립니다.",
        "de": "Ein Farn, der eine schöne und geschmackvolle Blume hervorbringt.",
        "fr": "Une fougère qui produit une belle fleur délicieuse.",
        //"hu": "",
        //"it": "",
        "ja": "美しく上品な花を咲かせるシダ植物。",
        "pt": "Uma samambaia que produz uma bonita e saborosa flor.",
        "ru": "Папоротник, из которого получается красивый и вкусный цветок.",
        //"tr": "",
        "zh": "一种蕨类植物，能开出美丽而有品味的花。"
    },
    "ContextTags": [
        "color_green",
        "color_yellow",
        "flower_item"
    ]
}
