{
    "Name": "Lavender",
    "Description": "An elegant plant that has a variety of culinary and medicinal uses.",
    "Category": "Flower",
    "Edibility": 10,
	"Price": 220,
	"IsColored": true,
	"Recipe": null,
	"NameLocalization": { 
    "es": "Lavanda",
    "ko": "라벤더",
    "de": "Lavendel",
     // "fr": "",
     // "hu": "",
     // "it": "",
     // "ja": "",
    "pt": "Lavanda",
     // "ru": "",
     // "tr": "",
    "zh": "薰衣草",
     },
 "DescriptionLocalization": { 
    "es": "Una planta elegante que tiene una variedad de usos culinarios y medicinales.",
    "ko": "다양한 요리 및 의약 용도를 가진 우아한 식물.",
    "de": "Eine elegante Pflanze mit vielfältigen kulinarischen und medizinischen Verwendungsmöglichkeiten.",
     // "fr": "",
     // "hu": "",
     // "it": "",
     // "ja": "",
    "pt": "Uma planta elegante que tem uma variedade de usos culinários e medicinais.(Ajuda a diminuir o estresse).",
     // "ru": "",
     // "tr": "",
    "zh": "一种具有多种烹饪和药用用途的漂亮花朵。",
    },
    "ContextTags": [
    	"color_purple",
    	"flower_item",
    	"season_summer"
    ]
}
