{
    "Name": "Irish Coffee",
    "Description": "Have request?  Will deliver.",
    "Category": "Cooking",
    "Edibility": 59,
    "EdibleIsDrink": true,
    "EdibleBuffs":
    {
        "Farming": 0,
        "Fishing": 0,
        "Mining": 0,
        "Luck": 0,
        "Foraging": 0,
        "MaxStamina": 0,
        "MagnetRadius": 0,
        "Speed": 0,
        "Defense": 0,
        "Attack": 0,
        "Duration": 100,
    },
    "Price": 1100,
    "IsColored": false,
    "CanPurchase": true,
    "PurchaseFrom": "Gus",
    "PurchasePrice": 1425,
    "Recipe":
    {
        "ResultCount": 1,
        "Ingredients": [
        {
            "Object": "Whiskey",
            "Count": 1,
        },
        {
            "Object": 395,
            "Count": 1,
        },
        {
            "Object": "Brown Sugar",
            "Count": 1,
        }],
        "CanPurchase": true,
        "PurchaseFrom": "Gus",
        "PurchasePrice": 6100,
        "PurchaseRequirements": null,
    },

    "NameLocalization":
    {
        "es": "Café irlandés",
        "ko": "아이리시 커피",
        "de": "Irish Coffee",
        // "fr": "",
        // "hu": "",
        // "it": "",
        // "ja": "",
        // "pt": "",
        // "ru": "",
        // "tr": "",
        "zh": "爱尔兰咖啡",
    },
    "DescriptionLocalization":
    {
        "es": "¿Alguna petición? La entregaremos.",
        "ko": "요구사항이 있나요? 들어드릴게요.",
        "de": "Haben Sie eine Anfrage? Ich werde liefern.",
        // "fr": "",
        // "hu": "",
        // "it": "",
        // "ja": "",
        // "pt": "",
        // "ru": "",
        // "tr": "",
        "zh": "爱尔兰咖啡鸡尾酒。有要求吗？可为您实现。",
    }
}
