{
    "Name": "Aviation",
    "Description": "Please place your tray tables in the upright and locked position.",
    "Category": "Cooking",
    "Edibility": 75,
    "EdibleIsDrink": true,
    "EdibleBuffs":
    {
        "Farming": 0,
        "Fishing": 0,
        "Mining": 0,
        "Luck": 0,
        "Foraging": 0,
        "MaxStamina": 0,
        "MagnetRadius": 0,
        "Speed": -1,
        "Defense": 0,
        "Attack": 0,
        "Duration": 100,
    },
    "Price": 690,
    "IsColored": false,
    "CanPurchase": true,
    "PurchaseFrom": "Gus",
    "PurchasePrice": 1015,
    "Recipe":
    {
        "ResultCount": 1,
        "Ingredients": [
        {
            "Object": "Gin",
            "Count": 1,
        },
        {
            "Object": "Shaded Violet",
            "Count": 2,
        }],
        "CanPurchase": true,
        "PurchaseFrom": "Gus",
        "PurchasePrice": 5690,
        "PurchaseRequirements": ["y 2", ],
    },

    "NameLocalization":
    {
        "es": "Aviación",
        "ko": "어비에이션",
        "de": "Luftfahrt",
        // "fr": "",
        // "hu": "",
        // "it": "",
        // "ja": "",
        // "pt": "",
        // "ru": "",
        // "tr": "",
        "zh": "“飞行”鸡尾酒",
    },
    "DescriptionLocalization":
    {
        "es": "Por favor, coloque las mesas de sus bandejas en posición vertical y bloqueada.",
        "ko": "트레이 테이블을 집어넣고 잘 고정시켜주세요.",
        "de": "Bitte stellen Sie Ihre Tabletttische in die aufrechte Position",
        // "fr": "",
        // "hu": "",
        // "it": "",
        // "ja": "",
        // "pt": "",
        // "ru": "",
        // "tr": "",
        "zh": "“飞行”鸡尾酒。请将小桌板竖直并锁好。",
    }
}
