{
  "Name": "Potted Clematis",
  "Description": "A clematis plant potted in a little wooden pot, complete with a little trellis for it to climb on. Remember to water it!",
  "Price": 1,
  "ProvidesLight": false,
  "Recipe": {
    "ResultCount": 1,
    "Ingredients": [
      {
		  "Object": "Clematis",
		  "Count": 1,
      },
      {
		  "Object": 388,
		  "Count": 10,
      },
	  {
		  "Object": 330,
		  "Count": 10,
	  },
    ],
	"CanPurchase": false,
  },
  "NameLocalization": { 
    "es": "Clemátide en maceta",
    "ko": "실내 화초 클레마티스",
    "de": "Topf Clematis",
     // "fr": "",
     // "hu": "",
     // "it": "",
     // "ja": "",
    "pt": "Vaso de Atragene",
     // "ru": "",
     // "tr": "",
    "zh": "铁线莲盆栽",
     },
 "DescriptionLocalization": { 
    "es": "Una planta de clemátide en una maceta pequeña de madera, agrega un pequeño enrejado para que pueda trepar. ¡Recuerda regarlo!",
    "ko": "작은 나무 화분에 심겨진 클레마티스 입니다. 물 주는거 잊지마세요!",
    "de": "Eine Clematis-Pflanze in einem kleinen Holztopf mit einem kleinen Gitter, auf das sie klettern kann. Denken Sie daran, es zu gießen!",
     // "fr": "",
     // "hu": "",
     // "it": "",
     // "ja": "",
    "pt": "Uma atragene em um  pequeno vaso de madeira, cresce em uma treliça. Lembre-se sempre de regá-la!",
     // "ru": "",
     // "tr": "",
    "zh": "一个小木盆里的铁线莲。记得给它浇水！",
    }
}
