{
    "Name": "Petunia",
    "Product": "Petunia",
    "SeedName": "Petunia Seeds",
    "SeedDescription": "Plant in summer. Takes 6 days to produce a trumpet-like flower.",
    "Type": "Flower",

    "Seasons": ["summer"],
    "Phases": [ 1, 2, 2, 1 ],
	"RegrowthPhase": -1,
    "HarvestWithScythe": false,
    "TrellisCrop": false,
    "Colors": [
		"255, 0, 120, 255",
		"255, 0, 255, 255",
		"200, 0, 255, 255",
		],
    "Bonus": {
        "MinimumPerHarvest": 1,
        "MaximumPerHarvest": 1,
        "MaxIncreasePerFarmLevel": 5,
        "ExtraChance": 0.0,
    },

	"SeedPurchaseRequirements": [
		"y 3",
	],

    "SeedPurchasePrice": 25,
    "SeedNameLocalization": { 
    "es": "Semillas de petunia",
    "ko": "페튜니아 씨앗",
    "de": "Petunia Seeds",
     // "fr": "",
     // "hu": "",
     // "it": "",
     // "ja": "",
    "pt": "Semente de Petúnia",
     // "ru": "",
     // "tr": "",
    "zh": "矮牵牛花种子",
    },
"SeedDescriptionLocalization": { 
    "es": "Plántalas en verano. Toma 6 días para producir una flor como trompeta.",
    "ko": "여름에 식물. 나팔 같은 꽃을 생산하는 데 6 일이 걸립니다.",
    "de": "Im Sommer pflanzen. Die Herstellung einer trompetenartigen Blume dauert 6 Tage.",
     // "fr": "",
     // "hu": "",
     // "it": "",
     // "ja": "",
    "pt": "Plante-a  no verão. Demoram 6 dias para nascer uma flor semelhante a  uma trombeta.",
     // "ru": "",
     // "tr": "",
    "zh": "夏天下种。6天产出喇叭状花朵。",
    }
}
