{
    "Name": "Shochu",
    "Description": "A spirit distilled from sweet potatoes. Drink in moderation.",
    "Category": "ArtisanGoods",
    "Edibility": 16,
    "EdibleIsDrink": true,
    "EdibleBuffs":
    {
        "Farming": 0,
        "Fishing": 0,
        "Mining": 0,
        "Luck": 0,
        "Foraging": 0,
        "MaxStamina": 0,
        "MagnetRadius": 0,
        "Speed": -2,
        "Defense": 0,
        "Attack": 0,
        "Duration": 180,
    },
    "Price": 300,
    "IsColored": false,
    "Recipe": null,
    "GiftTastes":
    {
        "Love": ["Pam", "Shane"],
        "Like": ["Gus"],
        "Neutral": ["Marnie", "Clint", "George", "Sebastian", "Abigial", "Alex", "Caroline", "Demetrius", "Dwarf", "Elliott", "Emily", "Evelyn", "Haley", "Harvey", "Jodi", "Kent", "Krobus", "Leah", "Lewis", "Linus", "Maru", "Pierre", "Robin", "Sam", "Sandy", "Willy", "Wizard"],
        "Dislike": ["Penny"],
        "Hate": ["Vincent", "Jas"]
    },
    "NameLocalization":
    {
        "es": "Shochu",
        "ko": "쇼츄",
        "de": "Shochu",
         // "fr": "",
         // "hu": "",
         // "it": "",
        "ja": "焼酎",
         // "pt": "",
         // "ru": "",
         // "tr": "",
        "zh": "烧酒",
    },
    "DescriptionLocalization":
    {
        "es": "Una bebida destilada preparada a partir del camote. Beber con moderación.",
        "ko": "고구마를 증류시켜 만든 술. 절제해서 드세요.",
        "de": "Ein Schnaps aus Süßkartoffeln destilliert. Genieße Ihn in Maßen.",
         // "fr": "",
         // "hu": "",
         // "it": "",
        "ja": "サツマイモから蒸留したお酒。飲む時はほどほどに。",
         // "pt": "",
         // "ru": "",
         // "tr": "",
        "zh": "一种由红薯制成的蒸馏酒。适量饮酒。",
    }
}