{
    "Name": "Rose Kombucha",
    "Description": "Made with freshly picked rose petals.",
    "Category": "ArtisanGoods",
    "Edibility": 30,
    "EdibleIsDrink": true,
    "Price": 1240,
    "IsColored": false,
    "Recipe": null,
    "GiftTastes":
    {
        "Love": ["Penny", "Krobus", "Wizard", "Linus", "Emily"],
        "Like": ["Marnie", "Jodi", "Leah", "Sandy", "Sam", "Evelyn"],
        "Neutral": ["Sebastian", "Abigail", "Caroline", "Maru", "Demetrius"],
        "Dislike": ["Haley", "Pam", "Dwarf", "George", "Alex", "Harvey"],
        "Hate": ["Vincent", "Jas", "Shane", "Willy", "Lewis", "Pierre", "Clint"]
    },
    "NameLocalization":
    {
        "es": "Kombucha rosa",
        "ko": "로즈 콤부차",
        "de": "Rosen-Kombucha",
        // "fr": "",
        // "hu": "",
        // "it": "",
       "ja": "ローズコンブチャ",
       "pt": "Kombuchá Rosa",
       "ru": "Розовая комбуча",
        // "tr": "",
        "zh": "玫瑰康普茶",
    },
    "DescriptionLocalization":
    {
        "es": "Hecho con pétalos de rosa recién recogidos.",
        "ko": "갓 따낸 장미 꽃잎으로 만든 콤부차.",
        "de": "Hergestellt aus frisch gepflückten Rosenblättern.",
        // "fr": "",
        // "hu": "",
        // "it": "",
       "ja": "摘みたてのバラで作られている。",
       "pt": "Feito com pétalas de rosa recém-colhidas.",
       "ru": "Сделано из свежесобранных лепестков роз.",
        // "tr": "",
        "zh": "用新鲜采摘的玫瑰花瓣制成。",
    }
}