{
    "Name": "Iron Leaf",
    "Product": 380,
    "SeedName": "Iron Seeds",
    "SeedDescription": "Plant these in summer. Takes 15 days to mature.",
    "Type": "Mineral",

    "Seasons": ["summer"],
    "Phases": [ 1, 2, 3, 4, 5],
    "RegrowthPhase": -1,
    "HarvestWithScythe": false,
    "TrellisCrop": false,
    "Colors": null,
    "Bonus": {
        "MinimumPerHarvest": 2,
        "MaximumPerHarvest": 3,
        "MaxIncreasePerFarmLevel": 5,
        "ExtraChance": 0.2
    },
"SeedPurchaseFrom": "Krobus",
  "SeedPurchasePrice": 100,

"SeedNameLocalization": { 
    "es": "Semillas de hierro",
    "ko": "철 씨앗",
    "de": "Eisensamen",
    "fr": "Graines de fer",
    "hu": "Vasmag",
    "it": "Semi di ferro",
    "ja": "鉄の種",
    "pt": "Sementes de Ferro",
    "ru": "Семена железа",
    "tr": "Demir Çekirdeği",
    "zh": "铁矿种子"
    },
"SeedDescriptionLocalization": { 
    "es": "Plantalas en verano. Toma 15 dias para madurar.",
    "ko": "여름 작물. 성장하려면 15일이 소요됩니다.",
    "de": "Pflanzen Sie diese im Sommer. Die Reifezeit beträgt 15 Tage.",
    "fr": "Plantez-les en été. Prend 15 jours pour mûrir.",
    "hu": "Ültesse ezeket nyáron. 15 napig érlelni.",
    "it": "Piantali in estate. Ci vogliono 15 giorni per maturare.",
    "ja": "これらを夏に植えてください。 成熟するには15日かかります。",
    "pt": "Plante-as no verão. Leva 15 dias para amadurecer.",
    "ru": "Высаживайте их летом. Созревание занимает 15 дней.",
    "tr": "Bunları yazın yazın. Olgunlaşması 15 gün sürer.",
    "zh": "夏天播种。15天成熟。"
    }
}
