{
    "Name": "Dried Poison",
    "Description": "A small bag filled with dried flowers that are known to be poisonous. Use with caution.",
    "Category": "ArtisanGoods",
    "Edibility": -300,
    "Price": 25,
    "IsColored": false,
    "Recipe": null,
    "NameLocalization":
    {
        "es": "Veneno seco",
        "ko": "드라이 포이즌",
        "de": "Getrocknetes Gift",
         // "fr": "",
         // "hu": "",
         // "it": "",
         // "ja": "",
        "pt": "Veneno Seco",
         // "ru": "",
         // "tr": "",
        "zh": "毒袋",
    },
    "DescriptionLocalization":
    {
        "es": "Una pequeña bolsa llena de flores secas que se sabe que son venenosas. Utilizar con precaución.",
        "ko": "독성이 있는 것으로 알려진 말린 꽃으로 가득 찬 작은 가방. 조심해서 사용하자.",
        "de": "Eine kleine Tüte mit getrockneten Blumen, von denen bekannt ist, dass sie giftig sind. Mit Vorsicht verwenden.",
         // "fr": "",
         // "hu": "",
         // "it": "",
         // "ja": "",
        "pt": "Um pequeno saco cheio de flores secas que são conhecidas por serem venenosas. Use com cuidado.(Da pro Morris de presente muahaha).",
         // "ru": "",
         // "tr": "",
        "zh": "一个装满有毒性的风干花朵的小袋子，请谨慎使用。",
    }
}