﻿{
    "Name": "Ancient Olive",
    "Description": "An ancient type of olive that grows in a small plant.",
    "Category": "Vegetable",
    "Edibility": 28,
    "EdibleIsDrink": false,
    "Price": 300,
    "IsColored": false,
    "Recipe": null,
    "GiftTastes":
    {
        "Love": ["Dwarf", "George", "Wizard", "Krobus", "Linus", "Lewis", "Evelyn"]
    },
    "NameLocalization":
    {
        "es": "Oliva Antigua",
        "ko": "고대의 올리브",
        "de": "Alte Olvie",
        "fr": "Olive Ancienne",
        //"hu": "",
        //"it": "",
        "ja": "古代のオリーブ",
        "pt": "Oliva Antiga",
        "ru": "Древняя оливка",
        //"tr": "",
        "zh": "远古橄榄"
    },
    "DescriptionLocalization":
    {
        "es": "Un antiguo tipo de oliva que crece en pequeñas plantas.",
        "ko": "작은 크기로 자라는 고대 식물.",
        "de": "Eine alte Olivensorte, die in einer kleinen Pflanze wächst.",
        "fr": "Un ancien type d'olive qui pousse sur une petite plante.",
        //"hu": "",
        //"it": "",
        "ja": "小さな植物に実る古代のオリーブ。",
        "pt": "Um tipo antigo de oliva que cresce em plantas pequenas.",
        "ru": "Древний вид оливок, растущий на небольших растениях",
        //"tr": "",
        "zh": "一种古老的橄榄，生长在一种小植物中。"
    },
    "ContextTags": [
        "color_brown"
    ]
}
