﻿{
    "Name": "Ancient Nut Milk",
    "Description": "Doesn't taste like regular milk.",
    "Category": "ArtisanGoods",
    "Edibility": 36,
    "EdibleIsDrink": false,
    "Price": 800,
    "IsColored": false,
    "Recipe": null,
    "GiftTastes":
    {
        "Love": ["Alex", "Evelyn", "George", "Leah", "Lewis", "Linus"]
    },
    "NameLocalization":
    {
        "es": "Leche de Nuez Antigua",
        "ko": "고대의 견과 우유",
        "de": "Alet Nussmilch",
        "fr": "Lait De Noix Ancien",
        //"hu": "",
        //"it": "",
        "ja": "古代ナッツのミルク",
        "pt": "Leite de Noz Antigo",
        "ru": "Древнее ореховое молоко",
        //"tr": "",
        "zh": "远古坚果牛奶"
    },
    "DescriptionLocalization":
    {
        "es": "No tiene le mismo sabor que la leche regular.",
        "ko": "범상치 않은 우유 맛이 납니다.",
        "de": "Schmeckt nicht nach normaler Milch.",
        "fr": "N'a pas le goût du lait ordinaire.",
        //"hu": "",
        //"it": "",
        "ja": "牛乳とは違う味。",
        "pt": "Não tem o mesmo sabor que o leite normal.",
        "ru": "На вкус совсем не как обычное молоко",
        //"tr": "",
        "zh": "不像普通牛奶的味道"
    },
    "ContextTags": [
        "color_yellow",
        "milk_item"
    ]
}
