{
  "Name": "Potted Daffodil",
  "Description": "A daffodil potted in a little wooden pot. Remember to water it!",
  "Price": 1,
  "ProvidesLight": false,
  "Recipe": {
    "ResultCount": 1,
    "Ingredients": [
      {
		  "Object": 18,
		  "Count": 1,
      },
      {
		  "Object": 388,
		  "Count": 10,
      },
	  {
		  "Object": 330,
		  "Count": 10,
	  },
    ],
	"CanPurchase": false,
  },
  "NameLocalization": { 
    "es": "Narciso en maceta",
    "ko": "실내 화초 수선화",
    "de": "Eingemachte Narzisse",
     // "fr": "",
     // "hu": "",
     // "it": "",
     // "ja": "",
    "pt": "Vaso de Narciso",
     // "ru": "",
     // "tr": "",
    "zh": "黄水仙盆栽",
     },
 "DescriptionLocalization": { 
    "es": "Un narciso en una pequeña maceta de madera. ¡Recuerda regarlo!",
    "ko": "작은 나무 화분에 심겨진 수선화 입니다. 물 주는거 잊지마세요!",
    "de": "Eine Narzisse in einem kleinen Holztopf. Denken Sie daran, es zu gießen!",
     // "fr": "",
     // "hu": "",
     // "it": "",
     // "ja": "",
    "pt": "Um narciso em um pequeno vaso de madeira. Lembre-se sempre de regá-lo!",
     // "ru": "",
     // "tr": "",
    "zh": "一个小木盆里的黄水仙。记得给它浇水！",
    }
}
