{
    "Name": "Cake Pops",
    "Description": "A little bit of cakey delight atop a lollipop stick. You're gonna want more than one.",
    "Category": "Cooking",
    "Edibility": 40,
    "EdibleIsDrink": false,
    "EdibleBuffs": null,
    "Price": 650,
    "IsColored": false,
    "Recipe":
    {
        "ResultCount": 1,
        "Ingredients": [
        {
            "Object": -6,
            "Count": 1,
        },
        {
            "Object": 176,
            "Count": 1,
        },
        {
            "Object": 245,
            "Count": 1,
        },
        {
            "Object": 388,
            "Count": 1,
        }],
        "CanPurchase": true,
        "PurchaseFrom": "Gus",
        "PurchasePrice": 700,
        "PurchaseRequirements": [
            "f Jas 750",
        ],
    },
    "NameLocalization":
    {
        "es": "Paletas de pastel",
        "ko": "케이크 팝",
        "de": "Kuchen am Stiel",
         // "fr": "",
         // "hu": "",
         // "it": "",
        "ja": "ケーキポップ",
        "pt": "Picolé de Bolo",
        "ru": "Кейк поп",
         // "tr": "",
        "zh": "蛋糕棒棒糖",
    },
    "DescriptionLocalization":
    {
        "es": "Un placentero y delicioso pastel puesto en un palito. Vas a querer más de uno.",
        "ko": "롤리팝 스틱에 꽂혀있는 작은 케이크. 한 개 먹으면 멈출 수가 없을 걸요.",
        "de": "Ein bisschen Kuchengenuss auf einem Lutscherstäbchen. Du wirst mehr als eins wollen.",
         // "fr": "",
         // "hu": "",
         // "it": "",
        "ja": "小さな粒のケーキを棒に刺したもの。1つだけでは足りないでしょう。",
        "pt": "Um pedacinho de bolo delicioso posto em um palito. Você vai querer mais de um.",
        "ru": "Немного сладости на палочке. Вам захочется съесть больше одного.",
         // "tr": "",
        "zh": "小蛋糕插在棒棒糖棍上。你会想多要几个。",
    }
}