{
  "Name": "Perfume",
  "Description": "An enchanting scent in a bottle.",
  "Category": "ArtisanGoods",
  "Edibility": -300,
  "Price": 75,
  "IsColored": false,
  "Recipe": null,
  "NameLocalization": { 
    "es": "Perfume",
    "ko": "향수",
    "de": "Parfüm",
     // "fr": "",
     // "hu": "",
     // "it": "",
     // "ja": "",
    "pt": "Perfume",
     // "ru": "",
     // "tr": "",
    "zh": "香水",
     },
 "DescriptionLocalization": { 
    "es": "Un aroma encantador embotellado.",
    "ko": "병 안에 담겨진 매혹적인 향기.",
    "de": "Ein bezaubernder Duft in einer Flasche.",
     // "fr": "",
     // "hu": "",
     // "it": "",
     // "ja": "",
    "pt": "Um perfume encantador em uma garrafa.",
     // "ru": "",
     // "tr": "",
    "zh": "一个散发着迷人气味的小瓶。",
    }
}