{
  "Name": "Potted Geranium",
  "Description": "A geranium potted in a little wooden pot. Remember to water it!",
  "Price": 1,
  "ProvidesLight": false,
  "Recipe": {
    "ResultCount": 1,
    "Ingredients": [
      {
		  "Object": "Geranium",
		  "Count": 1,
      },
      {
		  "Object": 388,
		  "Count": 10,
      },
	  {
		  "Object": 330,
		  "Count": 10,
	  },
    ],
	"CanPurchase": false,
  },
  "NameLocalization": { 
    "es": "Geranio en maceta8",
    "ko": "제라늄",
    "de": "Topfgeranie",
     // "fr": "",
     // "hu": "",
     // "it": "",
     // "ja": "",
    "pt": "Vaso de Gerânio",
     // "ru": "",
     // "tr": "",
    "zh": "老鹳草盆栽",
     },
 "DescriptionLocalization": { 
    "es": "Un geranio en una pequeña maceta de madera.¡Recuerda regarlo!",
    "ko": "작은 나무 화분에 심겨진 제라늄 입니다. 물 주는거 잊지마세요!",
    "de": "Eine Geranie in einem kleinen Holztopf. Denken Sie daran, es zu gießen!",
     // "fr": "",
     // "hu": "",
     // "it": "",
     // "ja": "",
    "pt": "Um gerânio em um pequeno vaso de  madeira. Lembre-se sempre de regá-lo!",
     // "ru": "",
     // "tr": "",
    "zh": "一个小木盆里的老鹳草。记得给它浇水！",
    }
}
