{
    "Name": "Walnut Butter",
    "Description": "A crunchy butter with bits of walnut.",
    "Category": "ArtisanGoods",
    "Edibility": 18,
    "Price": 175,
    "IsColored": false,
    "Recipe": null,
    "GiftTastes":
    {
        "Love": ["Marnie"],
        "Like": ["Abigail", "Alex", "Caroline", "Clint", "Demetrius", "Dwarf", "Elliott", "Emily", "Evelyn", "George", "Gus", "Haley", "Harvey", "Jas", "Jodi", "Kent", "Krobus", "Leah", "Lewis", "Linus", "Maru", "Pam", "Penny", "Pierre", "Robin", "Sam", "Sandy", "Sebastian", "Shane", "Vincent", "Willy", "Wizard"],
    },
    "NameLocalization":
    {
        "es": "Mantequilla de nuez",
        "ko": "호두 버터",
        "de": "Walnussbutter",
         // "fr": "",
         // "hu": "",
         // "it": "",
        "ja": "クルミバター",
        "pt": "Manteiga de Noz",
        "ru": "Масло грецкого ореха",
         // "tr": "",
        "zh": "胡桃黄油",
    },
    "DescriptionLocalization":
    {
        "es": "Una mantequilla crujiente con trozos de nuez.",
        "ko": "조그마한 호두가 들어있는 바삭바삭한 버터.",
        "de": "Eine knusprige Butter mit Walnussstücken.",
         // "fr": "",
         // "hu": "",
         // "it": "",
        "ja": "クルミの粒を混ぜたカリカリなバター。",
        "pt": "Uma manteiga crocante com pedaços de noz.",
        "ru": "Хрустящее масло с кусочками грецкого ореха.",
         // "tr": "",
        "zh": "黄油里有着松脆的胡桃。",
    }
}