[
	{
		"Id": "ppja.amethystcookierecipe",
		"Text": "嘿 @！^^  这绝对是我想到的最好的主意之一！^^  -阿比盖尔",
		"Recipe": "Amethyst Cookie",
		"WhichBG": 0, 
		"Date": "1 spring Y1",
		"Repeatable": false,
		"FriendshipConditions":
		[
			{ "NpcName": "Abigail", "FriendshipLevel": 5 }
		],
		/*"SkillConditions": 
		[
			{ "SkillName": "Farming", "SkillLevel": 1 }
		]*/
	},
	{
		"Id": "ppja.bananaandstrawberrycakerecipe",
		"Text": "好吃的香蕉草莓蛋糕！它尝起来像粉红色的蛋糕，但更甜！^^ -贾斯",
		"Recipe": "Banana Strawberry Cake",
		"WhichBG": 0,
		"Date": "1 spring Y1",
		"Repeatable": false,
		"FriendshipConditions":
		[
			{ "NpcName": "Jas", "FriendshipLevel": 3 }
		],
	},
	{
		"Id": "ppja.chocolatemousebreadrecipe",
		"Text": "@，^^  这是一个非常简单的食谱，可以用食材很快地做出来。它的味道会让你微笑！",
		"Recipe": "Chocolate Mouse Bread",
		"WhichBG": 0,
		"Date": "1 spring Y3",
		"Repeatable": false,
		"FriendshipConditions":
		[
			{ "NpcName": "Penny", "FriendshipLevel": 8 }
		],
	},
	{
		"Id": "ppja.chocolatestrawberrycakerecipeg",
		"Text": "嗯！！巧克力和草莓制成的蛋糕！我想要一片！！^^  -贾斯",
		"Recipe": "Chocolate Strawberry Cake",
		"WhichBG": 0,
		"Date": "1 spring Y3",
		"Repeatable": false,
		"FriendshipConditions":
		[
			{ "NpcName": "Jas", "FriendshipLevel": 7 }
		],
	},
	{
		"Id": "ppja.bananachocolatecreperecipe",
		"Text": "亲爱的 @，^^ 没有什么比用自家菜园里的新鲜农产品烹饪更令人满足的了!我在家做饭已经20年了，我唯一的建议就是选择最健康的菜肴。我开玩笑的!我寄给你的这个食谱一点都不健康。^^ -卡洛琳",
		"Recipe": "Chocolate and Banana Crepe",
		"WhichBG": 0,
		"Date": "1 summer Y2",
		"Repeatable": false,
		"FriendshipConditions":
		[
			{ "NpcName": "Caroline", "FriendshipLevel": 3 }
		],
	},
	{
		"Id": "ppja.deviledeggsrecipe",
		"Text": "早上好 @,^^ 这是我的辛辣煎蛋的食谱。就像他们应该产生的效果那样。当你吃这些的时候很难不笑。^^  -皮埃尔",
		"Recipe": "Deviled Eggs",
		"WhichBG": 0,
		"Date": "1 spring Y1",
		"Repeatable": false,
		"FriendshipConditions":
		[
			{ "NpcName": "Pierre", "FriendshipLevel": 3 }
		],
	},
	{
		"Id": "ppja.icedchocolatedonutrecipe",
		"Text": "嘿！^^  妈妈不希望我吃太多的糖，但是你能给我一个吗？我不想惹麻烦。^^  -文森特",
		"Recipe": "Iced Chocolate Donut",
		"WhichBG": 0,
		"Date": "14 spring Y2",
		"Repeatable": false,
		"FriendshipConditions":
		[
			{ "NpcName": "Vincent", "FriendshipLevel": 3 }
		],
	},
	{
		"Id": "ppja.keylimepierecipe",
		"Text": "@， 我知道这是一个很大的抱负，但是如果你能让自己出名，并在农产品加工业受人景仰，那就太好了。我给你附上了我的一个老食谱，希望能激励你。^^  -刘易斯",
		"Recipe": "Key Lime Pie",
		"WhichBG": 0,
		"Date": "1 summer Y1",
		"Repeatable": false,
		"FriendshipConditions":
		[
			{ "NpcName": "Lewis", "FriendshipLevel": 3 }
		],
	},
	{
		"Id": "ppja.seaweedchipsrecipe",
		"Text": "亲爱的 @，^^  我想分享一个我爸爸以前做的老食谱。做好它的诀窍是海藻一定要新鲜的。^^  -威利",
		"Recipe": "Seaweed Chips",
		"WhichBG": 0,
		"Date": "1 spring Y1",
		"Repeatable": false,
		"FriendshipConditions":
		[
			{ "NpcName": "Willy", "FriendshipLevel": 5 }
		],
	},
	{
		"Id": "ppja.strawberrypuddingrecipe",
		"Text": "草莓布丁！好吃！你喜欢草莓布丁吗？^^  -贾斯",
		"Recipe": "Strawberry Pudding",
		"WhichBG": 0,
		"Date": "1 spring Y1",
		"Repeatable": false,
		"FriendshipConditions":
		[
			{ "NpcName": "Jas", "FriendshipLevel": 5 }
		],
	},
	{
		"Id": "ppja.tofurecipe",
		"Text": "嘿 @，^^ 我今天做了第一批豆腐，太好吃了！我用的是我的自制酱油，一点也没让人失望!^^  -玛鲁",
		"Recipe": "Tofu",
		"WhichBG": 0,
		"Date": "1 spring Y1",
		"Repeatable": false,
		"FriendshipConditions":
		[
			{ "NpcName": "Maru", "FriendshipLevel": 3 }
		],
	},
]