{
    "Name": "Breakfast Kombucha",
    "Description": "It may be normal, darling; but I'd rather be natural.",
    "Category": "ArtisanGoods",
    "Edibility": 34,
    "EdibleIsDrink": true,
    "Price": 980,
    "IsColored": false,
    "Recipe": null,
    "GiftTastes":
    {
        "Love": ["Harvey", "Sebastian"],
        "Like": ["Abigail", "Alex", "Caroline", "Clint", "Demetrius", "Dwarf", "Elliott", "Emily", "Evelyn", "George", "Gus", "Haley", "Jas", "Jodi", "Kent", "Krobus", "Leah", "Lewis", "Linus", "Marnie", "Maru", "Pam", "Penny", "Pierre", "Robin", "Sam", "Sandy", "Shane", "Vincent", "Willy", "Wizard"],
    },
    "NameLocalization":
    {
        "es": "Desayuno de kombucha",
        "ko": "브랙퍼스트 콤부차",
        "de": "Frühstücks Kombucha",
        // "fr": "",
        // "hu": "",
        // "it": "",
       "ja": "ブレックファストコンブチャ",
        // "pt": "",
        // "ru": "",
        // "tr": "",
        "zh": "早餐康普茶",
    },
    "DescriptionLocalization":
    {
        "es": "Puede ser normal, querida; pero prefiero ser natural.",
        "ko": "그게 일반적일 수도 있지만, 저는 자연스러운 게 좋아요.",
        "de": "Es kann normal sein, Schatz; aber ich wäre lieber natürlich.",
        // "fr": "",
        // "hu": "",
        // "it": "",
       "ja": "「そうね、それが普通かもしれない。でも私は、普通よりも自然体で居たいの。」",
        // "pt": "",
        // "ru": "",
        // "tr": "",
        "zh": "味道尝起来或许挺普通，亲爱的；但我希望它更自然一点。",
    }
}