{
    "Name": "Rum and Cola Float",
    "Description": "It's like a Rum and Cola, but with ice cream on top.",
    "Category": "Cooking",
    "Edibility": 60,
    "EdibleIsDrink": true,
    "EdibleBuffs":
    {
        "Farming": 0,
        "Fishing": 0,
        "Mining": 0,
        "Luck": 0,
        "Foraging": 0,
        "MaxStamina": 0,
        "MagnetRadius": 0,
        "Speed": -1,
        "Defense": 0,
        "Attack": 0,
        "Duration": 100,
    },
    "Price": 595,
    "IsColored": false,
    "CanPurchase": true,
    "PurchaseFrom": "Gus",
    "PurchasePrice": 920,
    "Recipe":
    {
        "ResultCount": 1,
        "Ingredients": [
        {
            "Object": "Rum",
            "Count": 1,
        },
        {
            "Object": 167,
            "Count": 1,
        },
        {
            "Object": 233,
            "Count": 1,
        }],
        "CanPurchase": true,
        "PurchaseFrom": "Gus",
        "PurchasePrice": 5595,
        "PurchaseRequirements": null,
    },

    "NameLocalization":
    {
        "es": "Flotador de ron con cola",
        "ko": "럼 앤 콕 플로트",
        "de": "Rum mit Cola 2",
        // "fr": "",
        // "hu": "",
        // "it": "",
        // "ja": "",
        // "pt": "",
        // "ru": "",
        // "tr": "",
        "zh": "泡沫朗姆可乐",
    },
    "DescriptionLocalization":
    {
        "es": "Es como ron y cola, pero con helado encima.",
        "ko": "럼 앤 콕 같지만, 위에 아이스크림이 얹혀져 있어요.",
        "de": "Es ist wie mit Rum und Cola, aber mit Eis oben drauf.",
        // "fr": "",
        // "hu": "",
        // "it": "",
        // "ja": "",
        // "pt": "",
        // "ru": "",
        // "tr": "",
        "zh": "泡沫朗姆可乐。它很像朗姆可乐，但顶部有雪糕。",
    }
}
