{
    "Name": "Alexander Cocktail",
    "Description": "Shake well, stir, and pour over ice.",
    "Category": "Cooking",
    "Edibility": 129,
    "EdibleIsDrink": true,
    "EdibleBuffs":
    {
        "Farming": 0,
        "Fishing": 0,
        "Mining": 0,
        "Luck": 0,
        "Foraging": 0,
        "MaxStamina": 0,
        "MagnetRadius": 0,
        "Speed": -1,
        "Defense": 0,
        "Attack": 0,
        "Duration": 100,
    },
    "Price": 1960,
    "IsColored": false,
    "CanPurchase": true,
    "PurchaseFrom": "Gus",
    "PurchasePrice": 2285,
    "PurchaseRequirements": ["y 2", ],
    "Recipe":
    {
        "ResultCount": 1,
        "Ingredients": [
        {
            "Object": "Gin",
            "Count": 1,
        },
        {
            "Object": "Chocolate Liqueur",
            "Count": 1,
        },
        {
            "Object": -6,
            "Count": 1,
        }],
        "CanPurchase": true,
        "PurchaseFrom": "Gus",
        "PurchasePrice": 6960,
        "PurchaseRequirements": ["y 2", ],
    },

    "NameLocalization":
    {
        "es": "Cóctel Alexander",
        "ko": "알렉산더 칵테일",
        "de": "Cocktail Alexander",
        // "fr": "",
        // "hu": "",
        // "it": "",
        // "ja": "",
        // "pt": "",
        // "ru": "",
        // "tr": "",
        "zh": "亚历山大鸡尾酒",
    },
    "DescriptionLocalization":
    {
        "es": "Agite bien, revuelva y vierta sobre hielo.",
        "ko": "잘 흔들어서 젓고, 얼음 위에 부어주세요.",
        "de": "Gut schütteln, umrühren und über Eis gießen.",
        // "fr": "",
        // "hu": "",
        // "it": "",
        // "ja": "",
        // "pt": "",
        // "ru": "",
        // "tr": "",
        "zh": "亚历山大鸡尾酒。摇匀，搅拌，倒入冰。",
    }
}
