{
    "Name": "Iridium Fern",
    "Product": 386,
    "SeedName": "Iridium Seeds",
    "SeedDescription": "Plant these in winter. Takes 24 days to mature.",
    "Type": "Mineral",

    "Seasons": ["winter"],
    "Phases": [ 3, 4, 6, 6, 5],
    "RegrowthPhase": -1,
    "HarvestWithScythe": false,
    "TrellisCrop": false,
    "Colors": null,
    "Bonus": {
        "MinimumPerHarvest": 2,
        "MaximumPerHarvest": 3,
        "MaxIncreasePerFarmLevel": 5,
        "ExtraChance": 0.2
    },
"SeedPurchaseFrom": "Krobus",
  "SeedPurchasePrice": 400,

"SeedNameLocalization": { 
    "es": "Semillas de iridio",
    "ko": "이리듐 씨앗",
    "de": "Iridium Samen",
    "fr": "Graines d'Iridium",
    "hu": "Iridium magok",
    "it": "Semi Di Iridio",
    "ja": "イリジウムの種",
    "pt": "Sementes de Irídio",
    "ru": "Семена иридия",
    "tr": "İridyum Tohumları",
    "zh": "铱矿种子"
    },
"SeedDescriptionLocalization": { 
    "es": "Plantalas en invierno. Toma 24 dias para madurar.",
    "ko": "겨울 작물. 성장하려면 24일이 소요됩니다.",
    "de": "Pflanzen Sie diese im Winter. Die Reifezeit beträgt 24 Tage.",
    "fr": "Plantez-les en hiver. Prend 24 jours pour mûrir.",
    "hu": "Ültesse ezeket télen. 24 napig tart.",
    "it": "Piantali in inverno. Ci vogliono 24 giorni per maturare.",
    "ja": "冬にこれらを植えます。 成熟するには24日かかります。",
    "pt": "Plante-as no inverno. Leva 24 dias para amadurecer.",
    "ru": "Высаживайте их зимой. Созревание занимает 24 дня.",
    "tr": "Bunları kışın dikin. Olgunlaşması 24 gün sürer.",
    "zh": "冬天播种。24天成熟。"
    }
}
