{
    "Name": "Saffron",
    "Description": "A rare and valuable spice with a distinct yellow color.",
    "Category": "ArtisanGoods",
    "Edibility": -300,
    "Price": 250,
    "IsColored": false,
    "Recipe": null,
    "GiftTastes":
    {
        "Love": ["Gus"],
        "Like": ["Abigail", "Alex", "Caroline", "Clint", "Demetrius", "Dwarf", "Elliott", "Emily", "Evelyn", "George", "Haley", "Harvey", "Jodi", "Kent", "Krobus", "Leah", "Lewis", "Linus", "Marnie", "Maru", "Pam", "Penny", "Pierre", "Robin", "Sam", "Sandy", "Sebastian", "Shane", "Willy", "Wizard"],
        "Dislike": ["Jas", "Vincent"],
    },
    "NameLocalization":
    {
        "es": "Azafrán",
        "ko": "샤프란",
        "de": "Safran",
         // "fr": "",
         // "hu": "",
         // "it": "",
        "ja": "サフラン",
         // "pt": "",
         // "ru": "",
         // "tr": "",
        "zh": "藏红花",
    },
    "DescriptionLocalization":
    {
        "es": "Una especia rara y valiosa con un color amarillo distintivo.",
        "ko": "노란색을 띄는 희귀하고 값진 향신료.",
        "de": "Ein seltenes und wertvolles Gewürz mit einer deutlichen gelben Farbe.",
         // "fr": "",
         // "hu": "",
         // "it": "",
        "ja": "独特な黄色が珍しい貴重なスパイス。",
         // "pt": "",
         // "ru": "",
         // "tr": "",
        "zh": "一种稀有而珍贵的香料，带点黄色。",
    }
}