{
    "Name": "Salted Caramel Mocha",
    "Description": "The salty and sweet flavors blend together wonderfully.",
    "Category": "ArtisanGoods",
    "Edibility": 30,
    "EdibleIsDrink": true,
    "EdibleBuffs":
    {
        "Farming": 0,
        "Fishing": 0,
        "Mining": 0,
        "Luck": 0,
        "Foraging": 0,
        "MaxStamina": 0,
        "MagnetRadius": 0,
        "Speed": 1,
        "Defense": 0,
        "Attack": 0,
        "Duration": 180,
    },
    "Price": 500,
    "IsColored": false,
    "Recipe": null,
    "NameLocalization":
    {
        "es": "Café de caramelo salado",
        "ko": "솔티드 캐러멜 모카",
        "de": "Gesalzener Karamell-Mokka",
         // "fr": "",
         // "hu": "",
         // "it": "",
        "ja": "塩キャラメルモカ",
         // "pt": "",
         // "ru": "",
         // "tr": "",
        "zh": "咸焦糖摩卡",
    },
    "DescriptionLocalization":
    {
        "es": "Los sabores salados y dulces se mezclan maravillosamente.",
        "ko": "단짠단짠의 완벽한 조합.",
        "de": "Die salzigen und süßen Aromen vermischen sich wunderbar.",
         // "fr": "",
         // "hu": "",
         // "it": "",
        "ja": "塩味と甘味が見事に調和している。",
         // "pt": "",
         // "ru": "",
         // "tr": "",
        "zh": "咸和甜的味道完美地融合在一起。",
    }
}