{
  "Name": "Vernal Tea",
  "Description": "A sweet, flowery tea. It's the perfect start to a busy day.",
  "Category": "Cooking",
  "Edibility": 45,
  "EdibleIsDrink": true,
  "EdibleBuffs": {
    "Farming": 0,
    "Fishing": 0,
    "Mining": 0,
    "Luck": 1,
	"Foraging": 0,
	"MaxStamina": 0,
    "MagnetRadius": 0,
	"Speed": 0,
	"Defense": 0,
	"Attack": 0,
    "Duration": 300,
  },
  "Price": 350,
  "IsColored": false,
  "Recipe": {
    "ResultCount": 1,
    "Ingredients": [
      {
		  "Object": "Magnolia",
		  "Count": 1,
	  },
	  {
		  "Object": 340,
		  "Count": 1,
	  },
	  {
		  "Object": "Camellia",
		  "Count": 1,
	  },
    ],
"GiftTastes":
{
"Love": ["Abigial", "Caroline", "Evelyn", "Leah", "Krobus",],
"Like": ["Penny", "Haley", "Jodi", "Dwarf", "Alex",],
"Neutral": [ "Marnie", "George", "Emily", "Lewis", "Linus", "Maru", "Pierre", "Robin", "Sam", "Demetrius", "Sebastian", "Elliott",],
"Dislike": ["Clint", "Kent", "Gus", "Harvey", "Sandy"],
"Hate": ["Vincent", "Jas", "Pam", "Shane", "Willy", "Wizard"],
},
    "IsDefault": false,
	"CanPurchase": false,
  },
  "NameLocalization": { 
    "es": "Té vernal",
    "ko": "봄의 차",
    "de": "Frühlings-Tee",
     // "fr": "",
     // "hu": "",
     // "it": "",
     // "ja": "",
    "pt": "Chá Vernal",
     // "ru": "",
     // "tr": "",
    "zh": "春日茶",
     },
 "DescriptionLocalization": { 
    "es": "Un té dulce y florido. Es el comienzo perfecto para un día ocupado.",
    "ko": "달콤한 꽃차. 바쁜 하루를 시작하기 좋은 완벽한 차입니다.",
    "de": "Ein süßer, blumiger Tee. Es ist der perfekte Start in einen anstrengenden Tag.",
     // "fr": "",
     // "hu": "",
     // "it": "",
     // "ja": "",
    "pt": "Um chá doce e florido.  É o começo perfeito para um dia agitado.",
     // "ru": "",
     // "tr": "",
    "zh": "春日茶。味道甜美的花茶。完美的一天由此开始。",
    }
}