{
    "Name": "Delphinium",
    "Description": "A plant that grows flowers along a large, protruding stalk. It's poisonous if ingested.",
    "Category": "Flower",
    "Edibility": -50,
    "Price": 160,
    "IsColored": true,
    "Recipe": null,
    "GiftTastes":
    {
        "Love": ["Emily"],
        "Like": ["Elliott", "Harvey", "Sam", "Haley", "Leah", "Penny", "Abigail", "Demetrius", "Evelyn", "Jas", "Jodi", "Kent", "Lewis", "Linus", "Marnie", "Robin", "Sandy", "Caroline"],
        "Neutral": ["Alex", "Shane", "Maru", "Dwarf", "Gus", "Krobus", "Pam", "Pierre", "Vincent", "Willy", "Wizard"],
        "Dislike": ["Sebastian", "George"],
        "Hate": ["Clint"]
    },
    "NameLocalization":
    {
        "es": "Delfinio",
        "ko": "델피니움",
        "de": "Rittersporn",
         // "fr": "",
         // "hu": "",
         // "it": "",
         // "ja": "",
        "pt": "Esporinha",
         // "ru": "",
         // "tr": "",
        "zh": "翠雀花",
    },
    "DescriptionLocalization":
    {
        "es": "Una planta que le crece flores a lo largo de su gran tallo sobresaliendo. Es venenoso si se ingiere.",
        "ko": "커다랗고 튀어나온 줄기를 따라 꽃을 피우는 식물. 독이 있어서 먹으면 안된다.",
        "de": "Eine Pflanze, deren Blumen an einem großen, hervorstehenden Stiel wächst. Es ist giftig, wenn es eingenommen wird.",
         // "fr": "",
         // "hu": "",
         // "it": "",
         // "ja": "",
        "pt": "Uma planta que cultiva flores ao longo de um caule grande e saliente. É venenoso,toma cuidado para não ingerir.",
         // "ru": "",
         // "tr": "",
        "zh": "一种硕大且突出花茎的花朵，有毒性。",
    },
    "ContextTags": [
    	"color_blue",
    	"season_spring",
    	"flower_poisonous",
    	"flower_item"
    ]
}