{
    "Name": "English Rose",
    "Description": "An old folk legend suggests that the sweet smell of this flower attracts fairies.",
    "Category": "Flower",
    "Edibility": 18,
    "Price": 290,
    "IsColored": true,
    "Recipe": null,
    "NameLocalization":
    {
        "es": "Rosa inglesa",
        "ko": "잉글리쉬 장미",
        "de": "Englische Rose",
         // "fr": "",
         // "hu": "",
         // "it": "",
         // "ja": "",
        "pt": "Rosa Inglesa",
         // "ru": "",
         // "tr": "",
        "zh": "英伦玫瑰",
    },
    "DescriptionLocalization":
    {
        "es": "Una vieja leyenda popular sugiere que el olor dulce de esta flor atrae a las hadas.",
        "ko": "옛날 전설에 의하면 이 꽃의 달콤한 향기가 요정들을 유혹한다고 한다.",
        "de": "Eine alte Volkssage besagt, dass der süße Duft dieser Blume Feen anzieht.",
         // "fr": "",
         // "hu": "",
         // "it": "",
         // "ja": "",
        "pt": "Uma antiga lenda popular sugere que o cheiro doce desta flor atrai fadas.",
         // "ru": "",
         // "tr": "",
        "zh": "在一个古老的传说中，这种花的香气吸引了仙女。",
    },
    "ContextTags": [
    	"season_fall",
    	"flower_item",
    	"color_red"
    ]
}