﻿[
	{
		"ProducerName": "Dryer",
		"InputIdentifier": "-75",
		"InputStack": 1,
		"MinutesUntilReady": 2000,
		"OutputIdentifier": "Veggie Chips",
		"OutputName": "{inputName} Chips",
		"InputPriceBased": true,
		"OutputPriceIncrement": 25,
		"OutputPriceMultiplier": 1.35,
		"KeepInputQuality": false,
		"OutputQuality": 0,
		"OutputStack": 1,
		"Sounds": ["Ship"],
		"PlacingAnimation": "Bubbles",
		"PlacingAnimationColorName": "White"
	},
	{
		"ProducerName": "Dryer",
		"InputIdentifier": "flower_poisonous",
		"InputStack": 1,
		"MinutesUntilReady": 2000,
		"OutputIdentifier": "Dried Poison",
		"OutputName": "Dried {inputName}",
		"InputPriceBased": true,
		"OutputPriceIncrement": 25,
		"OutputPriceMultiplier": 1.85,
		"KeepInputQuality": false,
		"OutputQuality": 0,
		"OutputStack": 1,
		"Sounds": ["Ship"],
		"PlacingAnimation": "Bubbles",
		"PlacingAnimationColorName": "White"
	},
	{
		"ProducerName": "Dryer",
		"InputIdentifier": "-80",
		"InputStack": 1,
		"MinutesUntilReady": 2000,
		"OutputIdentifier": "Tea Bag",
		"OutputName": null,
		"PreserveType": null,
		"InputPriceBased": true,
		"OutputPriceIncrement": 25,
		"OutputPriceMultiplier": 2,
		"KeepInputQuality": false,
		"OutputQuality": 0,
		"OutputStack": 1,
		"Sounds": ["Ship"],
		"PlacingAnimation": "Bubbles",
		"PlacingAnimationColorName": "White"
	},
	{
		"ProducerName": "Perfumery",
		"InputIdentifier": "-80",
		"InputStack": 1,
		"MinutesUntilReady": 4000,
		"OutputIdentifier":"Perfume",
		"OutputName": "{inputName} {outputName}",
		"InputPriceBased": true,
		"OutputPriceIncrement": 75,
		"OutputPriceMultiplier": 2.25,
		"KeepInputQuality": false,
		"OutputQuality": 0,
		"OutputStack": 1,
		"Sounds": ["Ship", "bubbles"],
		"PlacingAnimation": "Bubbles",
		"PlacingAnimationColorName": "White"
	},
	{
		"ProducerName": "Soap Maker",
		"InputIdentifier": "-80",
		"InputStack": 1,
		"FuelIdentifier": "Oil",
		"FuelStack": 1,
		"MinutesUntilReady": 6000,
		"OutputIdentifier": "Floral Soap",
		"OutputName": "{inputName} Soap",
		"InputPriceBased": true,
		"OutputPriceIncrement": 150,
		"OutputPriceMultiplier": 1.45,
		"KeepInputQuality": false,
		"OutputQuality": 0,
		"OutputStack": 1,
		"Sounds": ["Ship"],
		"PlacingAnimation": "Bubbles",
		"PlacingAnimationColorName": "White"
	},
	{
		"ProducerName": "Soap Maker",
		"InputIdentifier": "-79",
		"InputStack": 1,
		"FuelIdentifier": "Oil",
		"FuelStack": 1,
		"MinutesUntilReady": 6000,
		"OutputIdentifier": "Fruity Soap",
		"OutputName": "{inputName} Soap",
		"InputPriceBased": true,
		"OutputPriceIncrement": 75,
		"OutputPriceMultiplier": 1.45,
		"KeepInputQuality": false,
		"OutputQuality": 0,
		"OutputStack": 1,
		"Sounds": ["Ship"],
		"PlacingAnimation": "Bubbles",
		"PlacingAnimationColorName": "White"
	}
]