﻿[
	{
		"ProducerName":"Perfumery", //Name of the producer
		"AlternateFrameProducing": false, //If the producer should use the alternate frame when producing.
		"AlternateFrameWhenReady": false, //If the producer should use the alternate frame and ready for harvest.
	},
	{
		"ProducerName": "Soap Maker", //Name of the producer
		"AlternateFrameProducing": false, //If the producer should use the alternate frame when producing.
		"AlternateFrameWhenReady": false, //If the producer should use the alternate frame and ready for harvest.
	},
	{
		"ProducerName": "Dryer", //Name of the producer
		"AlternateFrameProducing": true, //If the producer should use the alternate frame when producing.
		"AlternateFrameWhenReady": true, //If the producer should use the alternate frame and ready for harvest.
	}
]