{
    "Name": "Spiked Eggnog",
    "Description": "A drink traditionally consumed over the Winter Star season. This recipe calls for bourbon.",
    "Category": "Cooking",
    "Edibility": 45,
    "EdibleIsDrink": true,
    "EdibleBuffs":
    {
        "Farming": 0,
        "Fishing": 0,
        "Mining": 0,
        "Luck": 0,
        "Foraging": 0,
        "MaxStamina": 0,
        "MagnetRadius": 0,
        "Speed": -1,
        "Defense": 0,
        "Attack": 0,
        "Duration": 100,
    },
    "Price": 300,
    "IsColored": false,
    "Recipe":
    {
        "ResultCount": 1,
        "Ingredients": [
        {
            "Object": -5,
            "Count": 1,
        },
        {
            "Object": -6,
            "Count": 1,
        },
        {
            "Object": 245,
            "Count": 1,
        },
        {
            "Object": "Nutmeg",
            "Count": 1,
        },
        {
            "Object": "Bourbon",
            "Count": 1,
        }, ],
        "IsDefault": true,
    },
    "GiftTastes":
    {
        "Love": ["Pam", "Shane"],
        "Like": ["Gus"],
        "Neutral": ["Marnie", "Clint", "George", "Sebastian", "Abigail", "Alex", "Caroline", "Demetrius", "Dwarf", "Elliott", "Emily", "Evelyn", "Haley", "Harvey", "Jodi", "Kent", "Krobus", "Leah", "Lewis", "Linus", "Maru", "Pierre", "Robin", "Sam", "Sandy", "Willy", "Wizard"],
        "Dislike": ["Penny"],
        "Hate": ["Vincent", "Jas"]
    },
    "NameLocalization":
    {
        // "es": "",
        "ko": "에그노그",
        "de": "Eierlikör mit Schuss",
        // "fr": "",
        // "hu": "",
        // "it": "",
        "ja": "バーボンエッグノッグ",
        "pt": "Gemada Natalina",
        // "ru": "",
        // "tr": "",
        "zh": "圣诞蛋酒",
    },
    "DescriptionLocalization":
    {
        // "es": "",
        "ko": "크리스마스 시즌에 마시는 전통음료. 버번이 들어간다.",
        "de": "Ein Getränk, das traditionell während der Winter Star-Saison konsumiert wird. Dieses Rezept erfordert Bourbon",
        // "fr": "",
        // "hu": "",
        // "it": "",
        "ja": "冬星祭の時期に飲まれる伝統的な飲み物。このレシピではお酒を足して飲む。",
        "pt": "Uma bebida geralmente consumida no inverno. Essa receita pede por um Bourbon.",
        // "ru": "",
        // "tr": "",
        "zh": "在冬日星盛宴期间饮用的传统饮料。这个食谱需要波本威士忌。",
    },
    "EnableWithMod": "ppja.artisanvalleymachinegoods",
}