{
    "Name": "Grinder",
    "Description": "Use it to grind produce into valuable goods and spices.",
    "Price": 1,
    "ProvidesLight": false,
    "ReserveNextIndex": true,
    "Recipe":
    {
        "ResultCount": 1,
        "Ingredients": [
        {
            "Object": 709,
            "Count": 5,
        },
        {
            "Object": 335,
            "Count": 5,
        },
        {
            "Object": 787,
            "Count": 1,
        },
        {
            "Object": 338,
            "Count": 1,
        }, ],
        "CanPurchase": false,
        "SkillUnlockName": "Farming",
        "SkillUnlockLevel": 7,
    },
    "NameLocalization":
    {
        // "es": "",
        "ko": "분쇄기",
        "de": "Mühle",
        // "fr": "",
        // "hu": "",
        // "it": "",
        // "ja": "",
        "pt": "Moedor",
        // "ru": "",
        // "tr": "",
        "zh": "研磨机",
    },
    "DescriptionLocalization":
    {
        // "es": "",
        "ko": "쌀을 가공하거나 농산물을 갈아서 가치있는 상품이나 향신료로 만들 수 있습니다.",
        "de": "Verabeitet Erzeugnisse zu wertvollen Gütern und Gewürzen.",
        // "fr": "",
        // "hu": "",
        // "it": "",
        // "ja": "",
        "pt": "Use para moer produtos em bens valiosos ou temperos.",
        // "ru": "",
        // "tr": "",
        "zh": "用它把农产品磨成贵重的商品和香料。",
    }
}