{
    "Name": "Rice Flour",
    "Description": "A cooking ingredient made from milled rice.",
    "Category": "ArtisanGoods",
    "Edibility": 6,
    "Price": 150,
    "IsColored": false,
    "Recipe": null,
    "GiftTastes":
    {
        "Dislike": ["Abigail", "Alex", "Caroline", "Clint", "Demetrius", "Dwarf", "Elliott", "Emily", "Evelyn", "George", "Gus", "Haley", "Harvey", "Jas", "Jodi", "Kent", "Krobus", "Leah", "Lewis", "Linus", "Marnie", "Maru", "Pam", "Penny", "Pierre", "Robin", "Sam", "Sandy", "Sebastian", "Shane", "Vincent", "Willy", "Wizard"],
    },
    "NameLocalization":
    {
        "es": "Harina de arroz",
        "ko": "쌀가루",
        "de": "Reismehl",
         // "fr": "",
         // "hu": "",
         // "it": "",
        "ja": "米粉",
         // "pt": "",
         // "ru": "",
         // "tr": "",
        "zh": "米浆",
    },
    "DescriptionLocalization":
    {
        "es": "Un ingrediente para cocinar hecho de arroz molido.",
        "ko": "백미로 만든 요리 재료.",
        "de": "Eine Kochzutat aus gemahlenem Reis.",
         // "fr": "",
         // "hu": "",
         // "it": "",
        "ja": "精米から作られた食材。",
         // "pt": "",
         // "ru": "",
         // "tr": "",
        "zh": "一种由大米制成的烹饪原料。",
    }
}