{
    "Name": "Porter",
    "Description": "A fermented beverage made from wheat malt. Drink in moderation.",
    "Category": "ArtisanGoods",
    "Edibility": 6,
    "EdibleIsDrink": true,
    "EdibleBuffs":
    {
        "Farming": 0,
        "Fishing": 0,
        "Mining": 0,
        "Luck": 0,
        "Foraging": 0,
        "MaxStamina": 0,
        "MagnetRadius": 0,
        "Speed": -2,
        "Defense": 0,
        "Attack": 0,
        "Duration": 180,
    },
    "Price": 300,
    "IsColored": false,
    "Recipe": null,
    "GiftTastes":
    {
        "Love": ["Pam", "Shane"],
        "Like": ["Gus"],
        "Neutral": ["Marnie", "Clint", "George", "Sebastian", "Abigail", "Alex", "Caroline", "Demetrius", "Dwarf", "Elliott", "Emily", "Evelyn", "Haley", "Harvey", "Jodi", "Kent", "Krobus", "Leah", "Lewis", "Linus", "Maru", "Pierre", "Robin", "Sam", "Sandy", "Willy", "Wizard"],
        "Dislike": ["Penny"],
        "Hate": ["Vincent", "Jas"]
    },
    "NameLocalization":
    {
        "es": "Cerveza negra",
        "ko": "포터",
        "de": "Porter",
         // "fr": "",
         // "hu": "",
         // "it": "",
        "ja": "ポーター",
        "pt": "Cerveja Preta",
        "ru": "Портер",
         // "tr": "",
        "zh": "波特酒",
    },
    "DescriptionLocalization":
    {
        "es": "Una bebida fermentada a base de malta de trigo. Beber con moderación.",
        "ko": "밀 맥아로 만든 발효 음료. 절제해서 드세요.",
        "de": "Ein fermentiertes Getränk aus Weizenmalz. Genieß es in Maßen.",
         // "fr": "",
         // "hu": "",
         // "it": "",
        "ja": "コムギ麦芽から作ったお酒。飲む時はほどほどに。",
        "pt": "Uma bebida fermentada a partir do malte de trigo. Beba com moderação.",
        "ru": "Напиток из сбродившего пшеничного солода. Пейте в меру.",
         // "tr": "",
        "zh": "一种由小麦麦芽制成的发酵酒精饮料。适量饮酒。",
    }
}