{
    "Name": "Moscow Mule",
    "Description": "Working as hard as a mule!",
    "Category": "Cooking",
    "Edibility": 74,
    "EdibleIsDrink": true,
    "EdibleBuffs":
    {
        "Farming": 0,
        "Fishing": 0,
        "Mining": 0,
        "Luck": 0,
        "Foraging": 0,
        "MaxStamina": 0,
        "MagnetRadius": 0,
        "Speed": -1,
        "Defense": 0,
        "Attack": 0,
        "Duration": 100,
    },
    "Price": 835,
    "IsColored": false,
    "CanPurchase": true,
    "PurchaseFrom": "Gus",
    "PurchasePrice": 1835,
    "PurchaseRequirements": null,

    "Recipe":
    {
        "ResultCount": 1,
        "Ingredients": [
        {
            "Object": 346,
            "Count": 1,
        },
        {
            "Object": "Vodka",
            "Count": 1,
        },
        {
            "Object": "Lime",
            "Count": 1,
        },
        {
            "Object": "Ginger",
            "Count": 1,
        },
        {
            "Object": "Mint",
            "Count": 1,
        }],
        "CanPurchase": true,
        "PurchaseFrom": "Gus",
        "PurchasePrice": 5835,
        "PurchaseRequirements": null,
    },

    "NameLocalization":
    {
        "es": "Mula de Moscú",
        "ko": "모스크바 뮬",
        "de": "Moscow Mule",
        // "fr": "",
        // "hu": "",
        // "it": "",
        // "ja": "",
        // "pt": "",
        // "ru": "",
        // "tr": "",
        "zh": "莫斯科骡鸡尾酒",
    },
    "DescriptionLocalization":
    {
        "es": "¡Trabajando tan duro como una mula!",
        "ko": "노새처럼 열심히 일하세요!",
        "de": "Hart arbeiten als wäre man ein Maultier",
        // "fr": "",
        // "hu": "",
        // "it": "",
        // "ja": "",
        // "pt": "",
        // "ru": "",
        // "tr": "",
        "zh": "莫斯科骡鸡尾酒。像骡子一样努力工作！",
    }
}
