{
  "Name": "Potted Freesia",
  "Description": "A freesia potted in a little wooden pot. Remember to water it!",
  "Price": 1,
  "ProvidesLight": false,
  "Recipe": {
    "ResultCount": 1,
    "Ingredients": [
      {
		  "Object": "Freesia",
		  "Count": 1,
      },
      {
		  "Object": 388,
		  "Count": 10,
      },
	  {
		  "Object": 330,
		  "Count": 10,
	  },
    ],
	"CanPurchase": false,
  },
  "NameLocalization": { 
    "es": "Fresia en maceta",
    "ko": "실내 화초 프리지아",
    "de": "Eingemachte Freesie",
     // "fr": "",
     // "hu": "",
     // "it": "",
     // "ja": "",
    "pt": "Vaso de Frésia",
     // "ru": "",
     // "tr": "",
    "zh": "小苍兰盆栽",
     },
 "DescriptionLocalization": { 
    "es": "Una fresia en una pequeña maceta de madera. ¡Recuerda regarla!",
    "ko": "작은 나무 화분에 심겨진 프리지아 입니다. 물 주는거 잊지마세요!",
    "de": "Eine Freesie in einem kleinen Holztopf. Denken Sie daran, es zu gießen!",
     // "fr": "",
     // "hu": "",
     // "it": "",
     // "ja": "",
    "pt": "Uma frésia em um pequeno vaso de madeira. Lembre-se sempre de regá-la!",
     // "ru": "",
     // "tr": "",
    "zh": "一个小木盆里的小苍兰。记得给它浇水！",
    }
}
