{
  "Name": "Potted Hyacinth",
  "Description": "A hyacinth potted in a little wooden pot. Remember to water it!",
  "Price": 1,
  "ProvidesLight": false,
  "Recipe": {
    "ResultCount": 1,
    "Ingredients": [
      {
		  "Object": "Hyacinth",
		  "Count": 1,
      },
      {
		  "Object": 388,
		  "Count": 10,
      },
	  {
		  "Object": 330,
		  "Count": 10,
	  },
    ],
	"CanPurchase": false,
  },
  "NameLocalization": { 
    "es": "Jacinto en maceta",
    "ko": "실내 화초 히아신스",
    "de": "Topfhyazinthe",
     // "fr": "",
     // "hu": "",
     // "it": "",
     // "ja": "",
    "pt": "Vaso de Jacinto",
     // "ru": "",
     // "tr": "",
    "zh": "风信子盆栽",
     },
 "DescriptionLocalization": { 
    "es": "Un jacinto en una pequeña maceta de madera.¡Recuerda regarlo!",
    "ko": "작은 나무 화분에 심겨진 히아신스 입니다. 물 주는거 잊지마세요!",
    "de": "Eine Hyazinthe in einem kleinen Holztopf. Denken Sie daran, es zu gießen!",
     // "fr": "",
     // "hu": "",
     // "it": "",
     // "ja": "",
    "pt": "Um jacinto em um pequeno vaso de madeira. Lembra-se sempre de regá-lo!",
     // "ru": "",
     // "tr": "",
    "zh": "一个小木盆里的风信子。记得给它浇水！",
    }
}
