{
    "Name": "Wasabi Paste",
    "Description": "A pale green paste often served with sushi. Very spicy!",
    "Category": "ArtisanGoods",
    "Edibility": -300,
    "Price": 80,
    "IsColored": false,
    "Recipe": null,
    "GiftTastes":
    {
        "Love": ["Krobus"],
        "Like": ["Harvey", "Leah", "Linus", "Shane", "Sebastian"],
        "Neutral": ["Demetrius", "Emily", "Jodi", "Kent", "Maru", "Penny", "Sandy"],
        "Dislike": ["Abigail", "Alex", "Caroline", "Clint", "Dwarf", "Elliott", "Evelyn", "George", "Gus", "Lewis", "Marnie", "Pam", "Pierre", "Robin", "Sam", "Willy", "Wizard"],
        "Hate": ["Haley", "Jas", "Vincent"],
    },
    "NameLocalization":
    {
        "es": "Pasta de wasabi",
        "ko": "와사비 페이스트",
        "de": "Wasabi Paste",
         // "fr": "",
         // "hu": "",
         // "it": "",
        "ja": "練りワサビ",
         // "pt": "",
         // "ru": "",
         // "tr": "",
        "zh": "芥末酱",
    },
    "DescriptionLocalization":
    {
        "es": "Una pasta pálida de color verde a menudo servida con sushi. ¡Muy picante!",
        "ko": "엷은 녹색 페이스트는 스시와 함께 제공됩니다. 아주 매워요!",
        "de": "Eine hellgrüne Paste, die oft mit Sushi serviert wird. Sehr scharf!",
         // "fr": "",
         // "hu": "",
         // "it": "",
        "ja": "この淡い緑色のペーストは、寿司によく添えられる。非常に辛い！",
         // "pt": "",
         // "ru": "",
         // "tr": "",
        "zh": "一种淡绿色的酱料，通常与寿司搭配食用。味道非常辛辣刺激！",
    }
}