﻿[
	// B E G I N  A N C I E N T  C R O P S  P R O D U C T S

	// Keg

	{
		"ProducerName": "Keg", 
		"InputIdentifier": "Ancient Coffee Bean", 
		"InputStack": 5, 
		"FuelIdentifier": null, 
		"FuelStack":4, 
		"MinutesUntilReady": 120, 
		"OutputIdentifier":"Ancient Coffee",  
		"OutputName": null, 
		"PreserveType": null, 
		"InputPriceBased": false, 
		"OutputPriceIncrement": 200, 
		"OutputPriceMultiplier": 2.5, 
		"KeepInputQuanlity": false, 
		"OutputQuality": 0, 
		"OutputStack": 1, 
		"Sounds": ["Ship"], 
		"PlacingAnimation": null, 
		"PlacingAnimationColorName": "White", 
	},

	// Butter Churn

	{
		"ProducerName": "Butter Churn", 
		"InputIdentifier": "Ancient Nut", 
		"InputStack": 1, 
		"FuelIdentifier": null, 
		"FuelStack": 1, 
		"MinutesUntilReady": 680, 
		"OutputIdentifier": "Ancient Nut Butter",  
		"OutputName": null,  
		"PreserveType": null, 
		"InputPriceBased": false, 
		"OutputPriceIncrement": 200, 
		"OutputPriceMultiplier": 2.5, 
		"KeepInputQuanlity": false, 
		"OutputQuality": 0, 
		"OutputStack": 1, 
		"Sounds": ["Ship"], 
		"PlacingAnimation": null, 
		"PlacingAnimationColorName": "White", 
	},

	// Oil Maker

	{
		"ProducerName": "Oil Maker", 
		"InputIdentifier": "Ancient Nut", 
		"InputStack": 1, 
		"FuelIdentifier": null, 
		"FuelStack": 1, 
		"MinutesUntilReady": 480, 
		"OutputIdentifier": "Ancient Nut Milk",  
		"OutputName": null, 
		"PreserveType": null, 
		"InputPriceBased": false, 
		"OutputPriceIncrement": 200, 
		"OutputPriceMultiplier": 2.5, 
		"KeepInputQuanlity": false, 
		"OutputQuality": 0, 
		"OutputStack": 1, 
		"Sounds": ["Ship"], 
		"PlacingAnimation": null, 
		"PlacingAnimationColorName": "White", 
	},
	{
		"ProducerName": "Oil Maker", 
		"InputIdentifier": "Ancient Olive", 
		"InputStack": 1, 
		"FuelIdentifier": null, 
		"FuelStack": 1, 
		"MinutesUntilReady": 600, 
		"OutputIdentifier": "Ancient Olive Oil",  
		"OutputName": null, 
		"PreserveType": null, 
		"InputPriceBased": false, 
		"OutputPriceIncrement": 200, 
		"OutputPriceMultiplier": 2.5, 
		"KeepInputQuanlity": false, 
		"OutputQuality": 0, 
		"OutputStack": 1, 
		"Sounds": ["Ship"], 
		"PlacingAnimation": null, 
		"PlacingAnimationColorName": "White", 
	},

	// Grinder

	{
		"ProducerName": "Grinder", 
		"InputIdentifier": "Ancient Fern", 
		"InputStack": 1, 
		"FuelIdentifier": null, 
		"FuelStack": 1, 
		"MinutesUntilReady": 360, 		
		"OutputIdentifier": "Ground Herb",  
		"OutputName": "Ground {inputName}",		
        "OutputTranslationKey": "Grinder.Herb", 		
		"PreserveType": null, 
		"InputPriceBased": true, 
		"OutputPriceIncrement": 0, 
		"OutputPriceMultiplier": 1.5, 
		"KeepInputQuanlity": false, 
		"OutputQuality": 0, 
		"OutputStack": 1, 
		"Sounds": ["Ship"], 
		"PlacingAnimation": null, 
		"PlacingAnimationColorName": "White", 
	},

	// E N D  A N C I E N T  C R O P S  P R O D U C T S
]