﻿[
	{
		"ProducerName": "Butter Churn", //Only 1 frame
		"AlternateFrameProducing": false, 
		"AlternateFrameWhenReady": false, 
	},
	{
		"ProducerName": "Keg", //Name of the producer
		"AlternateFrameProducing": false, //If the producer should use the alternate frame when producing.
		"AlternateFrameWhenReady": false, //If the producer should use the alternate frame and ready for harvest.
	},
	{
		"ProducerName": "Grinder", //Only 1 frame
		"AlternateFrameProducing": false, 
		"AlternateFrameWhenReady": false, 
	},
	{
		"ProducerName": "Oil Maker", //Only 1 frame
		"AlternateFrameProducing": false, 
		"AlternateFrameWhenReady": false, 
	},
]