{
    "Name": "Cafe Americano",
    "Description": "Bitter and strong. This will help you wake up.",
    "Category": "ArtisanGoods",
    "Edibility": 30,
    "EdibleIsDrink": true,
    "EdibleBuffs":
    {
        "Farming": 0,
        "Fishing": 0,
        "Mining": 0,
        "Luck": 0,
        "Foraging": 0,
        "MaxStamina": 0,
        "MagnetRadius": 0,
        "Speed": 2,
        "Defense": 0,
        "Attack": 0,
        "Duration": 120,
    },
    "Price": 300,
    "IsColored": false,
    "Recipe": null,
    "NameLocalization":
    {
        "es": "Café Americano",
        "ko": "카페 아메리카노",
        "de": "Café Americano",
         // "fr": "",
         // "hu": "",
         // "it": "",
        "ja": "カフェアメリカーノ",
         // "pt": "",
         // "ru": "",
         // "tr": "",
        "zh": "美式咖啡",
    },
    "DescriptionLocalization":
    {
        "es": "Amargo y fuerte. Esto te ayudará a despertarte.",
        "ko": "쓰고 강한 맛이 납니다. 일어나는데 도움이 됩니다.",
        "de": "Bitter und stark. Das hilft dir beim Aufwachen.",
         // "fr": "",
         // "hu": "",
         // "it": "",
        "ja": "濃い苦み。目覚ましに役立つ。",
         // "pt": "",
         // "ru": "",
         // "tr": "",
        "zh": "苦涩且效力强劲。有助你振奋精神。",
    }
}