{
  "Name": "Daisy",
  "Description": "A cute little flower used in herbal medicine. Also good for crown-making.",
  "Category": "Flower",
  "Edibility": 10,
  "Price": 10,
  "IsColored": false,
  "Recipe": null,
  "CanPurchase": false,
  "PurchaseFrom": null,
  "GiftTastes":
{
"Love": ["Jas", "Penny"],
"Like": ["Elliott", "Harvey", "Sam", "Emily", "Haley", "Leah", "Abigail", "Demetrius", "Evelyn", "Jodi", "Kent", "Lewis", "Linus", "Marnie", "Robin", "Sandy", "Caroline"],
"Neutral": ["Alex", "Shane", "Maru", "Dwarf", "Gus", "Krobus", "Pam", "Pierre", "Vincent", "Willy", "Wizard"],
"Dislike": ["Sebastian", "Clint", "George"],
},
"NameLocalization": { 
    "es": "Margarita",
    "ko": "데이지",
    "de": "Gänseblümchen",
     // "fr": "",
     // "hu": "",
     // "it": "",
     // "ja": "",
    "pt": "Margarida",
     // "ru": "",
     // "tr": "",
    "zh": "雏菊",
     },
 "DescriptionLocalization": { 
    "es": "Una linda y pequeña flor utilizada en la medicina herbal. También sirve para hacer coronas.",
    "ko": "한약재에 쓰이는 작고 귀여운 꽃. 화관을 만드는 데도 좋다.",
    "de": "Eine niedliche kleine Blume verwendet in der Kräutermedizin. Auch gut für die Kronenherstellung.",
     // "fr": "",
     // "hu": "",
     // "it": "",
     // "ja": "",
    "pt": "Uma pequena flor bonita, usada na fitoterapia. Também é bom para fazer coroas.",
     // "ru": "",
     // "tr": "",
    "zh": "一种可以入药的可爱小花。也可制作花冠。",
    },
    "ContextTags": [
    	"forage_item",
    	"flower_item",
    	"color_white",
    	"season_fall"
    ]
}