{
    "Name": "Peppermint Hot Chocolate",
    "Description": "Nothing beats being wrapped up in a blanket with a nice, warm hot chocolate on a cold day.",
    "Category": "Cooking",
    "Edibility": 48,
    "EdibleIsDrink": false,
    "EdibleBuffs": null,
    "Price": 500,
    "IsColored": false,
    "Recipe":
    {
        "ResultCount": 1,
        "Ingredients": [
        {
            "Object": "Chocolate",
            "Count": 1,
        },
        {
            "Object": "Peppermint Candy Cane",
            "Count": 1,
        }, ],
        "IsDefault": true,
    },
    "GiftTastes":
    {
        "Love": ["Abigail", "Haley", "Maru", "Sebastian"],
        "Like": ["Alex", "Caroline", "Clint", "Demetrius", "Dwarf", "Elliott", "George", "Gus", "Harvey", "Jas", "Jodi", "Kent", "Leah", "Lewis", "Linus", "Marnie", "Pam", "Penny", "Pierre", "Robin", "Sam", "Sandy", "Shane", "Vincent", "Wizard"],
        "Neutral": ["Emily", "Krobus", "Willy"],
        "Hate": ["Evelyn"],
    },
    "NameLocalization":
    {
        // "es": "",
        "ko": "페퍼민트 핫초코",
        "de": "Heiße Pfefferminzschokolade",
        // "fr": "",
        // "hu": "",
        // "it": "",
        "ja": "ペパーミントホットチョコレート",
        "pt": "Hortelã Picante Quente",
        // "ru": "",
        // "tr": "",
        "zh": "薄荷热巧克力",
    },
    "DescriptionLocalization":
    {
        // "es": "",
        "ko": "추운 날 이불 속에서 마시는 핫초코만큼 따뜻한 것이 없죠.",
        "de": "Es gibt nichts schöneres, als an einem kalten Tag in eine Decke, mit einer schönen, warmen, heißen Schokolade gekuschelt zu sein.",
        // "fr": "",
        // "hu": "",
        // "it": "",
        "ja": "寒い日には、毛布にくるまれ温かくおいしいホットチョコレートを飲んでいる時に勝るものはない。",
        "pt": "Nos dias frios não há nada melhor do que embrulhar-se e tomar um picante chocolate quente.",
        // "ru": "",
        // "tr": "",
        "zh": "在寒冷的日子里，没有什么比裹在毯子里来一份热巧克力更好的了。",
    }
}