{
    "Name": "Mint Kombucha",
    "Description": "A Kombucha with Mint flavors.",
    "Category": "ArtisanGoods",
    "Edibility": 26,
    "EdibleIsDrink": true,
    "Price": 520,
    "IsColored": false,
    "Recipe": null,
    "GiftTastes":
    {
        "Love": ["Sebastian"],
        "Like": ["Alex", "Caroline", "Clint", "Demetrius", "Dwarf", "Elliott", "Emily", "Evelyn", "George", "Gus", "Harvey", "Jodi", "Kent", "Leah", "Lewis", "Linus", "Marnie", "Maru", "Pam", "Penny", "Pierre", "Robin", "Sam", "Sandy", "Shane", "Willy", "Wizard"],
        "Neutral": ["Abigail", "Haley"],
        "Dislike": ["Jas", "Krobus", "Vincent"],
    },
    "NameLocalization":
    {
        "es": "Kombucha de menta",
        "ko": "민트 콤부차",
        "de": "Minz-Kombucha",
        // "fr": "",
        // "hu": "",
        // "it": "",
       "ja": "ミントコンブチャ",
        // "pt": "",
        // "ru": "",
        // "tr": "",
        "zh": "薄荷康普茶",
    },
    "DescriptionLocalization":
    {
        "es": "Una kombucha con sabores a menta.",
        "ko": "민트 맛이 나는 콤부차.",
        "de": "Ein Kombucha mit Minzaromen.",
        // "fr": "",
        // "hu": "",
        // "it": "",
       "ja": "ミント風味のコンブチャ。",
        // "pt": "",
        // "ru": "",
        // "tr": "",
        "zh": "有薄荷味的康普茶。",
    }
}