{
    "Name": "Peppermints",
    "Description": "Some homemade peppermint candies.",
    "Category": "Cooking",
    "Edibility": 10,
    "EdibleIsDrink": false,
    "EdibleBuffs": null,
    "Price": 280,
    "IsColored": false,
    "Recipe":
    {
        "ResultCount": 1,
        "Ingredients": [
        {
            "Object": "Mint",
            "Count": 2,
        },
        {
            "Object": 245,
            "Count": 1,
        }, ],
        "IsDefault": true,
    },
    "GiftTastes":
    {
        "Love": ["Abigail", "Haley", "Maru", "Sebastian", "Vincent", "Jas"],
        "Like": ["Alex", "Caroline", "Clint", "Demetrius", "Dwarf", "Elliott", "Gus", "Harvey", "Jodi", "Kent", "Leah", "Lewis", "Linus", "Marnie", "Pam", "Penny", "Pierre", "Robin", "Sam", "Sandy", "Shane", "Wizard"],
        "Neutral": ["Emily", "Krobus", "Willy"],
        "Hate": ["Evelyn", "George"],
    },
    "NameLocalization":
    {
        // "es": "",
        "ko": "페퍼민트 캔디",
        "de": "Pfefferminzbonbons",
        // "fr": "",
        // "hu": "",
        // "it": "",
        "ja": "ペパーミントキャンディ",
        "pt": "Hortelã Picante",
        // "ru": "",
        // "tr": "",
        "zh": "薄荷糖",
    },
    "DescriptionLocalization":
    {
        // "es": "",
        "ko": "수제 페퍼민트 캔디",
        "de": "Einige hausgemachte Pfefferminzbonbons.",
        // "fr": "",
        // "hu": "",
        // "it": "",
        "ja": "自家製ペパーミントキャンディ。",
        "pt": "Alguns doces caseiros de Hortelã Picante.",
        // "ru": "",
        // "tr": "",
        "zh": "一些自制的薄荷糖。",
    }
}