{
    "Name": "English Rose",
    "Product": "English Rose",
    "SeedName": "English Rose Seeds",
    "SeedDescription": "Plant in fall. Takes 12 days to produce a delicate flower. Assorted Colors.",
    "Type": "Flower",

    "Seasons": ["fall"],
    "Phases": [ 1, 2, 3, 3, 3 ],
    "RegrowthPhase": -1,
    "HarvestWithScythe": false,
    "TrellisCrop": false,
    "Colors": [
		"255, 70, 175, 255",
		"255, 0, 0, 255",
		"255, 0, 100, 255"],
    "Bonus": {
        "MinimumPerHarvest": 1,
        "MaximumPerHarvest": 1,
        "MaxIncreasePerFarmLevel": 5,
        "ExtraChance": 0.0,
    },
	"SeedPurchaseRequirements": null,
    "SeedPurchasePrice": 100,
    "SeedNameLocalization": { 
    "es": "Semillas de rosa inglesa",
    "ko": "잉글리쉬 장미 씨앗",
    "de": "Englische Rosensamen",
     // "fr": "",
     // "hu": "",
     // "it": "",
     // "ja": "",
    "pt": "Semente de Rosa Inglesa",
     // "ru": "",
     // "tr": "",
    "zh": "英伦玫瑰种子",
    },
"SeedDescriptionLocalization": { 
    "es": "Plántalas en otoño. Toma 12 días para producir una flor delicada con colores variados.",
    "ko": "가을에 심습니다. 12일후에 다양한 여러색상의 우아한 꽃이 핍니다.",
    "de": "Pflanze im Herbst. Die Herstellung einer zarten Blume dauert 12 Tage. Sortierte Farben.",
     // "fr": "",
     // "hu": "",
     // "it": "",
     // "ja": "",
    "pt": "Plante-a no outono. Demoram 12 dias para nascer uma flor delicada. Cores sortidas.",
     // "ru": "",
     // "tr": "",
    "zh": "秋天下种。12天产出娇嫩的花朵。多种颜色。",
    }

}
