{
    "Name": "Corn Malt",
    "Description": "A roasted cereal grain that's used in processing alcohol.",
    "Category": "ArtisanGoods",
    "Edibility": -300,
    "Price": 150,
    "IsColored": false,
    "Recipe": null,
    "GiftTastes":
    {
        "Dislike": ["Abigail", "Alex", "Caroline", "Clint", "Demetrius", "Dwarf", "Elliott", "Emily", "Evelyn", "George", "Gus", "Haley", "Harvey", "Jas", "Jodi", "Kent", "Krobus", "Leah", "Lewis", "Linus", "Marnie", "Maru", "Pam", "Penny", "Pierre", "Robin", "Sam", "Sandy", "Sebastian", "Shane", "Vincent", "Willy", "Wizard"],
    },
    "NameLocalization":
    {
        "es": "Malta de maíz",
        "ko": "옥수수 맥아",
        "de": "Maismalz",
         // "fr": "",
         // "hu": "",
         // "it": "",
        "ja": "コーン麦芽",
         // "pt": "",
         // "ru": "",
         // "tr": "",
        "zh": "玉米麦芽",
    },
    "DescriptionLocalization":
    {
        "es": "Un grano de cereal tostado que se utiliza en el procesamiento de alcohol.",
        "ko": "알코올 가공에 사용되는 구운 곡물.",
        "de": "Ein geröstetes Getreidekorn, das bei der Verarbeitung von Alkohol verwendet wird.",
         // "fr": "",
         // "hu": "",
         // "it": "",
        "ja": "お酒の製造に使われる、ローストしてある穀物。",
         // "pt": "",
         // "ru": "",
         // "tr": "",
        "zh": "一种烤谷物，用于加工酒精。",
    }
}