{
    "Name": "Infuser",
    "Description": "A chemical apparatus used to infuse flavors into vodka, making liqueurs and schnapps.",
    "Price": 1,
    "ProvidesLight": false,
    "ReserveNextIndex": true,
    "Recipe":
    {
        "ResultCount": 1,
        "Ingredients": [
        {
            "Object": 338,
            "Count": 5,
        },
        {
            "Object": 388,
            "Count": 40,
        },
        {
            "Object": 335,
            "Count": 10,
        }, ],
        "CanPurchase": false,
        "SkillUnlockName": "Farming",
        "SkillUnlockLevel": 9,
    },
    "NameLocalization":
    {
        // "es": "",
        "ko": "인퓨저",
        "de": "Infusor",
        // "fr": "",
        // "hu": "",
        // "it": "",
        // "ja": "",
        "pt": "Infusor",
        // "ru": "",
        // "tr": "",
        "zh": "浸煮瓶",
    },
    "DescriptionLocalization":
    {
        // "es": "",
        "ko": "보드카에 향미를 주입하기 위해 사용되는 화학 장치. 리큐어와 슈냅스를 만들 수 있습니다.",
        "de": "Ein Apparat, der dazu genutzt wird, Wodka Geschmack zu geben, um Likör und Schnäpse herzustellen.",
        // "fr": "",
        // "hu": "",
        // "it": "",
        // "ja": "",
        "pt": "Um aparelho químico usado para infundir sabores em vodca criando liquores e schanpps.",
        // "ru": "",
        // "tr": "",
        "zh": "一种化学仪器，用于将香料注入伏特加，制成利口酒和杜松子酒。",
    }
}