{
    "Name": "Decorated Gingerbread Man",
    "Description": "A classic cookie shaped like a little man.",
    "Category": "Cooking",
    "Edibility": 45,
    "EdibleIsDrink": false,
    "EdibleBuffs": null,
    "Price": 450,
    "IsColored": false,
    "Recipe":
    {
        "ResultCount": 1,
        "Ingredients": [
        {
            "Object": "Brown Sugar",
            "Count": 1,
        },
        {
            "Object": "Ginger",
            "Count": 1,
        },
        {
            "Object": 246,
            "Count": 1,
        },
        {
            "Object": 635,
            "Count": 1,
        },
        {
            "Object": "Cinnamon Sticks",
            "Count": 1,
        }, ],
        "IsDefault": true,
    },
    "GiftTastes":
    {
        "Like": ["Abigail", "Alex", "Caroline", "Clint", "Demetrius", "Dwarf", "Elliott", "Emily", "Evelyn", "George", "Gus", "Haley", "Jas", "Jodi", "Kent", "Lewis", "Linus", "Marnie", "Maru", "Pam", "Penny", "Pierre", "Robin", "Sam", "Sandy", "Sebastian", "Shane", "Vincent", "Wizard"],
        "Dislike": ["Harvey", "Krobus", "Leah", "Willy"],
    },
    "NameLocalization":
    {
        // "es": "",
        "ko": "장식된 진저브레드맨",
         "de": "Verzierter Lebkuchenmann",
        // "fr": "",
        // "hu": "",
        // "it": "",
        "ja": "ジンジャーブレッドマン",
        "pt": "Homem de Gengibre Decorado",
        // "ru": "",
        // "tr": "",
        "zh": "姜饼人",
    },
    "DescriptionLocalization":
    {
        // "es": "",
        "ko": "작은 사람모양의 생강쿠키. 매우 전통적인 모양이다.",
         "de": "Ein klassischer Keks in Form eines kleinen Mannes.",
        // "fr": "",
        // "hu": "",
        // "it": "",
        "ja": "小人の形をした、クリスマスには定番のお菓子。",
        "pt": "Um clássico biscoito em formato de um homem pequeno.",
        // "ru": "",
        // "tr": "",
        "zh": "一块小人形状的经典饼干。",
    }
}