{
    "Name": "Screwdriver",
    "Description": "Please don't operate heavy machinery under the influence.",
    "Category": "Cooking",
    "Edibility": 38,
    "EdibleIsDrink": true,
    "EdibleBuffs":
    {
        "Farming": 1,
        "Fishing": 0,
        "Mining": 0,
        "Luck": 0,
        "Foraging": 0,
        "MaxStamina": 0,
        "MagnetRadius": 0,
        "Speed": -1,
        "Defense": 0,
        "Attack": 0,
        "Duration": 300,
    },
    "Price": 550,
    "IsColored": false,
    "CanPurchase": true,
    "PurchaseFrom": "Gus",
    "PurchasePrice": 875,
    "Recipe":
    {
        "ResultCount": 1,
        "Ingredients": [
        {
            "Object": "Vodka",
            "Count": 1,
        },
        {
            "Object": 635,
            "Count": 1,
        }],
        "CanPurchase": true,
        "PurchaseFrom": "Gus",
        "PurchasePrice": 5550,
        "PurchaseRequirements": null,
    },

    "NameLocalization":
    {
        "es": "Destornillador",
        "ko": "스크루드라이버",
        "de": "Schraubenzieher",
        // "fr": "",
        // "hu": "",
        // "it": "",
        // "ja": "",
        // "pt": "",
        // "ru": "",
        // "tr": "",
        "zh": "螺丝起子",
    },
    "DescriptionLocalization":
    {
        "es": "Por favor no opere maquinaria pesada bajo influencia de esta bebida.",
        "ko": "취한 상태로 중장비를 작동시키지 마세요.",
        "de": "Bitte bedienen Sie keine schweren Maschinen unter dem Einfluss von Alkohol",
        // "fr": "",
        // "hu": "",
        // "it": "",
        // "ja": "",
        // "pt": "",
        // "ru": "",
        // "tr": "",
        "zh": "螺丝起子。请不要在受其影响的情况下操作重型机械。",
    }
}
