{
    "Name": "Shaded Violet",
    "Description": "A small purple flower that favors the shade.",
    "Category": "Flower",
    "Edibility": 18,
    "Price": 45,
    "IsColored": true,
    "Recipe": null,
    "GiftTastes":
    {
        "Love": ["Abigail", "Krobus"],
        "Like": ["Alex", "Caroline", "Clint", "Demetrius", "Dwarf", "Elliott", "Emily", "Evelyn", "George", "Gus", "Haley", "Harvey", "Jas", "Jodi", "Kent", "Leah", "Lewis", "Linus", "Marnie", "Maru", "Pam", "Penny", "Pierre", "Robin", "Sam", "Sandy", "Sebastian", "Shane", "Vincent", "Willy", "Wizard"],
    },
    "NameLocalization":
    {
        "es": "Violeta africana",
        "ko": "짙은 제비꽃",
        "de": "Veilchen",
        "fr": "Violette",
         // "hu": "",
         // "it": "",
        "ja": "スミレ",
        "pt": "Violeta sombreada",
        "ru": "Теневая фиалка",
         // "tr": "",
        "zh": "紫罗兰",
    },
    "DescriptionLocalization":
    {
        "es": "Una planta resistente que florece en la primavera. Tiene una variedad de usos.",
        "ko": "그늘진 곳을 좋아하는 자그만한 보라색 꽃.",
        "de": "Klein und lilafarben.",
        "fr": "Une petite fleur violette qui privilégie l'ombre.",
         // "hu": "",
         // "it": "",
        "ja": "日陰を好む小さな紫色の花。",
        "pt": "Uma pequena flor roxa, que fica facilmente escura devido a sua 'sombra'.",
        "ru": "Маленький фиолетовый цветок, предпочитающий темноту.",
         // "tr": "",
        "zh": "一朵紫色的小花，喜欢在阴凉处生长。",
    }
}
