{
  "Name": "Potted Lilac",
  "Description": "A small lilac bush potted in a little wooden pot. Remember to water it!",
  "Price": 1,
  "ProvidesLight": false,
  "Recipe": {
    "ResultCount": 1,
    "Ingredients": [
      {
		  "Object": "Lilac",
		  "Count": 1,
      },
      {
		  "Object": 388,
		  "Count": 10,
      },
	  {
		  "Object": 330,
		  "Count": 10,
	  },
    ],
	"CanPurchase": false,
  },
  "NameLocalization": { 
    "es": "Lila en maceta",
    "ko": "실내 화초 라일락",
    "de": "Eingemachter Flieder",
     // "fr": "",
     // "hu": "",
     // "it": "",
     // "ja": "",
    "pt": "Vaso de Lilás",
     // "ru": "",
     // "tr": "",
    "zh": "紫丁香花盆栽",
     },
 "DescriptionLocalization": { 
    "es": "Un pequeño arbusto de color lila en una pequeña maceta de madera. ¡Recuerda regarla!",
    "ko": "작은 나무 화분에 심겨진 라일락 입니다. 물 주는거 잊지마세요!",
    "de": "Ein kleiner Fliederbusch in einem kleinen Holztopf. Denken Sie daran, es zu gießen!",
     // "fr": "",
     // "hu": "",
     // "it": "",
    "ja": "小さなライラックブッシュが小さな木製のポットに植えられています。忘れずに水をやる！",
    "pt": "Um minúsculo arbusto de lilás, em um pequeno vaso de madeira. Lembre-se sempre de regá-lo!",
     // "ru": "",
     // "tr": "",
    "zh": "一个小木盆里的盆栽。记得给它浇水！",
    }
}
