{
    "Name": "Mai Tai",
    "Description": "Your tai, his tai, her tai, everybody's tai!",
    "Category": "Cooking",
    "Edibility": 51,
    "EdibleIsDrink": true,
    "EdibleBuffs":
    {
        "Farming": 0,
        "Fishing": 0,
        "Mining": 0,
        "Luck": 0,
        "Foraging": 0,
        "MaxStamina": 0,
        "MagnetRadius": 0,
        "Speed": -1,
        "Defense": 0,
        "Attack": 0,
        "Duration": 100,
    },
    "Price": 820,
    "IsColored": false,
    "CanPurchase": true,
    "PurchaseFrom": "Gus",
    "PurchasePrice": 1820,
    "PurchaseRequirements": null,

    "Recipe":
    {
        "ResultCount": 1,
        "Ingredients": [
        {
            "Object": 245,
            "Count": 1,
        },
        {
            "Object": "Rum",
            "Count": 1,
        },
        {
            "Object": "Pineapple",
            "Count": 1,
        },
        {
            "Object": "Lime",
            "Count": 1,
        }],
        "CanPurchase": true,
        "PurchaseFrom": "Gus",
        "PurchasePrice": 5820,
        "PurchaseRequirements": null,
    },

    "NameLocalization":
    {
        "es": "Mai Tai",
        "ko": "마이 타이",
        "de": "Mai Tai",
        // "fr": "",
        // "hu": "",
        // "it": "",
        // "ja": "",
        // "pt": "",
        // "ru": "",
        // "tr": "",
        "zh": "迈泰",
    },
    "DescriptionLocalization":
    {
        "es": "¡Tu eres tai, el es tai, ella es tai, todos son tai!",
        "ko": "당신의 타이, 그의 타이, 그녀의 타이, 모두의 타이!",
        "de": "Ihr tai, sein tai, ihr tai, jeder ist tai!",
        // "fr": "",
        // "hu": "",
        // "it": "",
        // "ja": "",
        // "pt": "",
        // "ru": "",
        // "tr": "",
        "zh": "迈泰。你的迈泰，我的迈泰，每个人的迈泰！",
    }
}
