﻿{
    "Name": "Ancient Tuber",
    "Product": "Ancient Tuber",
    "SeedName": "Ancient Tuber Seeds",
    "SeedDescription": "Plant in spring, summer or fall to grow an ancient tuber. Takes 20 days to mature, and has a chance of yielding multiple tubers at harvest.",
    "Type": "Vegetable",
    "Seasons": ["spring", "summer", "fall"],
    "Phases": [4, 5, 5, 5, 1],
    "RegrowthPhase": -1,
    "HarvestWithScythe": false,
    "TrellisCrop": false,
    "Colors": null,
    "Bonus":
    {
        "MinimumPerHarvest": 1,
        "MaximumPerHarvest": 3,
        "MaxIncreasePerFarmLevel": 10,
        "ExtraChance": 0.2,
    },
    "CanPurchase": false,
    "SeedNameLocalization":
    {
        "es": "Semilla de tubérculo Antiguo",
        "ko": "고대의 뿌리 씨앗",
        //"de": "",
        //"fr": "",
        //"hu": "",
        //"it": "",
        //"ja": "",
        //"pt": "",
        //"ru": "",
        //"tr": "",
        "zh": "古老的根茎种子"
    },
    "SeedDescriptionLocalization":
    {
        "es": "Plantalo en primavera, verano u otoño para cultivar un tubérculo antiguo. Tarda 20 días en madurar y tiene la prosibilidad de dar múltiples tubérculos durante la cosecha.",
        "ko": "봄, 여름, 또는 가을 작물. 성장하려면 20일 소요되며, 한번 수확할 때 여러 개 수확할 확률이 있습니다.",
        //"de": "",
        //"fr": "",
        //"hu": "",
        //"it": "",
        //"ja": "",
        //"pt": "",
        //"ru": "",
        //"tr": "",
        "zh": "在春天、夏天或秋天种植一种古老的块茎。成熟需要20天，并有机会在收获多个块茎。"
    },
    "ContextTags": [
        "season_spring",
        "season_summer",
        "season_fall",
        "seed_item"
    ]
}