{
    "Name": "Herbal Peony",
    "Product": "Herbal Peony",
    "SeedName": "Herbal Peony Seeds",
    "SeedDescription": "Plant in spring. Takes 13 days to produce a large flower.",
    "Type": "Flower",

    "Seasons": ["spring"],
    "Phases": [1, 2, 3, 4, 3],
    "RegrowthPhase": -1,
    "HarvestWithScythe": false,
    "TrellisCrop": false,
    "Colors": [
        "255, 15, 80, 255",
        "255, 120, 190, 255",
        "254, 254, 254, 255"
    ],
    "Bonus":
    {
        "MinimumPerHarvest": 1,
        "MaximumPerHarvest": 1,
        "MaxIncreasePerFarmLevel": 5,
        "ExtraChance": 0.0,
    },

    "SeedPurchaseRequirements": null,
    "SeedPurchasePrice": 50,
    "SeedNameLocalization":
    {
        "es": "Semillas de peonía",
        "ko": "작약 씨앗",
        "de": "Kräuterpfingstrosen-Saat",
         // "fr": "",
         // "hu": "",
         // "it": "",
         // "ja": "",
        "pt": "Semente de Erva de Peônia",
         // "ru": "",
         // "tr": "",
        "zh": "芍药种子",
    },
    "SeedDescriptionLocalization":
    {
        "es": "Plántalas en primavera. Toma 13 días para producir una flor larga.",
        "ko": "봄에 심습니다. 13일후에 매우 커다란 꽃이 핍니다.",
        "de": "Im Frühjahr pflanzen. Die Produktion einer großen Blume dauert 13 Tage.",
         // "fr": "",
         // "hu": "",
         // "it": "",
         // "ja": "",
        "pt": "Plante-a na primavera. Demoram 13 dias para nascer uma flor grande.",
         // "ru": "",
         // "tr": "",
        "zh": "春天下种。13天产出鲜艳的花朵。",
    }
}