{
    "Name": "Apple Rind",
    "Description": "The twisty rind of an apple.",
    "Category": "ArtisanGoods",
    "Edibility": -300,
    "Price": 100,
    "IsColored": false,
    "Recipe": null,
    "GiftTastes":
    {
        "Dislike": ["Marnie"],
        "Hate": ["Clint", "George", "Sebastian", "Abigail", "Alex", "Caroline", "Demetrius", "Dwarf", "Elliott", "Emily", "Evelyn", "Gus", "Haley", "Harvey", "Jas", "Jodi", "Kent", "Krobus", "Leah", "Lewis", "Linus", "Maru", "Pam", "Penny", "Pierre", "Robin", "Sam", "Sandy", "Shane", "Vincent", "Willy", "Wizard"],
    },
    "NameLocalization":
    {
        "es": "Cáscara de manzana",
        "ko": "사과 껍질",
        "de": "Apfelschale",
         // "fr": "",
         // "hu": "",
         // "it": "",
        "ja": "リンゴの皮",
         // "pt": "",
         // "ru": "",
         // "tr": "",
        "zh": "苹果皮",
    },
    "DescriptionLocalization":
    {
        "es": "Una simple cáscara de manzana.",
        "ko": "꼬불꼬불한 사과 껍질.",
        "de": "Die kurvenreiche Schale eines Apfels.",
         // "fr": "",
         // "hu": "",
         // "it": "",
        "ja": "ねじれる様に切ったリンゴの皮。",
         // "pt": "",
         // "ru": "",
         // "tr": "",
        "zh": "弯弯曲曲的苹果皮。",
    }
}