{
    "Name": "Basil Cranberry Julep",
    "Description": "Subtle smokey flavor adds a twist to this drink.",
    "Category": "Cooking",
    "Edibility": 72,
    "EdibleIsDrink": true,
    "EdibleBuffs":
    {
        "Farming": 0,
        "Fishing": 0,
        "Mining": 0,
        "Luck": 0,
        "Foraging": 0,
        "MaxStamina": 0,
        "MagnetRadius": 0,
        "Speed": -1,
        "Defense": 0,
        "Attack": 0,
        "Duration": 100,
    },
    "Price": 775,
    "IsColored": false,
    "CanPurchase": true,
    "PurchaseFrom": "Gus",
    "PurchasePrice": 1100,
    "Recipe":
    {
        "ResultCount": 1,
        "Ingredients": [
        {
            "Object": "Basil",
            "Count": 1,
        },
        {
            "Object": "Mezcal",
            "Count": 1,
        },
        {
            "Object": 282,
            "Count": 3,
        }],
        "CanPurchase": true,
        "PurchaseFrom": "Gus",
        "PurchasePrice": 5775,
        "PurchaseRequirements": null,
    },

    "NameLocalization":
    {
        "es": "Julep de Arándano rojo con albahaca",
        "ko": "바질 크렌베리 줄렙",
        "de": "Basilikum-Preiselbeere Julep",
        // "fr": "",
        // "hu": "",
        // "it": "",
        // "ja": "",
        // "pt": "",
        // "ru": "",
        // "tr": "",
        "zh": "罗勒蔓越莓鸡尾酒",
    },
    "DescriptionLocalization":
    {
        "es": "Sabor ahumado sutil agrega un giro a esta bebida.",
        "ko": "미묘한 스모키 맛이 음료에 반전을 더해줘요.",
        "de": "Ein subtiler Rauchgeschmack verleiht diesem Getränk eine besondere Note.",
        // "fr": "",
        // "hu": "",
        // "it": "",
        // "ja": "",
        // "pt": "",
        // "ru": "",
        // "tr": "",
        "zh": "罗勒蔓越莓鸡尾酒。微妙的烟熏味增加了这种鸡尾酒的风味。",
    }
}
