{
    "Name": "Chamomile Kombucha",
    "Description": "A soft and slightly-sweet flavored kombucha.",
    "Category": "ArtisanGoods",
    "Edibility": 26,
    "EdibleIsDrink": true,
    "Price": 550,
    "IsColored": false,
    "Recipe": null,
    "GiftTastes":
    {
        "Love": ["Evelyn", "Harvey"],
        "Like": ["Abigail", "Alex", "Caroline", "Clint", "Demetrius", "Dwarf", "Elliott", "Emily", "George", "Gus", "Haley", "Jodi", "Kent", "Krobus", "Leah", "Lewis", "Linus", "Marnie", "Maru", "Pam", "Penny", "Pierre", "Robin", "Sam", "Sandy", "Sebastian", "Shane", "Wizard"],
        "Dislike": ["Jas", "Vincent", "Willy"],
    },
    "NameLocalization":
    {
        "es": "Kombucha de manzanilla",
        "ko": "캐모마일 콤부차",
        "de": "Kamillen-Kombucha",
        // "fr": "",
        // "hu": "",
        // "it": "",
        "ja": "カモミールコンブチャ",
        "pt": "Kombuchá de Camomila",
        "ru": "Ромашковая комбуча",
        // "tr": "",
        "zh": "甘菊康普茶",
    },
    "DescriptionLocalization":
    {
        "es": "Una kombucha con sabor suave y ligeramente dulce.",
        "ko": "부드럽고 약간 단맛이 나는 콤부차.",
        "de": "Ein weicher und leicht süß gewürzter Kombucha.",
        // "fr": "",
        // "hu": "",
        // "it": "",
        "ja": "やわらかな甘味のあるコンブチャ。",
        "pt": "Um Kombuchá com sabor suave e ligeiramente doce.",
        "ru": "Мягкая и сладковатая комбуча.",
        // "tr": "",
        "zh": "由甘菊茶发酵而来。绵软而略带甜味的康普茶。",
    }
}