{
    "Name": "Barracuda Cocktail",
    "Description": "No, this isn't a fishy drink.",
    "Category": "Cooking",
    "Edibility": 62,
    "EdibleIsDrink": true,
    "EdibleBuffs":
    {
        "Farming": 0,
        "Fishing": 0,
        "Mining": 0,
        "Luck": 0,
        "Foraging": 0,
        "MaxStamina": 0,
        "MagnetRadius": 0,
        "Speed": -1,
        "Defense": 0,
        "Attack": 0,
        "Duration": 100,
    },
    "Price": 1070,
    "IsColored": false,
    "CanPurchase": true,
    "PurchaseFrom": "Gus",
    "PurchasePrice": 1395,
    "Recipe":
    {
        "ResultCount": 1,
        "Ingredients": [
        {
            "Object": "Sparkling Wine",
            "Count": 1,
        },
        {
            "Object": "Rum",
            "Count": 1,
        },
        {
            "Object": "Pineapple",
            "Count": 1,
        },
        {
            "Object": "Lime",
            "Count": 1,
        }],
        "CanPurchase": true,
        "PurchaseFrom": "Gus",
        "PurchasePrice": 6070,
        "PurchaseRequirements": ["y 2", ],
    },

    "NameLocalization":
    {
        "es": "Cóctel Barracuda",
        "ko": "바라쿠다 칵테일",
        "de": "Barracuda-Cocktail",
        // "fr": "",
        // "hu": "",
        // "it": "",
        // "ja": "",
        // "pt": "",
        // "ru": "",
        // "tr": "",
        "zh": "梭子鱼鸡尾酒",
    },
    "DescriptionLocalization":
    {
        "es": "No, esto no es una bebida a pescado.",
        "ko": "비린 음료가 아니에요.",
        "de": "Nein, das ist kein Fischhaltiges Getränk",
        // "fr": "",
        // "hu": "",
        // "it": "",
        // "ja": "",
        // "pt": "",
        // "ru": "",
        // "tr": "",
        "zh": "梭子鱼。不，这不是一种鱼腥味的饮料。",
    }
}
