{
    "Name": "Wisteria",
    "Product": "Wisteria",
	"SeedName": "Wisteria Seeds",
    "SeedDescription": "Plant in the spring. Takes 20 days to mature, but keeps producing after that. Grows on a pergola.",
    "Type": "Flower",

    "Seasons": ["spring"],
    "Phases": [ 2, 4, 5, 5, 4 ],
	"RegrowthPhase": 3,
    "HarvestWithScythe": false,
    "TrellisCrop": true,
    "Colors": null,
    "Bonus": {
        "MinimumPerHarvest": 1,
        "MaximumPerHarvest": 3,
        "MaxIncreasePerFarmLevel": 6,
        "ExtraChance": 0.1,
    },

	"SeedPurchaseRequirements": null,
    "SeedPurchasePrice": 80,
    
    "SeedNameLocalization": { 
    "es": "Semillas de glicina",
    "ko": "등나무 씨앗",
    "de": "Wisteria Seeds",
     // "fr": "",
     // "hu": "",
     // "it": "",
     // "ja": "",
    "pt": "Semente de Glicínia",
     // "ru": "",
     // "tr": "",
    "zh": "紫藤种子",
    },
"SeedDescriptionLocalization": { 
    "es": "Plántalas en primavera. Toma 20 días para madurar, sigue produciendo después de la primera cosecha. Crece en una espaldera.",
    "ko": "봄에 심습니다. 20일후에 꽃이 피며, 수확한 후에도 계속 꽃이 핍니다.",
    "de": "Im Frühjahr pflanzen. Die Reifung dauert 20 Tage, produziert danach aber weiter. Wächst auf einer Pergola.",
     // "fr": "",
     // "hu": "",
     // "it": "",
     // "ja": "",
    "pt": "Plante-a na primavera. Demoram 20 dias para amadurecer, mas continuam a produção depois disso. Cresce em uma treliça.",
     // "ru": "",
     // "tr": "",
    "zh": "春天下种，20天成熟，之后循环收获。生长在藤架上。",
    }
}
