﻿{
    "Name": "Ancient Nut Milk",
    "Description": "Doesn't taste like regular milk.",
    "Category": "ArtisanGoods",
    "Edibility": 36,
    "EdibleIsDrink": false,
    "Price": 800,
    "IsColored": false,
    "Recipe": null,
    "GiftTastes":
    {
        "Love": ["Alex", "Evelyn", "George", "Leah", "Lewis", "Linus"],
    },
    "NameLocalization":
    {
        "es": "Leche de Nuez Antigua",
        "ko": "고대의 견과 우유",
        //"de": "",
        //"fr": "",
        //"hu": "",
        //"it": "",
        //"ja": "",
        //"pt": "",
        //"ru": "",
        //"tr": "",
        "zh": "远古坚果牛奶"
    },
    "DescriptionLocalization":
    {
        "es": "No tiene le mismo sabor que la leche regular.",
        "ko": "범상치 않은 우유 맛이 납니다.",
        //"de": "",
        //"fr": "",
        //"hu": "",
        //"it": "",
        //"ja": "",
        //"pt": "",
        //"ru": "",
        //"tr": "",
        "zh": "不像普通牛奶的味道"
    },
    "ContextTags": [
        "color_yellow",
        "milk_item"
    ]
}