{
  "Name": "Potted Dandelion",
  "Description": "What is...? Why would... why would you pot a dandelion? Ah well; it'll probably live even if you forgot to water it...",
  "Price": 1,
  "ProvidesLight": false,
  "Recipe": {
    "ResultCount": 1,
    "Ingredients": [
      {
		  "Object": 22,
		  "Count": 1,
      },
      {
		  "Object": 388,
		  "Count": 10,
      },
	  {
		  "Object": 330,
		  "Count": 10,
	  },
    ],
	"CanPurchase": false,
  },
  "NameLocalization": { 
    "es": "Diente de león en maceta",
    "ko": "실내 화초 민들레",
    "de": "Eingemachter Löwenzahn",
     // "fr": "",
     // "hu": "",
     // "it": "",
     // "ja": "",
    "pt": "Vaso de Dente-de-Leão",
     // "ru": "",
     // "tr": "",
    "zh": "蒲公英盆栽",
     },
 "DescriptionLocalization": { 
    "es": "¿Que es...? ¿Por qué ... por qué colocar en una maceta un diente de león? Ah bueno; probablemente vivirá incluso si olvidaste regarlo...",
    "ko": "이게 무슨...? 어째서... 왜 화분에 민들레가 있는거죠? 아무튼, 아마 물을 주는걸 까먹었어도 잘 살겁니다.",
    "de": "Was ist...? Warum würde ... warum würdest du einen Löwenzahn eintopfen? Ah, gut; es wird wahrscheinlich leben, auch wenn du vergessen hast, es zu gießen ...",
     // "fr": "",
     // "hu": "",
     // "it": "",
     // "ja": "",
    "pt": "O que é...? Por que... Por que você colocaria um dente-de-leão em um vaso de madeira? Ah bem;  provavelmente viverá mesmo que você se esqueça de regá-lo...",
     // "ru": "",
     // "tr": "",
    "zh": "一个小木盆里的蒲公英。记得给它浇水！",
    }
}
