{
  "Name": "Hibiscus",
  "Description": "A large, bright flower. Delicious when candied or brewed into tea.",
  "Category": "Flower",
  "Edibility": 20,
  "Price": 80,
  "IsColored": false,
  "Recipe": null,
  "NameLocalization": { 
    "es": "Hibisco",
    "ko": "히비스커스",
    "de": "Hibiskus",
     // "fr": "",
     // "hu": "",
     // "it": "",
     // "ja": "",
    "pt": "Vinagreira",
     // "ru": "",
     // "tr": "",
    "zh": "芙蓉花",
     },
 "DescriptionLocalization": { 
    "es": "Una flor grande y brillante. Deliciosa cuando está confitada o preparada en té.",
    "ko": "크고 밝은 꽃. 설탕에 조리거나 차로 끓일 때 맛있다.",
    "de": "Eine große, leuchtende Blume. Köstlich, wenn Sie kandiert oder in Tee gebraut werden.",
     // "fr": "",
     // "hu": "",
     // "it": "",
     // "ja": "",
    "pt": "Uma flor grande e brilhante. Delicioso quando cristalizado ou transformado em chá.",
     // "ru": "",
     // "tr": "",
    "zh": "一种大而鲜艳的花。做蜜饯或泡茶时味道超好而且甜美。",
    },
    "ContextTags": [
    	"fruit_tree_flower_item",
    	"flower_item",
    	"season_summer",
    	"color_red"
    ]
}