{
    "Name": "Tequila Sunrise",
    "Description": "It looks like a sunrise",
    "Category": "Cooking",
    "Edibility": 52,
    "EdibleIsDrink": true,
    "EdibleBuffs":
    {
        "Farming": 0,
        "Fishing": 0,
        "Mining": 0,
        "Luck": 0,
        "Foraging": 0,
        "MaxStamina": 0,
        "MagnetRadius": 0,
        "Speed": -1,
        "Defense": 0,
        "Attack": 0,
        "Duration": 100,
    },
    "Price": 730,
    "IsColored": false,
    "CanPurchase": true,
    "PurchaseFrom": "Gus",
    "PurchasePrice": 1055,
    "Recipe":
    {
        "ResultCount": 1,
        "Ingredients": [
        {
            "Object": 635,
            "Count": 1,
        },
        {
            "Object": "Tequila",
            "Count": 1,
        }],
        "CanPurchase": true,
        "PurchaseFrom": "Gus",
        "PurchasePrice": 5730,
        "PurchaseRequirements": null,
    },

    "NameLocalization":
    {
        "es": "Amanecer de tequila",
        "ko": "테킬라 선라이즈",
        "de": "Tequila Sunrise",
        // "fr": "",
        // "hu": "",
        // "it": "",
        // "ja": "",
        // "pt": "",
        // "ru": "",
        // "tr": "",
        "zh": "特其拉日出",
    },
    "DescriptionLocalization":
    {
        "es": "Parece un amanecer.",
        "ko": "일출처럼 보여요.",
        "de": "Es sieht aus wie ein Sonnenaufgang",
        // "fr": "",
        // "hu": "",
        // "it": "",
        // "ja": "",
        // "pt": "",
        // "ru": "",
        // "tr": "",
        "zh": "特其拉日出。一种龙舌兰鸡尾酒。它的颜色看起来像日出。",
    }
}
