﻿{
    "Name": "Ancient Nut",
    "Product": "Ancient Nut",
    "SeedName": "Ancient Nut Seeds",
    "SeedDescription": "Plant in spring, summer or fall to grow an ancient nut plant. Takes 40 days to mature, and keeps producing after the first harvest.",
    "Type": "Vegetable",
    "Seasons": ["spring", "summer", "fall"],
    "Phases": [8, 12, 10, 10, 6],
    "RegrowthPhase": 3,
    "HarvestWithScythe": false,
    "TrellisCrop": false,
    "Colors": null,
    "Bonus":
    {
        "MinimumPerHarvest": 2,
        "MaximumPerHarvest": 4,
        "MaxIncreasePerFarmLevel": 10,
        "ExtraChance": 0.5
    },
    "SeedPurchasePrice": 250,
	"SeedPurchaseFrom": "DONTSELLTHISATNPC",
	"SeedPurchaseRequirements": null,
    "SeedNameLocalization":
    {
        "es": "Semillas de Nuez Antigua",
        "ko": "고대 견과류 씨앗",
        "de": "Alte Nusssamen",
        "fr": "Graines De Noix Anciennes",
        //"hu": "",
        //"it": "",
        "ja": "古代のナッツの種",
        "pt": "Sementes Antigas de Noz",
        "ru": "Семена древнего ореха",
        //"tr": "",
        "zh": "远古坚果"
    },
    "SeedDescriptionLocalization":
    {
        "es": "Plantalas en primavera, verano u otoño para cultivar una antigua planta de nuez. Tarda 40 días en madurary continúa produciendo luego de la primer cosecha.",
        "ko": "봄, 여름, 또는 가을 작물. 성장하려면 40일 소요되며, 수확한 후에도 계속 작물이 생산됩니다.",
        "de": "Pflanze dies im Frühling, Sommer oder Herbst, um eine alte Nusspflanze zu züchten. Die Reifung dauert 40 Tage und wird nach der ersten Ernte weiter produziert.",
        "fr": "À planter au printemps, en été ou en automne pour faire pousser une plante de noix ancienne. Prends 40 jours pour murir et continue de produire après la première récolte.",
        //"hu": "",
        //"it": "",
        "ja": "春、夏、秋植えの植物。そだつのに40日かかり、その後もくり返し収穫できる。",
        "pt": "Plante-as na primavera, verão ou outono para cultivar uma antiga planta de noz. Leva 40 dias para amadurecer e continua produzindo depois da primeira colheita.",
        "ru": "Сажайте весной, летом или осенью, чтобы вырастить древнее оливковое растение. Вырастает через 40 дней и продолжает давать урожай после первого сбора.",
        //"tr": "",
        "zh": "在春季、夏季或秋季种植一种古老的坚果植物。成熟需要40天，并在第一次收获后继续生产。"
    },
    "ContextTags": [
        "season_spring",
        "season_summer",
        "season_fall",
        "seed_item"
    ]
}
