{
    "Name": "White Junimo",
    "Description": "That's just, like, your opinion, man.",
    "Category": "Cooking",
    "Edibility": 59,
    "EdibleIsDrink": true,
    "EdibleBuffs":
    {
        "Farming": 0,
        "Fishing": 0,
        "Mining": 0,
        "Luck": 0,
        "Foraging": 0,
        "MaxStamina": 0,
        "MagnetRadius": 0,
        "Speed": -1,
        "Defense": 0,
        "Attack": 0,
        "Duration": 100,
    },
    "Price": 1040,
    "IsColored": false,
    "CanPurchase": true,
    "PurchaseFrom": "Gus",
    "PurchasePrice": 1365,
    "Recipe":
    {
        "ResultCount": 1,
        "Ingredients": [
        {
            "Object": -6,
            "Count": 1,
        },
        {
            "Object": "Coffee Liqueur",
            "Count": 1,
        },
        {
            "Object": "Vodka",
            "Count": 1,
        }],
        "CanPurchase": true,
        "PurchaseFrom": "Gus",
        "PurchasePrice": 6040,
        "PurchaseRequirements": ["y 2", ],
    },

    "NameLocalization":
    {
        "es": "Junimo blanco",
        "ko": "화이트 주니모",
        "de": "Weißer Junimo",
        // "fr": "",
        // "hu": "",
        // "it": "",
        // "ja": "",
        // "pt": "",
        // "ru": "",
        // "tr": "",
        "zh": "白色祝尼魔",
    },
    "DescriptionLocalization":
    {
        "es": "Eso es, como, tu opinión hombre.",
        "ko": "그건 그냥, 당신의 생각일 뿐이고.",
        "de": "Das ist nur deine Meinung, Mann.",
        // "fr": "",
        // "hu": "",
        // "it": "",
        // "ja": "",
        // "pt": "",
        // "ru": "",
        // "tr": "",
        "zh": "白色祝尼魔。嗯，这就像是...你的看法，伙计。",
    }
}
