{
    "Name": "Chrysanthemum",
    "Product": "Chrysanthemum",
    "SeedName": "Chrysanthemum Seeds",
    "SeedDescription": "Plant in the fall. Takes 4 days to produce flowers.",
    "Type": "Flower",

    "Seasons": ["fall"],
    "Phases": [1, 1, 1, 1],
    "RegrowthPhase": -1,
    "HarvestWithScythe": false,
    "TrellisCrop": false,
    "Colors": [
        "255, 200, 10, 255",
        "255, 0, 40, 255",
        "255, 110, 20, 255"
    ],
    "Bonus":
    {
        "MinimumPerHarvest": 1,
        "MaximumPerHarvest": 1,
        "MaxIncreasePerFarmLevel": 5,
        "ExtraChance": 0.0,
    },
    "SeedPurchaseRequirements": null,
    "SeedPurchasePrice": 15,
    "SeedNameLocalization":
    {
        "es": "Semillas de crisantemo",
        "ko": "국화 씨앗",
        "de": "Chrysantheme-Saat",
         // "fr": "",
         // "hu": "",
         // "it": "",
         // "ja": "",
        "pt": "Semente de Crisântemo",
         // "ru": "",
         // "tr": "",
        "zh": "菊花种子",
    },
    "SeedDescriptionLocalization":
    {
        "es": "Plántalas en otoño. Toma 4 días para producir flores.",
        "ko": "가을에 심습니다. 4일후에 꽃이 핍니다.",
        "de": "Pflanze im Herbst. Dauert 4 Tage, um Blumen zu produzieren.",
         // "fr": "",
         // "hu": "",
         // "it": "",
         // "ja": "",
        "pt": "Plante-a  no outono. Demoram 4 dias para nascerem flores.",
         // "ru": "",
         // "tr": "",
        "zh": "秋天下种。4天后开花。",
    }
}