{
  "Name": "Hibernal Tea",
  "Description": "A well-rounded tea that warms the soul. Makes you want to cozy up with a good book.",
  "Category": "Cooking",
  "Edibility": 40,
  "EdibleIsDrink": true,
  "EdibleBuffs": {
    "Farming": 0,
    "Fishing": 0,
    "Mining": 0,
    "Luck": 0,
	"Foraging": 0,
	"MaxStamina": 0,
    "MagnetRadius": 0,
	"Speed": 1,
	"Defense": 0,
	"Attack": 0,
    "Duration": 300,
  },
  "Price": 350,
  "IsColored": false,
  "Recipe": {
    "ResultCount": 1,
    "Ingredients": [
      {
        "Object": 412,
        "Count": 1,
      },
      {
        "Object": 418,
        "Count": 1,
      },
	  {
		  "Object": "Camellia",
		  "Count": 1,
	  },
    ],
    "IsDefault": false,
	"CanPurchase": false,
  },
  "NameLocalization": { 
    "es": "Té invernal",
    "ko": "겨울의 차",
    "de": "Winterlicher Tee",
     // "fr": "",
     // "hu": "",
     // "it": "",
     // "ja": "",
    "pt": "Chá Hibernal",
     // "ru": "",
     // "tr": "",
    "zh": "冬日茶",
     },
 "DescriptionLocalization": { 
    "es": "Un té que calienta el alma. Hace que desees leerte un buen libro.",
    "ko": "영혼을 따뜻하게 해주는 아주 잘 말린 차. 좋아하는 책과 함께 아늑하게 지내고 싶어 진다.",
    "de": "Ein runder Tee, der die Seele wärmt. Mach es dir mit einem guten Buch gemütlich.",
     // "fr": "",
     // "hu": "",
     // "it": "",
     // "ja": "",
    "pt": "Um chá bem arredondado que aquece a alma. Faz você querer se aconchegar com um bom livro.",
     // "ru": "",
     // "tr": "",
    "zh": "冬日茶。沁人心脾的醇厚香茶。使人想读一本好书。",
    }
}