{
    "Name": "Kimchi",
    "Description": "Most commonly made from cabbage mixed with spicy seasonings.",
    "Category": "ArtisanGoods",
    "Edibility": -300,
    "Price": 250,
    "IsColored": false,
    "Recipe": null,
    "CanPurchase": true,
    "PurchaseFrom": "Gus",
    "PurchasePrice": 250,
    "PurchaseRequirements": null,
    "GiftTastes":
    {
        "Dislike": ["Abigail", "Alex", "Caroline", "Clint", "Demetrius", "Dwarf", "Elliott", "Emily", "Evelyn", "George", "Gus", "Haley", "Harvey", "Jas", "Jodi", "Kent", "Krobus", "Leah", "Lewis", "Linus", "Marnie", "Maru", "Pam", "Penny", "Pierre", "Robin", "Sam", "Sandy", "Sebastian", "Shane", "Vincent", "Willy", "Wizard"],
    },
    "NameLocalization":
    {
        "es": "Kimchi",
        "ko": "김치",
        "de": "Kimchi",
         // "fr": "",
         // "hu": "",
         // "it": "",
        "ja": "キムチ",
         // "pt": "",
         // "ru": "",
         // "tr": "",
        "zh": "韩国泡菜",
    },
    "DescriptionLocalization":
    {
        "es": "Comúnmente hecho de repollo y mezclado con condimentos picantes.",
        "ko": "매운 양념과 배추로 만들었습니다.",
        "de": "Am häufigsten aus Kohl gemischt mit würzigen Gewürzen.",
         // "fr": "",
         // "hu": "",
         // "it": "",
        "ja": "キャベツに香辛料を混ぜたものが一般的な作り方。",
         // "pt": "",
         // "ru": "",
         // "tr": "",
        "zh": "通常用卷心菜和辣味调料混合而成。",
    }
}