{
    "Name": "Sparkling Wine",
    "Description": "Carbonated wine with bubbles that tickle your nose. Drink in moderation.",
    "Category": "ArtisanGoods",
    "Edibility": 22,
    "EdibleIsDrink": true,
    "EdibleBuffs":
    {
        "Farming": 0,
        "Fishing": 0,
        "Mining": 0,
        "Luck": 0,
        "Foraging": 0,
        "MaxStamina": 0,
        "MagnetRadius": 0,
        "Speed": -2,
        "Defense": 0,
        "Attack": 0,
        "Duration": 180,
    },
    "Price": 300,
    "IsColored": false,
    "Recipe": null,
    "GiftTastes":
    {
        "Love": ["Pam", "Shane"],
        "Like": ["Gus"],
        "Neutral": ["Marnie", "Clint", "George", "Sebastian", "Abigial", "Alex", "Caroline", "Demetrius", "Dwarf", "Elliott", "Emily", "Evelyn", "Haley", "Harvey", "Jodi", "Kent", "Krobus", "Leah", "Lewis", "Linus", "Maru", "Pierre", "Robin", "Sam", "Sandy", "Willy", "Wizard"],
        "Dislike": ["Penny"],
        "Hate": ["Vincent", "Jas"]
    },
    "NameLocalization":
    {
        "es": "Vino espumoso",
        "ko": "스파클링 와인",
        "de": "Sekt",
         // "fr": "",
         // "hu": "",
         // "it": "",
        "ja": "スパークリングワイン",
         // "pt": "",
         // "ru": "",
         // "tr": "",
        "zh": "气泡酒",
    },
    "DescriptionLocalization":
    {
        "es": "Vino carbonatado con burbujas que hacen cosquillas en tu nariz. Beber con moderación.",
        "ko": "코를 간지럽히고, 톡 쏘는 거품이 나는 탄산 와인. 절제해서 드세요.",
        "de": "Kohlensäurehaltiger Wein mit Blasen, die Ihre Nase kitzeln. Genieße Ihn in Maßen.",
         // "fr": "",
         // "hu": "",
         // "it": "",
        "ja": "鼻をくすぐる泡の出る炭酸ワイン。適度に飲んでください。",
         // "pt": "",
         // "ru": "",
         // "tr": "",
        "zh": "有气泡的碳酸酒，会使你的鼻子发痒。适量饮酒。",
    }
}