{
    "Name": "Iced Christmas Tree",
    "Description": "It kinda looks like a Christmas tree.",
    "Category": "Cooking",
    "Edibility": 48,
    "EdibleIsDrink": false,
    "EdibleBuffs": null,
    "Price": 500,
    "IsColored": false,
    "Recipe":
    {
        "ResultCount": 1,
        "Ingredients": [
        {
            "Object": 486,
            "Count": 1,
        },
        {
            "Object": 245,
            "Count": 1,
        },
        {
            "Object": -5,
            "Count": 1,
        },
        {
            "Object": 246,
            "Count": 1,
        }, ],
        "IsDefault": true,
    },
    "GiftTastes":
    {
        "Love": ["Abigail", "Haley", "Maru", "Sebastian"],
        "Like": ["Alex", "Caroline", "Clint", "Demetrius", "Dwarf", "Elliott", "George", "Gus", "Harvey", "Jas", "Jodi", "Kent", "Leah", "Lewis", "Linus", "Marnie", "Pam", "Penny", "Pierre", "Robin", "Sam", "Sandy", "Shane", "Vincent", "Wizard"],
        "Neutral": ["Emily", "Krobus", "Willy"],
        "Hate": ["Evelyn"],
    },
    "NameLocalization":
    {
        // "es": "",
        "ko": "크리스마스 트리 쿠키",
         "de": "Gefrorener Weihnachtsbaum",
        // "fr": "",
        // "hu": "",
        // "it": "",
        "ja": "ツリーアイシングクッキー",
        "pt": "Árvore de Natal Congelada",
        // "ru": "",
        // "tr": "",
        "zh": "冰纷圣诞树",
    },
    "DescriptionLocalization":
    {
        // "es": "",
        "ko": "트리모양 쿠키",
         "de": "Es sieht irgendwie aus wie ein Weihnachtsbaum.",
        // "fr": "",
        // "hu": "",
        // "it": "",
        "ja": "クリスマスツリーの形に焼いたクッキー。",
        "pt": "É um pouco similar a uma árvore de Natal.",
        // "ru": "",
        // "tr": "",
        "zh": "它有点像圣诞树。",
    }
}