{
    "Name": "Matcha Powder",
    "Description": "It contains a lot of antioxidants. When made fresh, it doesn't last for long.",
    "Category": "ArtisanGoods",
    "Edibility": 5,
    "Price": 190,
    "IsColored": false,
    "Recipe": null,
    "GiftTastes":
    {
        "Dislike": ["Abigail", "Alex", "Caroline", "Clint", "Demetrius", "Dwarf", "Elliott", "Emily", "Evelyn", "George", "Gus", "Haley", "Harvey", "Jas", "Jodi", "Kent", "Krobus", "Leah", "Lewis", "Linus", "Marnie", "Maru", "Pam", "Penny", "Pierre", "Robin", "Sam", "Sandy", "Sebastian", "Shane", "Vincent", "Willy", "Wizard"],
    },
    "NameLocalization":
    {
        "es": "Polvo de matcha",
        "ko": "말차 가루",
        "de": "Matcha-Pulver",
         // "fr": "",
         // "hu": "",
         // "it": "",
        "ja": "抹茶粉",
         // "pt": "",
         // "ru": "",
         // "tr": "",
        "zh": "抹茶粉",
    },
    "DescriptionLocalization":
    {
        "es": "Contiene muchos antioxidantes. No dura mucho tiempo frescos.",
        "ko": "항산화제가 많이 들어있습니다. 신선할 때 만들면, 오래 지속되지 않습니다.",
        "de": "Es enthält viele Antioxidantien. Wenn frisch gemacht, hält es sich nicht lange.",
         // "fr": "",
         // "hu": "",
         // "it": "",
        "ja": "抗酸化物質が沢山含まれている。生のままだと長持ちしない。",
         // "pt": "",
         // "ru": "",
         // "tr": "",
        "zh": "当它刚被制造出来的时候含有大量的抗氧化剂，它的新鲜度不会持续太久。",
    }
}