{
    "Name": "Brandy",
    "Description": "A spirit made by distilling wine. Drink in moderation.",
    "Category": "ArtisanGoods",
    "Edibility": 28,
    "EdibleIsDrink": true,
    "EdibleBuffs":
    {
        "Farming": 0,
        "Fishing": 0,
        "Mining": 0,
        "Luck": 0,
        "Foraging": 0,
        "MaxStamina": 0,
        "MagnetRadius": 0,
        "Speed": -2,
        "Defense": 0,
        "Attack": 0,
        "Duration": 180,
    },
    "Price": 300,
    "IsColored": false,
    "Recipe": null,
    "GiftTastes":
    {
        "Love": ["Pam", "Shane"],
        "Like": ["Gus"],
        "Neutral": ["Marnie", "Clint", "George", "Sebastian", "Abigail", "Alex", "Caroline", "Demetrius", "Dwarf", "Elliott", "Emily", "Evelyn", "Haley", "Harvey", "Jodi", "Kent", "Krobus", "Leah", "Lewis", "Linus", "Maru", "Pierre", "Robin", "Sam", "Sandy", "Willy", "Wizard"],
        "Dislike": ["Penny"],
        "Hate": ["Vincent", "Jas"]
    },
    "NameLocalization":
    {
        "es": "Brandy",
        "ko": "브랜디",
        "de": "Brandy",
         // "fr": "",
         // "hu": "",
         // "it": "",
        "ja": "ブランデー",
        "pt": "Brandy",
        "ru": "Бренди",
         // "tr": "",
        "zh": "白兰地",
    },
    "DescriptionLocalization":
    {
        "es": "Un destilado hecho a partir vino. Beber con moderación.",
        "ko": "와인을 증류시켜 만든 술. 절제해서 드세요.",
        "de": "Ein Schnaps, der durch Destillation von Wein entsteht. Genieße ihn in Maßen.",
         // "fr": "",
         // "hu": "",
         // "it": "",
        "ja": "ワインを蒸留することによって作られたスピリット。飲む時はほどほどに。",
        "pt": "Um destilado feito a partir do vinho. Beba com moderação!",
        "ru": "Алкогольный напиток, сделанный путем дистилляции вина. Пейте в меру.",
         // "tr": "",
        "zh": "以果酒为原料蒸馏制成。适量饮酒。",
    }
}