{
    "Name": "Green Kombucha",
    "Description": "A standard Kombucha made with Green Tea.",
    "Category": "ArtisanGoods",
    "Edibility": 18,
    "EdibleIsDrink": true,
    "Price": 500,
    "IsColored": false,
    "Recipe": null,
    "GiftTastes":
    {
        "Love": ["Harvey", "Sebastian"],
        "Like": ["Alex", "Caroline", "Clint", "Demetrius", "Dwarf", "Emily", "Evelyn", "George", "Gus", "Haley", "Jodi", "Kent", "Krobus", "Leah", "Lewis", "Linus", "Marnie", "Maru", "Pam", "Penny", "Pierre", "Robin", "Sandy", "Shane", "Willy", "Wizard"],
        "Dislike": ["Abigail", "Elliott", "Jas", "Sam", "Vincent"],
    },
    "NameLocalization":
    {
        "es": "Kombucha verde",
        "ko": "녹차 콤부차",
        "de": "Grüner Kombucha",
        // "fr": "",
        // "hu": "",
        // "it": "",
       "ja": "グリーンコンブチャ",
       "pt": "Kombuchá Verde",       
       "ru": "Зелёная комбуча",
        // "tr": "",
        "zh": "绿茶康普茶",
    },
    "DescriptionLocalization":
    {
        "es": "Un kombucha estándar hecho con té verde.",
        "ko": "녹차로 만든 일반적인 콤부차.",
        "de": "Ein Standard-Kombucha aus grünem Tee.",
        // "fr": "",
        // "hu": "",
        // "it": "",
       "ja": "緑茶から作られた標準的なコンブチャ。",
       "pt": "Um kombuchá padrão feito com chá verde",
       "ru": "Стандартная комбуча, приготовленная из зелёного чая.",
        // "tr": "",
        "zh": "用绿茶制成的标准康普茶。",
    }
}