{
    "Name": "Tonic Water",
    "Description": "It's a bitter drink, but pairs well with gin.",
    "Category": "Cooking",
    "Edibility": -300,
    "EdibleIsDrink": true,
    "EdibleBuffs": null,
    "Price": 45,
    "IsColored": false,
    "Recipe": null,
    "CanPurchase": true,
    "PurchaseFrom": "Gus",
    "PurchasePrice": 175,
    "PurchaseRequirements": null,

    "NameLocalization":
    {
        "es": "Agua tónica",
        "ko": "토닉 워터",
        "de": "Tonic Wasser",
        // "fr": "",
        // "hu": "",
        // "it": "",
        // "ja": "",
        // "pt": "",
        // "ru": "",
        // "tr": "",
        "zh": "汤利水",
    },
    "DescriptionLocalization":
    {
        "es": "Es una bebida amarga, pero combina bien con la ginebra.",
        "ko": "쓰지만, 진과 잘 어울립니다.",
        "de": "Es ist ein bitteres Getränk, passt aber gut zu Gin.",
        // "fr": "",
        // "hu": "",
        // "it": "",
        // "ja": "",
        // "pt": "",
        // "ru": "",
        // "tr": "",
        "zh": "汤利水。这是一种苦味饮料，但和金酒很配。",
    }

}
