{
    "Name": "Wine Yeast",
    "Description": "Useful for brewing.",
    "Category": "ArtisanGoods",
    "Edibility": -300,
    "Price": 5,
    "IsColored": false,
    "Recipe":
    {
        "ResultCount": 1,
        "Ingredients": [
        {
            "Object": 192,
            "Count": 1,
        }, ],
        "IsDefault": true,
    },
    "CanPurchase": true,
    "PurchaseFrom": "Pierre",
    "PurchasePrice": 10,
    "PurchaseRequirements": null,
    "GiftTastes":
    {
        "Neutral": ["Emily", "Evelyn", "Leah", "Marnie", "Gus", "Clint", "George", "Sebastian", "Abigail", "Alex", "Caroline", "Demetrius", "Dwarf", "Elliott", "Haley", "Harvey", "Jodi", "Kent", "Krobus", "Leah", "Lewis", "Linus", "Maru", "Pierre", "Robin", "Sam", "Sandy", "Willy", "Wizard", "Pam", "Shane", "Penny", "Vincent", "Jas"],
    },
    "NameLocalization":
    {
        // "es": "",
        // "ko": "",
        "de": "Weinhefe",
        // "fr": "",
        // "hu": "",
        // "it": "",
        // "ja": "",
        // "pt": "",
        // "ru": "",
        // "tr": "",
        //  "zh": "",
    },
    "DescriptionLocalization":
    {
        //"es": "",
        // "ko": "",
        "de": "Nützlich beim Brauen.",
        // "fr": "",
        // "hu": "",
        // "it": "",
        // "ja": "",
        // "pt": "",
        // "ru": "",
        // "tr": "",
        // "zh": "",
    }
}