{
    "Name": "Night on the Beach",
    "Description": "A fruity, tropical beverage.",
    "Category": "Cooking",
    "Edibility": 77,
    "EdibleIsDrink": true,
    "EdibleBuffs":
    {
        "Farming": 0,
        "Fishing": 0,
        "Mining": 0,
        "Luck": 2,
        "Foraging": 0,
        "MaxStamina": 0,
        "MagnetRadius": 0,
        "Speed": -1,
        "Defense": 0,
        "Attack": 0,
        "Duration": 100,
    },
    "Price": 880,
    "IsColored": false,
    "CanPurchase": false,
    "Recipe":
    {
        "ResultCount": 1,
        "Ingredients": [
        {
            "Object": "Peach Schnapps",
            "Count": 1,
        },
        {
            "Object": "Vodka",
            "Count": 1,
        },
        {
            "Object": 282,
            "Count": 1,
        },
        {
            "Object": 635,
            "Count": 1,
        }],
        "CanPurchase": false,
    },

    "NameLocalization":
    {
        "es": "Noche en la playa",
        "ko": "해변의 밤",
        // "de": "",
        // "fr": "",
        // "hu": "",
        // "it": "",
        // "ja": "",
        // "pt": "",
        // "ru": "",
        // "tr": "",
        "zh": "海滩之夜",
    },
    "DescriptionLocalization":
    {
        "es": "Una bebida tropical afrutada.",
        "ko": "과일, 열대 음료.",
        "de": "Ein fruchtiges, tropisches Getränk.",
        // "fr": "",
        // "hu": "",
        // "it": "",
        // "ja": "",
        // "pt": "",
        // "ru": "",
        // "tr": "",
        "zh": "海滩之夜。果味的热带饮料。",
    }
}
