{
    "Name": "Lilac",
    "Description": "A large, bushy plant that produces sweet-smelling flowers.",
    "Category": "Flower",
    "Edibility": 13,
    "Price": 180,
	"IsColored": true,
	"Recipe": null,
	"NameLocalization": { 
    "es": "Lirio",
    "ko": "라일락",
    "de": "Lila",
     // "fr": "",
     // "hu": "",
     // "it": "",
     // "ja": "",
    "pt": "Lilás",
     // "ru": "",
     // "tr": "",
    "zh": "紫丁香花",
     },
 "DescriptionLocalization": { 
    "es": "Su blanca variedad se utiliza a menudo en ceremonias.",
    "ko": "달콤한 향이 나는 꽃입니다.",
    "de": "Eine große, buschige Pflanze, die süß duftende Blüten hervorbringt.",
     // "fr": "",
     // "hu": "",
     // "it": "",
     // "ja": "",
    "pt": "Uma planta grande e espessa que produz flores cheirosas.",
     // "ru": "",
     // "tr": "",
    "zh": "一种拥有大而浓密花簇且气味芬芳的花。",
    },
    "ContextTags": [
    	"color_purple",
    	"flower_item",
    	"season_spring"
    ]
}
