﻿{
    "Name": "Ancient Flower",
    "Description": "This flower was gifted to loved ones in ancient times.",
    "Category": "Flower",
    "Edibility": 5,
    "EdibleIsDrink": false,
    "Price": 500,
    "IsColored": true,
    "Recipe": null,
    "GiftTastes":
    {
        "Love": ["Haley", "Emily", "Leah", "Evelyn", "Elliott"],
    },
    "NameLocalization":
    {
        "es": "Flor Antigua",
        "ko": "고대의 꽃",
        //"de": "",
        //"fr": "",
        //"hu": "",
        //"it": "",
        //"ja": "",
        //"pt": "",
        //"ru": "",
        //"tr": "",
        "zh": "远古之花"
    },
    "DescriptionLocalization":
    {
        "es": "Esta flor era regalada en tiempos antiguos a personas amadas.",
        "ko": "먼 옛날, 사랑하는 이에게 선물하는 꽃이었다고 합니다.",
        //"de": "",
        //"fr": "",
        //"hu": "",
        //"it": "",
        //"ja": "",
        //"pt": "",
        //"ru": "",
        //"tr": "",
        "zh": "这朵花是古代送给亲人的礼物"
    },
    "ContextTags": [
        "color_red",
        "flower_item"
    ]
}