{
    "Name": "Iris",
    "Description": "A strange flower that comes in delightful shades of purple.",
    "Category": "Flower",
    "Edibility": -5,
    "Price": 200,
	"IsColored": true,
	"Recipe": null,
	"NameLocalization": { 
    "es": "Iris",
    "ko": "아이리스",
    "de": "Schwertlilien",
     // "fr": "",
     // "hu": "",
     // "it": "",
     // "ja": "",
    "pt": "Íris",
     // "ru": "",
     // "tr": "",
    "zh": "鸢尾花",
     },
 "DescriptionLocalization": { 
    "es": "Una flor extraña que viene en encantadores tonos púrpura.",
    "ko": "기분이 좋아지는 보라색의 이상한 꽃",
    "de": "Eine seltsame Blume, die in herrlichen Violettönen erscheint.",
     // "fr": "",
     // "hu": "",
     // "it": "",
     // "ja": "",
    "pt": "Uma estranha flor que vem em deliciosos tons de roxo.",
     // "ru": "",
     // "tr": "",
    "zh": "一种令人喜爱的奇特紫色花朵。",
    },
    "ContextTags": [
    	"flower_poisonous",
    	"flower_item",
    	"color_purple",
    	"season_fall"
    ]
}
