{
    "Name": "Almond Butter",
    "Description": "A light, slightly gritty butter.",
    "Category": "ArtisanGoods",
    "Edibility": 18,
    "Price": 175,
    "IsColored": false,
    "Recipe": null,
    "GiftTastes":
    {
        "Like": ["Abigail", "Alex", "Caroline", "Clint", "Demetrius", "Dwarf", "Elliott", "Emily", "Evelyn", "George", "Gus", "Haley", "Harvey", "Jodi", "Kent", "Krobus", "Leah", "Lewis", "Linus", "Marnie", "Maru", "Pam", "Penny", "Pierre", "Robin", "Sam", "Sandy", "Sebastian", "Shane", "Willy", "Wizard"],
        "Dislike": ["Vincent", "Jas"],
    },
    "NameLocalization":
    {
        "es": "Mantequilla de almendra",
        "ko": "아몬드 버터",
        "de": "Mandelbutter",
         // "fr": "",
         // "hu": "",
         // "it": "",
        "ja": "アーモンドバター",
         // "pt": "",
         // "ru": "",
         // "tr": "",
        "zh": "杏仁黄油",
    },
    "DescriptionLocalization":
    {
        "es": "Una mantequilla ligeramente arenosa.",
        "ko": "가볍고, 약간 투박한 질감의 버터.",
        "de": "Eine leichte, leicht kiesige Butter.",
         // "fr": "",
         // "hu": "",
         // "it": "",
        "ja": "すこしざらざらしているバター。",
         // "pt": "",
         // "ru": "",
         // "tr": "",
        "zh": "一种味道清淡且略带颗粒口感的坚果黄油。",
    }
}