{
  "Name": "Potted Hibiscus",
  "Description": "A tiny, ornamental hibiscus tree potted in a little wooden pot. Remember to water it!",
  "Price": 1,
  "ProvidesLight": false,
  "Recipe": {
    "ResultCount": 1,
    "Ingredients": [
      {
		  "Object": "Hibiscus",
		  "Count": 1,
      },
      {
		  "Object": 388,
		  "Count": 10,
      },
	  {
		  "Object": 330,
		  "Count": 10,
	  },
    ],
	"CanPurchase": false,
  },
  "NameLocalization": { 
    "es": "Hibisco en maceta",
    "ko": "실내 화초 히비스커스",
    "de": "Eingemachter Hibiskus",
     // "fr": "",
     // "hu": "",
     // "it": "",
     // "ja": "",
    "pt": "Vaso de Vinagreira",
     // "ru": "",
     // "tr": "",
    "zh": "芙蓉花盆栽",
     },
 "DescriptionLocalization": { 
    "es": "Un pequeño árbol ornamental de hibisco en una pequeña maceta de madera.¡Recuerda regarlo!",
    "ko": "작은 나무 화분에 심겨진 히비스커스 입니다. 물 주는거 잊지마세요!",
    "de": "Ein kleiner, dekorativer Hibiskusbaum in einem kleinen Holztopf. Denken Sie daran, es zu gießen!",
     // "fr": "",
     // "hu": "",
     // "it": "",
     // "ja": "",
    "pt": "Uma pequena árvore de vinagreira em um pequeno vaso de madeira. Lembre-se de regá-la!",
     // "ru": "",
     // "tr": "",
    "zh": "一个小木盆里的。记得给它浇水！",
    }
}
