{
    "Name": "Death in the Afternoon",
    "Description": "Also called the Hemingway, it has an opalescent green Milkiness.",
    "Category": "Cooking",
    "Edibility": 42,
    "EdibleIsDrink": true,
    "EdibleBuffs":
    {
        "Farming": 0,
        "Fishing": 0,
        "Mining": 0,
        "Luck": 0,
        "Foraging": 0,
        "MaxStamina": 0,
        "MagnetRadius": 0,
        "Speed": -1,
        "Defense": 0,
        "Attack": 0,
        "Duration": 100,
    },
    "Price": 750,
    "IsColored": false,
    "CanPurchase": true,
    "PurchaseFrom": "Gus",
    "PurchasePrice": 1075,
    "Recipe":
    {
        "ResultCount": 1,
        "Ingredients": [
        {
            "Object": "Sparkling Wine",
            "Count": 1,
        },
        {
            "Object": "Absinthe",
            "Count": 1,
        }],
        "CanPurchase": true,
        "PurchaseFrom": "Gus",
        "PurchasePrice": 5750,
        "PurchaseRequirements": null,
    },

    "NameLocalization":
    {
        "es": "Hemingway",
        "ko": "오후의 죽음",
        "de": "Tod am Nachmittag",
        // "fr": "",
        // "hu": "",
        // "it": "",
        // "ja": "",
        // "pt": "",
        // "ru": "",
        // "tr": "",
        "zh": "死亡午后",
    },
    "DescriptionLocalization":
    {
        "es": "También llamado muerte en la tarde, tiene una opacidad de leche verde opalescente.",
        "ko": "헤밍웨이라고도 불리며, 유백색의 녹색이에요.",
        "de": "Auch Hemingway genannt, es hat eine schillernde grüne Milchigkeit",
        // "fr": "",
        // "hu": "",
        // "it": "",
        // "ja": "",
        // "pt": "",
        // "ru": "",
        // "tr": "",
        "zh": "“死亡午后”鸡尾酒。也称为海明威，它的酒液呈现出一种趋于乳白的绿色。",
    }
}
