{
    "Name": "Rum and Cola",
    "Description": "A staple at every bar.",
    "Category": "Cooking",
    "Edibility": 15,
    "EdibleIsDrink": true,
    "EdibleBuffs":
    {
        "Farming": 0,
        "Fishing": 0,
        "Mining": 0,
        "Luck": 0,
        "Foraging": 0,
        "MaxStamina": 0,
        "MagnetRadius": 0,
        "Speed": -1,
        "Defense": 0,
        "Attack": 0,
        "Duration": 100,
    },
    "Price": 475,
    "IsColored": false,
    "CanPurchase": true,
    "PurchaseFrom": "Gus",
    "PurchasePrice": 800,
    "Recipe":
    {
        "ResultCount": 1,
        "Ingredients": [
        {
            "Object": "Rum",
            "Count": 1,
        },
        {
            "Object": 167,
            "Count": 1,
        }],
        "CanPurchase": true,
        "PurchaseFrom": "Gus",
        "PurchasePrice": 5475,
        "PurchaseRequirements": null,
    },

    "NameLocalization":
    {
        "es": "Ron con cola",
        "ko": "럼 앤 콕",
        "de": "Rum und Cola",
        // "fr": "",
        // "hu": "",
        // "it": "",
        // "ja": "",
        // "pt": "",
        // "ru": "",
        // "tr": "",
        "zh": "朗姆可乐",
    },
    "DescriptionLocalization":
    {
        "es": "Un alimento básico en cada bar.",
        "ko": "모든 바에서 필수.",
        "de": "Ein Grundnahrungsmittel an jeder Bar.",
        // "fr": "",
        // "hu": "",
        // "it": "",
        // "ja": "",
        // "pt": "",
        // "ru": "",
        // "tr": "",
        "zh": "朗姆可乐。每个酒吧的基础饮品。",
    }
}
