{
  "Name": "Long Island Iced Tea",
  "Description": "You mean there's no tea in this!?",
  "Category": "Cooking",
  "Edibility": 64,
  "EdibleIsDrink": true,
  "EdibleBuffs": {
    "Farming": 0,
    "Fishing": 0,
    "Mining": 0,
    "Luck": 0,
	"Foraging": 0,
	"MaxStamina": 0,
    "MagnetRadius": 0,
	"Speed": -3,
	"Defense": 0,
	"Attack": 0,
    "Duration": 100,
  },
  "Price": 1575,
  "IsColored": false,
    "CanPurchase": true,
    "PurchaseFrom": "Gus",
    "PurchasePrice": 1900,
  "Recipe": {
    "ResultCount": 1,
    "Ingredients": [
      {
        "Object": "Gin",
        "Count": 1,
      },
      {
        "Object": "Vodka",
        "Count": 1,
      },
      {
        "Object": 167,
        "Count": 1,
      },
      {
        "Object": "Rum",
        "Count": 1,
      },
      {
        "Object": "Tequila",
        "Count": 1,
      }
    ],
    "CanPurchase": true,
    "PurchaseFrom": "Gus",
    "PurchasePrice": 6575,
    "PurchaseRequirements": null,
  },

 "NameLocalization": {
    "es": "Té helado de Long Island",
    "ko": "롱 아일랜드 아이스 티",
    "de": "Long Island Iced Tea",
     // "fr": "",
     // "hu": "",
     // "it": "",
     // "ja": "",
     // "pt": "",
     // "ru": "",
     // "tr": "",
    "zh": "长岛冰茶",
  },
 "DescriptionLocalization": {
    "es": "¿¡Quieres decir que no hay té en esto!?",
    "ko": "여기에 차가 안 들어있다고요!?",
    "de": "Du meinst, da ist kein Tee drin !?",
     // "fr": "",
     // "hu": "",
     // "it": "",
     // "ja": "",
     // "pt": "",
     // "ru": "",
     // "tr": "",
    "zh": "长岛冰茶。你的意思是这里面没有茶！？",
  }
}
