{
  "Name": "Russian Spring Punch",
  "Description": "Serve over ice.",
  "Category": "Cooking",
  "Edibility": 63,
  "EdibleIsDrink": true,
  "EdibleBuffs": {
    "Farming": 0,
    "Fishing": 0,
    "Mining": 0,
    "Luck": 0,
	"Foraging": 0,
	"MaxStamina": 0,
    "MagnetRadius": 0,
	"Speed": -1,
	"Defense": 0,
	"Attack": 0,
    "Duration": 100,
  },
  "Price": 820,
  "IsColored": false,
    "CanPurchase": true,
    "PurchaseFrom": "Gus",
    "PurchasePrice": 1145,
  "Recipe": {
    "ResultCount": 1,
    "Ingredients": [
      {
        "Object": "Vodka",
        "Count": 1,
      },
      {
        "Object": "Lemon",
        "Count": 1,
      },
      {
        "Object": "Sparkling Wine",
        "Count": 1,
      },
      {
        "Object": 410,
        "Count": 1,
      }
    ],
    "CanPurchase": true,
    "PurchaseFrom": "Gus",
    "PurchasePrice": 5820,
    "PurchaseRequirements": null,
  },

 "NameLocalization": {
    "es": "Ponche de primavera ruso",
    "ko": "러시안 스프링 펀치",
     "de": "Russian Spring Punch",
     // "fr": "",
     // "hu": "",
     // "it": "",
     // "ja": "",
     // "pt": "",
     // "ru": "",
     // "tr": "",
    "zh": "俄罗斯之春",
  },
 "DescriptionLocalization": {
    "es": "Servir con hielo.",
    "ko": "얼음과 같이 드세요.",
    "de": "Auf Eis servieren",
     // "fr": "",
     // "hu": "",
     // "it": "",
     // "ja": "",
     // "pt": "",
     // "ru": "",
     // "tr": "",
    "zh": "俄罗斯之春。加冰引用。",
  }
}
