{
    "Name": "Dried Mushroom",
    "Description": "A jar of dried mushrooms.",
    "Category": "ArtisanGoods",
    "Edibility": -300,
    "Price": 175,
    "IsColored": false,
    "Recipe": null,
    "GiftTastes":
    {
        "Dislike": ["Abigail", "Alex", "Caroline", "Clint", "Demetrius", "Dwarf", "Elliott", "Emily", "Evelyn", "George", "Gus", "Haley", "Harvey", "Jas", "Jodi", "Kent", "Krobus", "Leah", "Lewis", "Linus", "Marnie", "Maru", "Pam", "Penny", "Pierre", "Robin", "Sam", "Sandy", "Sebastian", "Shane", "Vincent", "Willy", "Wizard"],
    },
    "NameLocalization":
    {
        "es": "Setas secas",
        "ko": "말린 버섯",
        "de": "Dried Mushroom",
         // "fr": "",
         // "hu": "",
         // "it": "",
        "ja": "干しキノコ",
         // "pt": "",
         // "ru": "",
         // "tr": "",
        "zh": "干蘑菇",
    },
    "DescriptionLocalization":
    {
        "es": "Un bote de setas secas.",
        "ko": "말린 버섯 한 병.",
        "de": "Ein Glas getrocknete Pilze.",
         // "fr": "",
         // "hu": "",
         // "it": "",
        "ja": "乾燥させたキノコのビン詰め。",
         // "pt": "",
         // "ru": "",
         // "tr": "",
        "zh": "一罐干的蘑菇。",
    }
}