{
    "Name": "Doubloon",
    "Description": "A coin with only one purpose: to be sold.",
    "Category": "ArtisanGoods",
    "Edibility": -300,
    "Price": 150,
    "IsColored": false,
    "Recipe": null,

    "NameLocalization":
    {
        "es": "Doblón",
        "ko": "금화",
        "de": "Doubloon",
        "fr": "Doublon",
        "hu": "Dublon",
        "it": "Doubloon",
        "ja": "ダブロン",
        "pt": "Dobrão",
        "ru": "Дублон",
        "tr": "İspanyol altını",
        "zh": "钱币"
    },
    "DescriptionLocalization":
    {
        "es": "Una moneda con un solo propósito: ser vendida.",
        "ko": "단 하나의 목적을 가진 동전 : 판매 할 것.",
        "de": "Eine Münze mit nur einem Zweck: verkauft werden.",
        "fr": "Une pièce avec un seul but: être vendu.",
        "hu": "Egy érme, amelynek egyetlen célja van: eladásra.",
        "it": "Una moneta con un solo scopo: essere venduta.",
        "ja": "目的が1つしかないコイン：販売する。",
        "pt": "Uma moeda com apenas um objetivo: ser vendida.",
        "ru": "Монета, имеющая только одно назначение: продажа.",
        "tr": "Sadece bir amacı olan bir madeni para: satılmak.",
        "zh": "生产这个硬币只有一个目的：被卖掉。"
    }
}
