﻿{
    "Name": "Ancient Nut",
    "Description": "Ancient rodents would feed on this.",
    "Category": "Vegetable",
    "Edibility": -300,
    "EdibleIsDrink": false,
    "Price": 250,
    "IsColored": false,
    "Recipe": null,
    "GiftTastes":
    {
        "Love": ["Dwarf", "George", "Wizard", "Krobus", "Evelyn"],
    },
    "NameLocalization":
    {
        "es": "Nuez Antigua",
        "ko": "고대의 견과류",
        "de": "Alte Nuss",
        "fr": "Noix Ancienne",
        //"hu": "",
        //"it": "",
        "ja": "古代のナッツ",
        "pt": "Noz Antiga",
        "ru": "Древний орех",
        //"tr": "",
        "zh": "远古坚果"
    },
    "DescriptionLocalization":
    {
        "es": "Antiguos roedores se alimentaban con ella.",
        "ko": "고대의 다람쥐들이 먹고 살았을 것 같군요.",
        "de": "Alte Nagetiere würden sich davon ernähren.",
        "fr": "Les anciens rongeurs s'en nourrissaient.",
        //"hu": "",
        //"it": "",
        "ja": "いにしえの時代、げっ歯類が食べていた。",
        "pt": "Antigos roedores se saciavam com ela.",
        "ru": "Грызуны древности могли питаться им",
        //"tr": "",
        "zh": "古代的啮齿动物就以这种动物为食。"
    },
    "ContextTags": [
        "color_yellow",
        "nut_item"
    ]
}
