[
	//Cooking recipes
	{
		"Id": "PPJA.VernalTearecipe",
		"GroupID": "F2F.CookingRecipe",
		"Text": "@,^^I understand that you've been growing some flowers from seeds from the Ferngill Florist's Association, dear. Did you know they can be used in cooking recipes?^^This is a simple one, but was always one of my favorites. There are plenty of other recipes you can use their flowers for, as well. I hope you try making some of them!^^-Granny Evelyn",
		"Recipe": "Vernal Tea",
		"FriendshipConditions":
		[
			{ "NpcName": "Evelyn", "FriendshipLevel": 3 }
		],
	},
	{
		"Id": "PPJA.TeaRecipe",
		"GroupID": "F2F.CookingRecipe",
		"Text": "Dear @,^^Heard you've been using some of your flowers in your cooking. Here's a favorite recipe of mine. Really warms you up on a cold day!^^-Mayor Lewis",
		"Recipe": "Tea",
		"FriendshipConditions":
		[
			{ "NpcName": "Lewis", "FriendshipLevel": 5 }
		],
	},
	{
		"Id": "PPJA.EstivalTearecipe",
		"GroupID": "F2F.CookingRecipe",
		"Text": "Hey kid,^^Evelyn mentioned you were makin' some food with the flowers you're growing. My pappy passed this recipe on to me - hope you enjoy it as much as I did.^^-Pam",
		"Recipe": "Estival Tea",
		"FriendshipConditions":
		[
			{ "NpcName": "Pam", "FriendshipLevel": 5 }
		],
	},
	{
		"Id": "PPJA.AutumnalTearecipe",
		"GroupID": "F2F.CookingRecipe",
		"Text": "@,^^This is a tea recipe that Evelyn brought me one time when she came over to check on me. I don't make tea that often, though, so I figure you'll get more use out of it than I will.^^-Clint",
		"Recipe": "Autumnal Tea",
		"FriendshipConditions":
		[
			{ "NpcName": "Clint", "FriendshipLevel": 5 }
		],
	},
	{
		"Id": "PPJA.HibernalTeaRecipe",
		"GroupID": "F2F.CookingRecipe",
		"Text": "@,^^Here's a recipe my wife always likes come winter time.^^Try it out if you feel like it.^^-George",
		"Recipe": "Hibernal Tea",
		"FriendshipConditions":
		[
			{ "NpcName": "George", "FriendshipLevel": 5 }
		],
	},
	{
		"Id": "PPJA.LatteRecipe",
		"GroupID": "F2F.CookingRecipe",
		"Text": "Hey @,^^I always need a little pick-me-up in the morning, but just plain coffee's a little strong for my taste. I imagine it'll taste even better with fresh milk from your cows!^^-Robin",
		"Recipe": "Latte",
		"FriendshipConditions":
		[
			{ "NpcName": "Robin", "FriendshipLevel": 5 }
		],
	},
	{
		"Id": "PPJA.LilacSconesRecipe",
		"GroupID": "F2F.CookingRecipe",
		"Text": "@,^^Evelyn shared her tea recipes with me when I was younger, and she and I worked together on a scone recipe utilizing lilac. Maybe you can make some with the lilacs from your farm.^^-Jodi",
		"Recipe": "Lilac Scones",
		"FriendshipConditions":
		[
			{ "NpcName": "Jodi", "FriendshipLevel": 5 }
		],
	},
	{
		"Id": "PPJA.FlowerSodaRecipe",
		"GroupID": "F2F.CookingRecipe",
		"Text": "Dear @^^Sandy once gave me this recipe for a drink made from flowers! I know it sounds a little strange, but it's really very nice! You should try to make it from the produce on your farm sometime.^^-Emily",
		"Recipe": "Flower Soda",
		"FriendshipConditions":
		[
			{ "NpcName": "Emily", "FriendshipLevel": 5 }
		],
	},
	{
		"Id": "PPJA.HerbCrustedFishRecipe",
		"GroupID": "F2F.CookingRecipe",
		"Text": "Dear @,^^Living out in the mountains, I have access to a lot of fish. This is a recipe I use when I can - since you've been so kind to me, I'm sharing it with you. I hope you enjoy it.^^-Linus",
		"Recipe": "Herb-Crusted Fish",
		"FriendshipConditions":
		[
			{ "NpcName": "Linus", "FriendshipLevel": 5 }
		],
	},
	{
		"Id": "PPJA.LotusMochiID",
		"GroupID": "F2F.CookingRecipe",
		"Text": "Dear @,^^Don't usually like to think about things relating to the Gotoro Empire... but while I was there, I did have this dessert. I'm not sure if this will taste exactly like it, but maybe you can nail it.^^-Kent",
		"Recipe": "Lotus Mochi",
		"FriendshipConditions":
		[
			{ "NpcName": "Kent", "FriendshipLevel": 5 }
		],
	},
	{
		"Id": "PPJA.BoiledGreensRecipe",
		"GroupID": "F2F.CookingRecipe",
		"Text": "@,^^Did you know that all parts of edible flowers can be used in cooking - even their leaves?^^Here's a recipe I make when the flowers for it are in season. It's best when it's lightly salted!^^-Demetrius",
		"Recipe": "Boiled Greens",
		"FriendshipConditions":
		[
			{ "NpcName": "Demetrius", "FriendshipLevel": 5 }
		],
	},
	{
		"Id": "PPJA.RoseNougatRecipe",
		"GroupID": "F2F.CookingRecipe",
		"Text": "@,^^This recipe has been a family favorite. If you can get honey flavored with rose pollen, it's even better.^^-Marnie",
		"Recipe": "Rose Nougat",
		"FriendshipConditions":
		[
			{ "NpcName": "Marnie", "FriendshipLevel": 5 }
		],
	},
	{
		"Id": "PPJA.SouffleRecipe",
		"GroupID": "F2F.CookingRecipe",
		"Text": "@,^^This is one of the most challenging recipes I have, but I'm quite proud of it. Souffles aren't easy to make, and having high-quality ingredients is essential - and that shouldn't be a problem for you. I hope you share the results if you give it a try!^^-Gus",
		"Recipe": "Souffle",
		"FriendshipConditions":
		[
			{ "NpcName": "Gus", "FriendshipLevel": 5 }
		],
	},
	{
		"Id": "PPJA.TiramisuRecipe",
		"GroupID": "F2F.CookingRecipe",
		"Text": "@,^^Abby and Pierre always enjoy when I make this up. Maybe you'll have some success making it yourself.^^-Caroline",
		"Recipe": "Tiramisu",
		"FriendshipConditions":
		[
			{ "NpcName": "Caroline", "FriendshipLevel": 5 }
		],
	},
	{
		"Id": "PPJA.StuffedPetalsRecipe",
		"GroupID": "F2F.CookingRecipe",
		"Text": "Dear @,^^This is a favorite recipe of mine. The fresher the ingredients, the better it will be.^^-Granny Evelyn",
		"Recipe": "Stuffed Petals",
		"FriendshipConditions":
		[
			{ "NpcName": "Evelyn", "FriendshipLevel": 5 }
		],
	},
	//Crafting recipes
	{
		"Id": "PPJA.PottedTulipRecipe",
		"GroupID": "F2F.CraftingRecipe",
		"Text": "@:^^We appreciate your efforts in improving life in the Valley, and hope you'll accept this gift.^^-The Ferngill Florists Association",
		"Recipe": "Potted Tulip",
		"SkillConditions": 
		[
			{ "SkillName": "Farming", "SkillLevel": 1 }
		]
	},
	{
		"Id": "PPJA.PottedSummerSpangleRecipe",
		"GroupID": "F2F.CraftingRecipe",
		"GroupID": "F2F.CraftingRecipe",
		"Text": "@:^^We appreciate your efforts in improving life in the Valley, and hope you'll accept this gift.^^-The Ferngill Florists Association",
		"Recipe": "Potted Summer Spangle",
		"SkillConditions": 
		[
			{ "SkillName": "Farming", "SkillLevel": 4 }
		]
	},
	{
		"Id": "PPJA.FloristTableRecipe",
		"GroupID": "F2F.CraftingRecipe",
		"Text": "@:^^We appreciate your efforts in improving life in the Valley, and hope you'll accept this gift.^^-The Ferngill Florists Association^^* Note: you can't actually make anything at this table, it is purely decorative.",
		"Recipe": "Florist's Table",
		"SkillConditions": 
		[
			{ "SkillName": "Farming", "SkillLevel": 7 }
		]
	},
	{
		"Id": "PPJA.PottedDandelionRecipe",
		"GroupID": "F2F.CraftingRecipe",
		"Text": "@:^^We appreciate your efforts in improving life in the Valley, and hope you'll accept this gift.^^-The Ferngill Florists Association",
		"Recipe": "Potted Dandelion", 
		"SkillConditions": 
		[
			{ "SkillName": "Foraging", "SkillLevel": 1 }
		]
	},
	{
		"Id": "PPJA.PottedSweetPeaRecipe",
		"GroupID": "F2F.CraftingRecipe",
		"Text": "@:^^We appreciate your efforts in improving life in the Valley, and hope you'll accept this gift.^^-The Ferngill Florists Association",
		"Recipe": "Potted Sweet Pea",
		"SkillConditions": 
		[
			{ "SkillName": "Foraging", "SkillLevel": 2 }
		]
	},
	{
		"Id": "PPJA.PottedDaffodilRecipe",
		"GroupID": "F2F.CraftingRecipe",
		"Text": "@:^^We appreciate your efforts in improving life in the Valley, and hope you'll accept this gift.^^-The Ferngill Florists Association",
		"Recipe": "Potted Daffodil",
		"SkillConditions": 
		[
			{ "SkillName": "Foraging", "SkillLevel": 2 }
		]
	},{
		"Id": "PPJA.PottedDaisyRecipe",
		"GroupID": "F2F.CraftingRecipe",
		"Text": "@:^^We appreciate your efforts in improving life in the Valley, and hope you'll accept this gift.^^-The Ferngill Florists Association",
		"Recipe": "Potted Daisy",
		"SkillConditions": 
		[
			{ "SkillName": "Foraging", "SkillLevel": 3 }
		]
	},
	{
		"Id": "PPJA.PottedCrocusRecipe",
		"GroupID": "F2F.CraftingRecipe",
		"Text": "@:^^We appreciate your efforts in improving life in the Valley, and hope you'll accept this gift.^^-The Ferngill Florists Association",
		"Recipe": "Potted Crocus",
		"SkillConditions": 
		[
			{ "SkillName": "Foraging", "SkillLevel": 3 }
		]
	},
	{
		"Id": "PPJA.PottedClematisRecipe",
		"GroupID": "F2F.CraftingRecipe",
		"Text": "@:^^We appreciate your efforts in improving life in the Valley, and hope you'll accept this gift.^^-The Ferngill Florists Association",
		"Recipe": "Potted Clematis",
		"SkillConditions": 
		[
			{ "SkillName": "Foraging", "SkillLevel": 4 }
		]
	},
	{
		"Id": "PPJA.PottedHibiscuisRecipe",
		"GroupID": "F2F.CraftingRecipe",
		"Text": "@:^^We appreciate your efforts in improving life in the Valley, and hope you'll accept this gift.^^-The Ferngill Florists Association",
		"Recipe": "Potted Hibiscus",
		"SkillConditions": 
		[
			{ "SkillName": "Foraging", "SkillLevel": 7 }
		]
	},
	{
		"Id": "PPJA.PottedMagnoliaRecipe",
		"GroupID": "F2F.CraftingRecipe",
		"Text": "@:^^We appreciate your efforts in improving life in the Valley, and hope you'll accept this gift.^^-The Ferngill Florists Association",
		"Recipe": "Potted Magnolia",
		"SkillConditions": 
		[
			{ "SkillName": "Foraging", "SkillLevel": 8 }
		]
	},
	{
		"Id": "PPJA.PottedJasmineRecipe",
		"GroupID": "F2F.CraftingRecipe",
		"Text": "@:^^We appreciate your efforts in improving life in the Valley, and hope you'll accept this gift.^^-The Ferngill Florists Association",
		"Recipe": "Potted Jasmine",
		"SkillConditions": 
		[
			{ "SkillName": "Foraging", "SkillLevel": 8 }
		]
	},
	{
		"Id": "PPJA.PottedWisteriaRecipe",
		"GroupID": "F2F.CraftingRecipe",
		"Text": "@:^^We appreciate your efforts in improving life in the Valley, and hope you'll accept this gift.^^-The Ferngill Florists Association",
		"Recipe": "Potted Wisteria",
		"SkillConditions": 
		[
			{ "SkillName": "Foraging", "SkillLevel": 9 }
		]
	},
	{
		"Id": "PPJA.BouquetOfExuberanceRecipe",
		"GroupID": "F2F.CraftingRecipe",
		"Text": "@:^^We appreciate your efforts in improving life in the Valley, and hope you'll accept this gift.^^-The Ferngill Florists Association",
		"Recipe": "Bouquet of Exuberance",
		"SkillConditions": 
		[
			{ "SkillName": "Foraging", "SkillLevel": 9 }
		]
	},
	{
		"Id": "PPJA.PottedVioletRecipe",
		"GroupID": "F2F.CraftingRecipe",
		"Text": "@:^^We appreciate your efforts in improving life in the Valley, and hope you'll accept this gift.^^-The Ferngill Florists Association",
		"Recipe": "Potted Violet",
		"SkillConditions": 
		[
			{ "SkillName": "Mining", "SkillLevel": 1 }
		]
	},
	{
		"Id": "PPJA.PottedLilacRecipe",
		"GroupID": "F2F.CraftingRecipe",
		"Text": "@:^^We appreciate your efforts in improving life in the Valley, and hope you'll accept this gift.^^-The Ferngill Florists Association",
		"Recipe": "Potted Lilac",
		"SkillConditions": 
		[
			{ "SkillName": "Mining", "SkillLevel": 2 }
		]
	},
	{
		"Id": "PPJA.PottedLavenderRecipe",
		"GroupID": "F2F.CraftingRecipe",
		"Text": "@:^^We appreciate your efforts in improving life in the Valley, and hope you'll accept this gift.^^-The Ferngill Florists Association",
		"Recipe": "Potted Lavender",
		"SkillConditions": 
		[
			{ "SkillName": "Mining", "SkillLevel": 3 }
		]
	},
	{
		"Id": "PPJA.PottedPeonyRecipe",
		"GroupID": "F2F.CraftingRecipe",
		"Text": "@:^^We appreciate your efforts in improving life in the Valley, and hope you'll accept this gift.^^-The Ferngill Florists Association",
		"Recipe": "Potted Peony",
		"SkillConditions": 
		[
			{ "SkillName": "Mining", "SkillLevel": 4 }
		]
	},
	{
		"Id": "PPJA.PottedDahliaRecipe",
		"GroupID": "F2F.CraftingRecipe",
		"Text": "@:^^We appreciate your efforts in improving life in the Valley, and hope you'll accept this gift.^^-The Ferngill Florists Association",
		"Recipe": "Potted Dahlia",
		"SkillConditions": 
		[
			{ "SkillName": "Mining", "SkillLevel": 4 }
		]
	},
	{
		"Id": "PPJA.PottedFreesiaRecipe",
		"GroupID": "F2F.CraftingRecipe",
		"Text": "@:^^We appreciate your efforts in improving life in the Valley, and hope you'll accept this gift.^^-The Ferngill Florists Association",
		"Recipe": "Potted Freesia",
		"SkillConditions": 
		[
			{ "SkillName": "Mining", "SkillLevel": 6 }
		]
	},
	{
		"Id": "PPJA.PottedPetuniaRecipe",
		"GroupID": "F2F.CraftingRecipe",
		"Text": "@:^^We appreciate your efforts in improving life in the Valley, and hope you'll accept this gift.^^-The Ferngill Florists Association",
		"Recipe": "Potted Petunia",
		"SkillConditions": 
		[
			{ "SkillName": "Mining", "SkillLevel": 6 }
		]
	},
	{
		"Id": "PPJA.PottedCamelliaRecipe",
		"GroupID": "F2F.CraftingRecipe",
		"Text": "@:^^We appreciate your efforts in improving life in the Valley, and hope you'll accept this gift.^^-The Ferngill Florists Association",
		"Recipe": "Potted Camellia",
		"SkillConditions": 
		[
			{ "SkillName": "Mining", "SkillLevel": 7 }
		]
	},
	{
		"Id": "PPJA.PottedGeraniumRecipe",
		"GroupID": "F2F.CraftingRecipe",
		"Text": "@:^^We appreciate your efforts in improving life in the Valley, and hope you'll accept this gift.^^-The Ferngill Florists Association",
		"Recipe": "Potted Geranium",
		"SkillConditions": 
		[
			{ "SkillName": "Mining", "SkillLevel": 7 }
		]
	},
	{
		"Id": "PPJA.PottedEnglishRoseRecipe",
		"GroupID": "F2F.CraftingRecipe",
		"Text": "@:^^We appreciate your efforts in improving life in the Valley, and hope you'll accept this gift.^^-The Ferngill Florists Association",
		"Recipe": "Potted English Rose",
		"SkillConditions": 
		[
			{ "SkillName": "Mining", "SkillLevel": 8 }
		]
	},
	{
		"Id": "PPJA.PottedFairyRoseRecipe",
		"GroupID": "F2F.CraftingRecipe",
		"Text": "@:^^We appreciate your efforts in improving life in the Valley, and hope you'll accept this gift.^^-The Ferngill Florists Association",
		"Recipe": "Potted Fairy Rose",
		"SkillConditions": 
		[
			{ "SkillName": "Mining", "SkillLevel": 8 }
		]
	},
	{
		"Id": "PPJA.BouquetOfDevotionRecipe",
		"GroupID": "F2F.CraftingRecipe",
		"Text": "@:^^We appreciate your efforts in improving life in the Valley, and hope you'll accept this gift.^^-The Ferngill Florists Association",
		"Recipe": "Bouquet of Devotion",
		"SkillConditions": 
		[
			{ "SkillName": "Mining", "SkillLevel": 9 }
		]
	},
	{
		"Id": "PPJA.PottedBlueJazzRecipe",
		"GroupID": "F2F.CraftingRecipe",
		"Text": "@:^^We appreciate your efforts in improving life in the Valley, and hope you'll accept this gift.^^-The Ferngill Florists Association",
		"Recipe": "Potted Blue Jazz",
		"SkillConditions": 
		[
			{ "SkillName": "Fishing", "SkillLevel": 1 }
		]
	},
	{
		"Id": "PPJA.PottedAlliumRecipe",
		"GroupID": "F2F.CraftingRecipe",
		"Text": "@:^^We appreciate your efforts in improving life in the Valley, and hope you'll accept this gift.^^-The Ferngill Florists Association",
		"Recipe": "Potted Allium",
		"SkillConditions": 
		[
			{ "SkillName": "Fishing", "SkillLevel": 1 }
		]
	},
	{
		"Id": "PPJA.PottedHyacinthRecipe",
		"GroupID": "F2F.CraftingRecipe",
		"Text": "@:^^We appreciate your efforts in improving life in the Valley, and hope you'll accept this gift.^^-The Ferngill Florists Association",
		"Recipe": "Potted Hyacinth",
		"SkillConditions": 
		[
			{ "SkillName": "Fishing", "SkillLevel": 2 }
		]
	},
	{
		"Id": "PPJA.PottedHydrangeaRecipe",
		"GroupID": "F2F.CraftingRecipe",
		"Text": "@:^^We appreciate your efforts in improving life in the Valley, and hope you'll accept this gift.^^-The Ferngill Florists Association",
		"Recipe": "Potted Hydrangea",
		"SkillConditions": 
		[
			{ "SkillName": "Fishing", "SkillLevel": 3 }
		]
	},
	{
		"Id": "PPJA.PottedLotusRecipe",
		"GroupID": "F2F.CraftingRecipe",
		"Text": "@:^^We appreciate your efforts in improving life in the Valley, and hope you'll accept this gift.^^-The Ferngill Florists Association",
		"Recipe": "Potted Lotus",
		"SkillConditions": 
		[
			{ "SkillName": "Fishing", "SkillLevel": 4 }
		]
	},
	{
		"Id": "PPJA.PottedIrisRecipe",
		"GroupID": "F2F.CraftingRecipe",
		"Text": "@:^^We appreciate your efforts in improving life in the Valley, and hope you'll accept this gift.^^-The Ferngill Florists Association",
		"Recipe": "Potted Iris",
		"SkillConditions": 
		[
			{ "SkillName": "Fishing", "SkillLevel": 6 }
		]
	},
	{
		"Id": "PPJA.PottedDelphiniumRecipe",
		"GroupID": "F2F.CraftingRecipe",
		"Text": "@:^^We appreciate your efforts in improving life in the Valley, and hope you'll accept this gift.^^-The Ferngill Florists Association",
		"Recipe": "Potted Delphinium",
		"SkillConditions": 
		[
			{ "SkillName": "Fishing", "SkillLevel": 7 }
		]
	},
	{
		"Id": "PPJA.BouquetOfLongingRecipe",
		"GroupID": "F2F.CraftingRecipe",
		"Text": "@:^^We appreciate your efforts in improving life in the Valley, and hope you'll accept this gift.^^-The Ferngill Florists Association",
		"Recipe": "Bouquet of Longing",
		"SkillConditions": 
		[
			{ "SkillName": "Fishing", "SkillLevel": 9 }
		]
	},
	{
		"Id": "PPJA.PottedSunflowerRecipe",
		"GroupID": "F2F.CraftingRecipe",
		"Text": "@:^^We appreciate your efforts in improving life in the Valley, and hope you'll accept this gift.^^-The Ferngill Florists Association",
		"Recipe": "Potted Sunflower",
		"SkillConditions": 
		[
			{ "SkillName": "Combat", "SkillLevel": 1 }
		]
	},
	{
		"Id": "PPJA.PottedPoppyRecipe",
		"GroupID": "F2F.CraftingRecipe",
		"Text": "@:^^We appreciate your efforts in improving life in the Valley, and hope you'll accept this gift.^^-The Ferngill Florists Association",
		"Recipe": "Potted Poppy",
		"SkillConditions": 
		[
			{ "SkillName": "Combat", "SkillLevel": 2 }
		]
	},
	{
		"Id": "PPJA.PottedCarnation",
		"GroupID": "F2F.CraftingRecipe",
		"Text": "@:^^We appreciate your efforts in improving life in the Valley, and hope you'll accept this gift.^^-The Ferngill Florists Association",
		"Recipe": "Potted Carnation",
		"SkillConditions": 
		[
			{ "SkillName": "Combat", "SkillLevel": 3 }
		]
	},
	{
		"Id": "PPJA.PottedChrysanthemumRecipe",
		"GroupID": "F2F.CraftingRecipe",
		"Text": "@:^^We appreciate your efforts in improving life in the Valley, and hope you'll accept this gift.^^-The Ferngill Florists Association",
		"Recipe": "Potted Chrysanthemum",
		"SkillConditions": 
		[
			{ "SkillName": "Combat", "SkillLevel": 4 }
		]
	},
	{
		"Id": "PPJA.PottedLilyRecipe",
		"GroupID": "F2F.CraftingRecipe",
		"Text": "@:^^We appreciate your efforts in improving life in the Valley, and hope you'll accept this gift.^^-The Ferngill Florists Association",
		"Recipe": "Potted Lily",
		"SkillConditions": 
		[
			{ "SkillName": "Combat", "SkillLevel": 6 }
		]
	},
	{
		"Id": "PPJA.BouquetOfHopeRecipe",
		"GroupID": "F2F.CraftingRecipe",
		"Text": "@:^^We appreciate your efforts in improving life in the Valley, and hope you'll accept this gift.^^-The Ferngill Florists Association",
		"Recipe": "Bouquet of Hope",
		"SkillConditions": 
		[
			{ "SkillName": "Combat", "SkillLevel": 7 }
		]
	},
	{
		"Id": "PPJA.BouquetOfPurityRecipe",
		"GroupID": "F2F.CraftingRecipe",
		"Text": "@:^^We appreciate your efforts in improving life in the Valley, and hope you'll accept this gift.^^-The Ferngill Florists Association",
		"Recipe": "Bouquet of Purity",
		"SkillConditions": 
		[
			{ "SkillName": "Combat", "SkillLevel": 8 }
		]
	},
	{
		"Id": "PPJA.BouquetOfPassionRecipe",
		"GroupID": "F2F.CraftingRecipe",
		"Text": "@:^^We appreciate your efforts in improving life in the Valley, and hope you'll accept this gift.^^-The Ferngill Florists Association",
		"Recipe": "Bouquet of Passion",
		"SkillConditions": 
		[
			{ "SkillName": "Combat", "SkillLevel": 9 }
		]
	},

	{
		"Id": "PPJA.Dryer",
		"GroupID": "F2F.CraftingRecipe",
		"Text": "@:^^We appreciate your efforts in improving life in the Valley, and hope you'll accept this gift.^^-The Ferngill Florists Association",
		"Recipe": "Dryer",
		"SkillConditions": 
		[
			{ "SkillName": "Farming", "SkillLevel": 2 }
		]
	},
	{
		"Id": "PPJA.Perfumery",
		"GroupID": "F2F.CraftingRecipe",
		"Text": "@:^^We appreciate your efforts in improving life in the Valley, and hope you'll accept this gift.^^-The Ferngill Florists Association",
		"Recipe": "Perfumery",
		"SkillConditions": 
		[
			{ "SkillName": "Mining", "SkillLevel": 6 }
		]
	},
	{
		"Id": "PPJA.SoapMaker",
		"GroupID": "F2F.CraftingRecipe",
		"Text": "@:^^We appreciate your efforts in improving life in the Valley, and hope you'll accept this gift.^^-The Ferngill Florists Association",
		"Recipe": "Soap Maker",
		"SkillConditions": 
		[
			{ "SkillName": "Foraging", "SkillLevel": 4 }
		]
	}
]