{
    "Name": "Wisteria",
    "Description": "A woody vine that blooms in the spring. Grows with abandon.",
    "Category": "Flower",
    "Edibility": -10,
    "Price": 280,
	"IsColored": false,
	"Recipe": null,
	"NameLocalization": { 
    "es": "Glicina",
    "ko": "등나무",
    "de": "Glyzinien",
     // "fr": "",
     // "hu": "",
     // "it": "",
     // "ja": "",
    "pt": "Glicínia",
     // "ru": "",
     // "tr": "",
    "zh": "紫藤",
     },
 "DescriptionLocalization": { 
    "es": "Una enredadera leñosa que florece en primavera. Crece con abandono.",
    "ko": "봄에 피는 우디 덩굴. 별로 신경쓰지 않아도 잘 자랍니다.",
    "de": "Eine holzige Rebe, die im Frühjahr blüht. Wächst mit der Hingabe.",
     // "fr": "",
     // "hu": "",
     // "it": "",
     // "ja": "",
    "pt": "Uma videira que floresce na primavera. Crescem em conjunto.",
     // "ru": "",
     // "tr": "",
    "zh": "春天开花的木本藤蔓植物。适应性强。",
    },
    "ContextTags": [
    	"color_purple",
    	"flower_poisonous",
    	"flower_item",
    	"season_spring",
    ]
}
