{
    "Name": "Herbal Peony",
    "Description": "An incredibly fragrant flower. Once picked, the blooms are short-lived.",
    "Category": "Flower",
    "Edibility": 18,
    "Price": 240,
	"IsColored": true,
	"Recipe": null,
	"NameLocalization": { 
    "es": "Peonía de hierbas",
    "ko": "작약",
    "de": "Kräuterpfingstrose",
     // "fr": "",
     // "hu": "",
     // "it": "",
     // "ja": "",
    "pt": "Erva de Peônia",
     // "ru": "",
     // "tr": "",
    "zh": "芍药",
     },
 "DescriptionLocalization": { 
    "es": "Una flor increíblemente fragante. Una vez recogidas las flores son de corta duración.",
    "ko": "믿을 수 없을 정도로 향기로운 꽃. 한 번 꽃을 따면 오래가지 않는다.",
    "de": "Eine unglaublich duftende Blume. Einmal gepflückt, sind die Blüten kurzlebig.",
     // "fr": "",
     // "hu": "",
     // "it": "",
     // "ja": "",
    "pt": "Uma flor incrivelmente perfumada. Depois de colhidas, as flores são de curta duração.",
     // "ru": "",
     // "tr": "",
    "zh": "一种拥有浓郁香气的花。采摘后花朵很快就会枯萎。",
    },
    "ContextTags": [
    	"color_pink",
    	"flower_item",
    	"season_spring"
    ]
}
