{
    "Name": "Espresso Martini",
    "Description": "Booze and coffee, a personal favorite.",
    "Category": "Cooking",
    "Edibility": 21,
    "EdibleIsDrink": true,
    "EdibleBuffs":
    {
        "Farming": 0,
        "Fishing": 0,
        "Mining": 0,
        "Luck": 0,
        "Foraging": 0,
        "MaxStamina": 0,
        "MagnetRadius": 0,
        "Speed": -1,
        "Defense": 0,
        "Attack": 0,
        "Duration": 100,
    },
    "Price": 650,
    "IsColored": false,
    "CanPurchase": true,
    "PurchaseFrom": "Gus",
    "PurchasePrice": 975,
    "Recipe":
    {
        "ResultCount": 1,
        "Ingredients": [
        {
            "Object": 433,
            "Count": 3,
        },
        {
            "Object": "Vodka",
            "Count": 1,
        }],
        "CanPurchase": false,
    },

    "NameLocalization":
    {
        "es": "Martini Expresso",
        "ko": "에스프레소 마티니",
        "de": "Expresso Martini",
        // "fr": "",
        // "hu": "",
        // "it": "",
        // "ja": "",
        // "pt": "",
        // "ru": "",
        // "tr": "",
        "zh": "意式特浓马丁尼",
    },
    "DescriptionLocalization":
    {
        "es": "Bebidas alcohólicas y café, un favorito personal.",
        "ko": "술과 커피의 조합.",
        "de": "Alkohol und Kaffee, ein persönlicher Favorit.",
        // "fr": "",
        // "hu": "",
        // "it": "",
        // "ja": "",
        // "pt": "",
        // "ru": "",
        // "tr": "",
        "zh": "意式特浓马丁尼。酒和咖啡，是个人的最爱。",
    }
}
