{
    "Name": "Bloody Mary",
    "Description": "Don't say it more than once.",
    "Category": "Cooking",
    "Edibility": 55,
    "EdibleIsDrink": true,
    "EdibleBuffs":
    {
        "Farming": 0,
        "Fishing": 0,
        "Mining": 0,
        "Luck": 0,
        "Foraging": 0,
        "MaxStamina": 0,
        "MagnetRadius": 0,
        "Speed": -1,
        "Defense": 0,
        "Attack": 0,
        "Duration": 100,
    },
    "Price": 600,
    "IsColored": false,
    "CanPurchase": true,
    "PurchaseFrom": "Gus",
    "PurchasePrice": 600,
    "Recipe":
    {
        "ResultCount": 1,
        "Ingredients": [
        {
            "Object": "Vodka",
            "Count": 1,
        },
        {
            "Object": "Celery",
            "Count": 1,
        },
        {
            "Object": "Hot Sauce",
            "Count": 1,
        },
        {
            "Object": 152,
            "Count": 1,
        }],
        "CanPurchase": true,
        "PurchaseFrom": "Gus",
        "PurchasePrice": 1440,
        "PurchaseRequirements": ["y 2", ],
    },

    "NameLocalization":
    {
        "es": "Bloody Mary",
        "ko": "블러디 메리",
        "de": "Bloody Mary",
        // "fr": "",
        // "hu": "",
        // "it": "",
        // "ja": "",
        // "pt": "",
        // "ru": "",
        // "tr": "",
        "zh": "血腥玛丽",
    },
    "DescriptionLocalization":
    {
        "es": "No lo digas más de una vez.",
        "ko": "한 번 이상 말하지 마세요.",
        "de": "Sag es nicht mehr als einmal.",
        // "fr": "",
        // "hu": "",
        // "it": "",
        // "ja": "",
        // "pt": "",
        // "ru": "",
        // "tr": "",
        "zh": "血腥玛丽。只说一次就够了。",
    }
}
