{
    "Name": "Latte",
    "Description": "It's a shot of espresso and a pint of milk, whipped into a frothy concoction.",
    "Category": "Cooking",
    "Edibility": 10,
    "EdibleIsDrink": true,
    "EdibleBuffs":
    {
        "Farming": 0,
        "Fishing": 0,
        "Mining": 0,
        "Luck": 0,
        "Foraging": 0,
        "MaxStamina": 0,
        "MagnetRadius": 0,
        "Speed": 2,
        "Defense": 0,
        "Attack": 0,
        "Duration": 120,
    },
    "Price": 300,
    "IsColored": false,
    "Recipe":
    {
        "ResultCount": 1,
        "Ingredients": [
        {
            "Object": 395,
            "Count": 1,
        },
        {
            "Object": -6,
            "Count": 1,
        }],
        "IsDefault": false,
        "CanPurchase": false,
    },
    "NameLocalization":
    {
        "es": "Latte",
        "ko": "라떼",
        "de": "Latte Macchiato",
         // "fr": "",
         // "hu": "",
         // "it": "",
         // "ja": "",
        "pt": "Leite com Café",
         // "ru": "",
         // "tr": "",
        "zh": "拿铁咖啡",
    },
    "DescriptionLocalization":
    {
        "es": "Es un trago de espresso y una pinta de leche, batida en un licor espumoso.",
        "ko": "에스프레소에 거품을 일으킨 뜨거운 우유를 섞어 만든 것.",
        "de": "Es ist ein Schuss Espresso und ein halbe Liter Milch, die zu einem schaumigen Gebräu aufgeschlagen werden.",
         // "fr": "",
         // "hu": "",
         // "it": "",
         // "ja": "",
        "pt": "É uma dose de expresso e um litro de leite, misturado em uma mistura espumante.",
         // "ru": "",
         // "tr": "",
        "zh": "拿铁咖啡。由咖啡和牛奶搅拌制成。",
    }
}