﻿{
    "Name": "Ancient Flower",
    "Description": "This flower was gifted to loved ones in ancient times.",
    "Category": "Flower",
    "Edibility": 5,
    "EdibleIsDrink": false,
    "Price": 500,
    "IsColored": true,
    "Recipe": null,
    "GiftTastes":
    {
        "Love": ["Haley", "Emily", "Leah", "Evelyn", "Elliott"]
    },
    "NameLocalization":
    {
        "es": "Flor Antigua",
        "ko": "고대의 꽃",
        "de": "Alte Blume",
        "fr": "Fleur Ancienne",
        //"hu": "",
        //"it": "",
        "ja": "古代の花",
        "pt": "Flor Antiga",
        "ru": "Древний цветок",
        //"tr": "",
        "zh": "远古之花"
    },
    "DescriptionLocalization":
    {
        "es": "Esta flor era regalada en tiempos antiguos a personas amadas.",
        "ko": "먼 옛날, 사랑하는 이에게 선물하는 꽃이었다고 합니다.",
        "de": "Diese Blume wurde in der Antike geliebten Menschen geschenkt.",
        "fr": "Cette fleur était offerte aux êtres chers dans les temps anciens.",
        //"hu": "",
        //"it": "",
        "ja": "いにしえの時代、この花は彼らの最愛の人に贈られた。",
        "pt": "Esta flor era dada como presente a pessoas amadas antigamente.",
        "ru": "В древние времена этот цветок дарили своим возлюбленным.",
        //"tr": "",
        "zh": "这朵花是古代送给亲人的礼物"
    },
    "ContextTags": [
        "color_red",
        "flower_item"
    ]
}
