{
    "Name": "Dahlia",
    "Product": "Dahlia",
    "SeedName": "Dahlia Seeds",
    "SeedDescription": "Plant in fall. Takes 6 days to produce a big, bright flower.",
    "Type": "Flower",

    "Seasons": ["fall"],
    "Phases": [1, 2, 2, 1],
    "RegrowthPhase": -1,
    "HarvestWithScythe": false,
    "TrellisCrop": false,
    "Colors": [
        "255, 30, 80, 255",
        "255, 70, 15, 255",
        "255, 180, 0, 255"
    ],
    "Bonus":
    {
        "MinimumPerHarvest": 1,
        "MaximumPerHarvest": 1,
        "MaxIncreasePerFarmLevel": 5,
        "ExtraChance": 0.0,
    },
    "SeedPurchaseRequirements": [
        "y 3",
    ],
    "SeedPurchasePrice": 20,
    "SeedNameLocalization":
    {
        "es": "Semillas de dalia",
        "ko": "달리아 씨앗",
        "de": "Dahlie-Saat",
         // "fr": "",
         // "hu": "",
         // "it": "",
         // "ja": "",
        "pt": "Semente de Dália",
         // "ru": "",
         // "tr": "",
        "zh": "大丽花种子",
    },
    "SeedDescriptionLocalization":
    {
        "es": "Plántalas en otoño. Toma 6 días para producir una flor grande y brillante.",
        "ko": "가을에 심습니다. 6일후에 크고 빛나는 꽃이 핍니다.",
        "de": "Pflanze im Herbst. Die Produktion einer großen, leuchtenden Blume dauert 6 Tage.",
         // "fr": "",
         // "hu": "",
         // "it": "",
         // "ja": "",
        "pt": "Plante-a no outono. Demoram 6 dias para crescer uma flor grande e brilhante",
         // "ru": "",
         // "tr": "",
        "zh": "秋天下种。6天产出巨大鲜艳的花朵。",
    }
}