{
    "Name": "Reindeer Marshmellow",
    "Description": "A marshmellow dipped in chocolate with pretzel antlers. It's a cute treat!",
    "Category": "Cooking",
    "Edibility": 48,
    "EdibleIsDrink": false,
    "EdibleBuffs": null,
    "Price": 350,
    "IsColored": false,
    "Recipe":
    {
        "ResultCount": 1,
        "Ingredients": [
        {
            "Object": "Marshmallow Fluff",
            "Count": 1,
        },
        {
            "Object": "Soft Pretzel",
            "Count": 1,
        },
        {
            "Object": "Chocolate",
            "Count": 1,
        }, ],
        "IsDefault": true,
    },
    "GiftTastes":
    {
        "Love": ["Vincent", "Jas"],
        "Like": ["Alex", "Caroline", "Clint", "Demetrius", "Dwarf", "Elliott", "George", "Gus", "Harvey", "Jodi", "Kent", "Leah", "Lewis", "Linus", "Marnie", "Pam", "Penny", "Pierre", "Robin", "Sam", "Sandy", "Shane", "Wizard"],
        "Neutral": ["Emily", "Krobus", "Willy"],
    },
    "NameLocalization":
    {
        // "es": "",
        "ko": "순록 마쉬멜로우",
        "de": "Rentier Marshmellow",
        // "fr": "",
        // "hu": "",
        // "it": "",
        "ja": "トナカイマシュマロ",
        "pt": "Marshmallow de Rena",
        // "ru": "",
        // "tr": "",
        "zh": "圣诞鹿角饼",
    },
    "DescriptionLocalization":
    {
        // "es": "",
        "ko": "초코를 입힌 마시멜로에 프레첼 뿔이 났습니다. 귀여워서 어떻게 먹죠?",
        "de": "Ein in Schokolade getauchter Marshmellow mit Brezelgeweih. Es ist ein süßer Genuss!",
        // "fr": "",
        // "hu": "",
        // "it": "",
        "ja": "プレッツェルの角を付けてチョコに浸したマシュマロ。かわいいお菓子ですね！",
        "pt": "Um marshmellow banhado em chocolate com chifres de pretzel. É um deliciosa mistura!",
        // "ru": "",
        // "tr": "",
        "zh": "圣诞鹿角形状的饼干，用蝴蝶圈饼和蘸满热巧克力的棉花糖加工而成，可爱极了！",
    }
}