{
  "Name": "Potted Wisteria",
  "Description": "A wisteria plant potted in a little wooden pot, complete with a little pergola for it to climb on. Remember to water it!",
  "Price": 1,
  "ProvidesLight": false,
  "Recipe": {
    "ResultCount": 1,
    "Ingredients": [
      {
		  "Object": "Clematis",
		  "Count": 1,
      },
      {
		  "Object": 388,
		  "Count": 10,
      },
	  {
		  "Object": 330,
		  "Count": 10,
	  },
    ],
	"CanPurchase": false,
  },
  "NameLocalization": { 
    "es": "Glicina en maceta",
    "ko": "실내 화초 등나무",
    "de": "Topf Glyzinien",
     // "fr": "",
     // "hu": "",
     // "it": "",
     // "ja": "",
    "pt": "Vaso de Glicínia",
     // "ru": "",
     // "tr": "",
    "zh": "紫藤盆栽",
     },
 "DescriptionLocalization": { 
    "es": "Una planta de glicina en una maceta pequeña de madera, agrega un pequeño enrejado para que pueda trepar. ¡Recuerda regarla!",
    "ko": "작은 나무 화분에 심겨진 등나무 입니다. 물 주는거 잊지마세요!",
    "de": "Eine Glyzinienpflanze in einem kleinen Holztopf mit einer kleinen Pergola, auf die sie klettern kann. Denken Sie daran, es zu gießen!",
     // "fr": "",
     // "hu": "",
     // "it": "",
     // "ja": "",
    "pt": "Uma glicínia em um pequeno vaso de madeira, cresce em uma treliça. Lembre-se sempre de regá-la!",
     // "ru": "",
     // "tr": "",
    "zh": "一个小木盆里的紫藤。记得给它浇水！",
    }
}
