{
  "Name": "Stuffed Petals",
  "Description": "Tulip petals stuffed with goat cheese and herbs.",
  "Category": "Cooking",
  "Edibility": 45,
  "EdibleIsDrink": false,
  "EdibleBuffs": null,
  "Price": 350,
  "IsColored": false,
  "Recipe": {
    "ResultCount": 1,
    "Ingredients": [
      {
        "Object": 591,
        "Count": 1,
      },
      {
        "Object": "Lavender",
        "Count": 1,
      },
	  {
		  "Object": 426,
		  "Count": 1,
	  },
    ],
    "IsDefault": false,
	"CanPurchase": false,
  },
  "NameLocalization": { 
    "es": "Stuffed Petals",
    "ko": "꽃잎 스터프트",
    "de": "Gefüllte Blütenblätter",
     // "fr": "",
     // "hu": "",
     // "it": "",
     // "ja": "",
    "pt": "Pétalas Recheadas",
     // "ru": "",
     // "tr": "",
    "zh": "香草乳酪",
     },
 "DescriptionLocalization": { 
    "es": "Tulip petals stuffed with goat cheese and herbs.",
    "ko": "염소 치즈와 허브로 가득 찬 튤립 꽃잎 스터프트.",
    "de": "Tulpenblüten gefüllt mit Ziegenkäse und Kräutern.",
     // "fr": "",
     // "hu": "",
     // "it": "",
     // "ja": "",
    "pt": "Pétalas recheadas com queijo de cabra e ervas.",
     // "ru": "",
     // "tr": "",
    "zh": "香草乳酪。填充了薰衣草和郁金香的山羊奶酪。",
    }
}