﻿[
    // B E G I N  A N C I E N T  C R O P S  P R O D U C T S

    // Keg

    {
        "ProducerName": "Keg",
        "InputIdentifier": "Ancient Coffee Bean",
        "InputStack": 5,
        "MinutesUntilReady": 120,
        "OutputIdentifier": "Ancient Coffee",
        "Sounds": ["Ship", "bubbles"],
        "PlacingAnimation": "bubbles",
        "PlacingAnimationColorName": "Black",
    },

    // Butter Churn

    {
        "ProducerName": "Butter Churn",
        "InputIdentifier": "Ancient Nut",
        "InputStack": 1,
        "MinutesUntilReady": 680,
        "OutputIdentifier": "Ancient Nut Butter",
        "Sounds": ["Ship"],
    },

    // Oil Maker

    {
        "ProducerName": "Oil Maker",
        "InputIdentifier": "Ancient Nut",
        "InputStack": 1,
        "MinutesUntilReady": 480,
        "OutputIdentifier": "Ancient Nut Milk",
        "Sounds": ["sipTea", "bubbles"],
        "PlacingAnimation": "bubbles",
        "PlacingAnimationColorName": "White",
    },
    {
        "ProducerName": "Oil Maker",
        "InputIdentifier": "Ancient Olive",
        "InputStack": 1,
        "MinutesUntilReady": 600,
        "OutputIdentifier": "Ancient Olive Oil",
        "Sounds": ["sipTea", "bubbles"],
        "PlacingAnimation": "bubbles",
        "PlacingAnimationColorName": "Green",
    },

    // Grinder

    {
        "ProducerName": "Grinder",
        "InputIdentifier": "Ancient Fern",
        "InputStack": 1,
        "MinutesUntilReady": 360,
        "OutputIdentifier": "Ground Herb",
        "OutputName": "Ground {inputName}",
        "OutputTranslationKey": "Grinder.Herb",
        "InputPriceBased": true,
        "OutputPriceIncrement": 0,
        "OutputPriceMultiplier": 1.5,
        "Sounds": ["Ship"],
    },

    // Seed Maker

    {
        "ProducerName": "Seed Maker",
        "InputIdentifier": "Ancient Coffee Bean",
        "IridiumQualityInput":
        {
            "Probability": 1,
            "OutputStack": 4,
            "OutputMaxStack": 6
        }
    },

    // E N D  A N C I E N T  C R O P S  P R O D U C T S
]