{
    "Name": "Morel Kombucha",
    "Description": "A uniquely nutty tea-like drink made from fermented mushrooms.",
    "Category": "ArtisanGoods",
    "Edibility": 6,
    "EdibleIsDrink": true,
    "Price": 200,
    "IsColored": false,
    "Recipe": null,
    "GiftTastes":
    {
        "Love": ["Sebastian"],
        "Like": ["Alex", "Caroline", "Clint", "Demetrius", "Dwarf", "Elliott", "Emily", "Evelyn", "George", "Gus", "Harvey", "Jodi", "Kent", "Leah", "Lewis", "Linus", "Marnie", "Maru", "Pam", "Penny", "Pierre", "Robin", "Sam", "Sandy", "Shane", "Willy", "Wizard"],
        "Dislike": ["Abigail", "Haley", "Jas", "Krobus", "Vincent"],
    },
    "NameLocalization":
    {
        "es": "Mantequilla de nuez",
        "ko": "곰보버섯 콤부차",
        "de": "Morel Kombucha",
        // "fr": "",
        // "hu": "",
        // "it": "",
       "ja": "アミガサダケコンブチャ",
        // "pt": "",
        // "ru": "",
        // "tr": "",
        "zh": "龙葵康普茶",
    },
    "DescriptionLocalization":
    {
        "es": "Una mantequilla crujiente con trozos de nuez.",
        "ko": "발효 버섯으로 만든 콤부차.",
        "de": "Ein einzigartig nussiges Tee-ähnliches Getränk aus fermentierten Pilzen.",
        // "fr": "",
        // "hu": "",
        // "it": "",
       "ja": "キノコを発酵させて作ったナッツのような独特の風味の飲み物。",
        // "pt": "",
        // "ru": "",
        // "tr": "",
        "zh": "一种独特的坚果味的饮料，由发酵的龙葵制成。",
    }
}