{
    "Name": "Olive Oil Mayonnaise",
    "Description": "Mayonnaise made with olive oil.",
    "Category": "ArtisanGoods",
    "Edibility": -300,
    "Price": 240,
    "IsColored": false,
    "Recipe": null,
    "GiftTastes":
    {
        "Like": ["Abigail", "Alex", "Clint", "Demetrius", "Dwarf", "Elliott", "Emily", "Evelyn", "George", "Gus", "Haley", "Harvey", "Jodi", "Kent", "Krobus", "Leah", "Lewis", "Linus", "Marnie", "Maru", "Pam", "Penny", "Pierre", "Robin", "Sandy", "Shane", "Willy", "Wizard"],
        "Dislike": ["Caroline"],
        "Hate": ["Jas", "Sam", "Sebastian", "Vincent"],
    },
    "NameLocalization":
    {
        "es": "Mayonesa de oliva",
        "ko": "올리브유 마요네즈",
        "de": "Olivenöl Mayonnaise",
         // "fr": "",
         // "hu": "",
         // "it": "",
        "ja": "オリーブオイルマヨネーズ",
         // "pt": "",
         // "ru": "",
         // "tr": "",
        "zh": "橄榄油蛋黄酱",
    },
    "DescriptionLocalization":
    {
        "es": "Mayonesa hecha con aceite de oliva.",
        "ko": "올리브유로 만든 마요네즈.",
        "de": "Mayonnaise mit Olivenöl gemacht.",
         // "fr": "",
         // "hu": "",
         // "it": "",
        "ja": "オリーブオイルから作られたマヨネーズ。",
         // "pt": "",
         // "ru": "",
         // "tr": "",
        "zh": "这瓶蛋黄酱由橄榄油制成。",
    }
}