{
    "Name": "Hydrangea",
    "Description": "With large, round flower clusters, this shrub is incredibly popular among gardeners.",
    "Category": "Flower",
    "Edibility": -40,
    "Price": 170,
	"IsColored": true,
	"Recipe": null,
	"NameLocalization": { 
    "es": "Hortensia",
    "ko": "수국",
    "de": "Hortensie",
     // "fr": "",
     // "hu": "",
     // "it": "",
     // "ja": "",
    "pt": "Hortênsia",
     // "ru": "",
     // "tr": "",
    "zh": "绣球花",
     },
 "DescriptionLocalization": { 
    "es": "Con grandes grupos de flores redondas, este arbusto es increíblemente popular entre los jardineros.",
    "ko": "크고 둥근 꽃 군락을 가진 이 관목은 정원사들 사이에서 아주 인기가 높다.",
    "de": "Mit großen, runden Blütenbüscheln ist dieser Strauch bei Gärtnern unglaublich beliebt.",
     // "fr": "",
     // "hu": "",
     // "it": "",
     // "ja": "",
    "pt": "Com grandes conjuntos de flores redondas, este arbusto é incrivelmente popular entre os jardineiros.",
     // "ru": "",
     // "tr": "",
    "zh": "拥有圆形的大花簇，很受园丁们的欢迎。",
    },
    "ContextTags": [
    	"flower_poisonous",
    	"flower_item",
    	"color_blue",
    	"season_summer"
    ]
}
