{
    "Name": "Shaded Violet",
    "Product": "Shaded Violet",
    "SeedName": "Shaded Violet Seeds",
    "SeedDescription": "Plant in spring. Takes 8 days to produce a rich purple flower.",
    "Type": "Flower",

    "Seasons": ["spring"],
    "Phases": [1, 1, 3, 3],
    "RegrowthPhase": -1,
    "HarvestWithScythe": false,
    "TrellisCrop": false,
    "Colors": [
        "151, 80, 217, 255",
        "247, 214, 255, 255",
        "217, 140, 255, 255",
        "190, 83, 97, 255",
        "78, 83, 97, 255",
        "43, 97, 85, 255",
        "247, 48, 98, 255",
        "175, 96, 65, 255",
        "159, 19, 92, 255",
        "50, 13, 109, 255",
        "255, 191, 183, 255",
        "255, 212, 71, 255",
        "112, 3, 83, 255",
        "76, 28, 0, 255",
        "122, 199, 79, 255",
        "161, 207, 107, 255",
        "213, 216, 135, 255",
        "224, 200, 121, 255",
        "232, 116, 97, 255",
        "31, 32, 65, 255",
        "75, 63, 114, 255",
        "65, 123, 90, 255",
        "208, 206, 186, 255",
        "233, 210, 192, 255",
        "72, 86, 150, 255",
        "231, 231, 231, 255",
        "249, 199, 132, 255",
        "252, 122, 30, 255",
        "242, 76, 0, 255",
        "255, 87, 51, 255",
        "255, 189, 51, 255",
        "219, 255, 51, 255",
        "117, 255, 51, 255",
        "51, 255, 87, 255",
        "51, 255, 189, 255",
        "228, 250, 71, 255",
        "71, 250, 183, 255",
        "93, 71, 250, 255",
        "250, 71, 138, 255",
        "71, 98, 250, 255",
        "134, 71, 250, 255",
        "223, 71, 250, 255",
        "250, 71, 188, 255",
        "250, 71, 98, 255",
        "250, 133, 71, 255",
        "255, 248, 23, 255",
        "146, 255, 23, 255",
        "30, 255, 23, 255",
        "23, 255, 132, 255",
        "23, 255, 248, 255",
        "23, 146, 255, 255",
        "110, 130, 255, 255",
        "163, 110, 255, 255",
        "235, 110, 255, 255",
        "255, 110, 203, 255",
        "255, 110, 130, 255",
        "255, 162, 110, 255",
        "255, 110, 251, 255",
        "255, 110, 179, 255",
        "255, 114, 110, 255",
        "255, 187, 110, 255",
        "251, 255, 110, 255",
        "178, 255, 110, 255",
        "255, 211, 12, 255",
        "178, 255, 12, 255",
        "56, 255, 12, 255",
        "12, 255, 90, 255",
        "12, 255, 211, 255",
        "12, 178, 255, 255",
        "255, 145, 141, 255",
        "255, 202, 141, 255",
        "251, 255, 141, 255",
        "194, 255, 141, 255",
        "141, 255, 145, 255",
        "141, 255, 202, 255",
        "125, 127, 255, 255",
        "188, 125, 255, 255",
        "253, 125, 255, 255",
        "255, 125, 192, 255",
        "255, 125, 127, 255",
        "255, 188, 125, 255",
        "255, 125, 192, 255",
        "255, 253, 125, 255",
        "125, 255, 188, 255",
        "208, 255, 125, 255",
        "125, 255, 237, 255",
        "172, 125, 255, 255",
        "255, 125, 143, 255",
        "168, 125, 255, 255",
        "255, 125, 147, 255",
        "212, 255, 125, 255",
        "125, 255, 233, 255",
        "46, 255, 236, 255",
        "132, 46, 255, 255",
        "255, 46, 65, 255",
        "170, 255, 46, 255",
        "255, 46, 239, 255",
        "255, 167, 46, 255",
        "46, 255, 62, 255",
        "46, 134, 255, 255",
        "255, 177, 104, 255",
        "107, 255, 104, 255",
        "104, 182, 255, 255",
        "252, 104, 255, 255",
        "221, 223, 223, 255",
        "221, 221, 223, 255",
        "208, 196, 223, 255",
        "220, 171, 223, 255",
        "199, 146, 223, 255",
        "255, 255, 255, 255",
        "59, 65, 60, 255",
        "157, 181, 178, 255",
        "218, 240, 238, 255",
        "148, 209, 190, 255",
        "125, 223, 100, 255",
        "192, 223, 133, 255",
        "222, 185, 134, 255",
        "219, 108, 121, 255",
        "237, 77, 110, 255",
        "249, 145, 204, 255",
        "226, 175, 222, 255",
        "211, 194, 206, 255",
        "211, 210, 199, 255",
        "226, 225, 185, 255",
        "38, 83, 43, 255",
        "57, 158, 90, 255",
        "90, 188, 185, 255",
        "99, 226, 198, 255",
        "110, 249, 245, 255",
        "183, 240, 173, 255",
        "210, 255, 150, 255",
        "237, 255, 122, 255",
        "232, 211, 63, 255",
        "209, 123, 15, 255",
        "194, 249, 112, 255",
        "68, 52, 79, 255",
        "86, 77, 128, 255",
        "152, 166, 212, 255",
        "211, 252, 213, 255",
        "236, 203, 217, 255",
        "225, 239, 246, 255",
        "151, 210, 251, 255",
        "131, 188, 255, 255",
        "128, 255, 232, 255",
        "189, 217, 191, 255",
        "46, 64, 82, 255",
        "255, 200, 87, 255",
        "255, 255, 255, 255",
        "65, 34, 52, 255",
        "95, 99, 79, 255",
        "155, 196, 203, 255",
        "207, 235, 223, 255",
        "226, 250, 219, 255",
        "219, 239, 188, 255",
        "251, 80, 18, 255",
        "1, 253, 246, 255",
        "203, 186, 237, 255",
        "233, 223, 0, 255",
        "3, 252, 186, 255",
        "0, 0, 0, 255",
        "207, 92, 54, 255",
        "238, 229, 233, 255",
        "124, 124, 124, 255",
        "239, 200, 139, 255",
        "195, 60, 84, 255",
        "37, 78, 112, 255",
        "55, 113, 142, 255",
        "142, 227, 239, 255",
        "174, 243, 231, 255",
        "168, 224, 255, 255",
        "142, 227, 245, 255",
        "112, 202, 209, 255",
        "62, 81, 122, 255",
        "176, 142, 162, 255",
        "136, 90, 137, 255",
        "138, 168, 161, 255",
        "203, 203, 212, 255",
        "209, 180, 144, 255",
        "238, 123, 48, 255",
        "245, 93, 62, 255",
        "135, 142, 136, 255",
        "247, 203, 21, 255",
        "255, 255, 255, 255",
        "118, 190, 208, 255",
        "202, 209, 120, 255",
        "211, 213, 124, 255",
        "199, 170, 116, 255",
        "149, 121, 100, 255",
        "96, 49, 64, 255",
        "227, 216, 241, 255",
        "218, 190, 202, 255",
        "191, 139, 133, 255",
        "173, 138, 100, 255",
        "93, 95, 113, 255",
        "102, 106, 134, 255",
        "120, 138, 163, 255",
        "146, 182, 177, 255",
        "178, 201, 171, 255",
        "232, 221, 181, 255",
        "95, 90, 162, 255",
        "53, 86, 145, 255",
    ],
    "Bonus":
    {
        "MinimumPerHarvest": 1,
        "MaximumPerHarvest": 1,
        "MaxIncreasePerFarmLevel": 5,
        "ExtraChance": 0.0,
    },

    "SeedPurchasePrice": 30,
    "SeedNameLocalization":
    {
        "es": "Semillas de violeta africana",
        "ko": "짙은 제비꽃 씨앗",
        "de": "Veilchen-Saat",
        "fr": "Graines de Violette",
         // "hu": "",
         // "it": "",
        "ja": "スミレの種",
        "pt": "Semente de violeta sombreada",
        "ru": "Семена теневой фиалки",
         // "tr": "",
        "zh": "紫罗兰种子",
    },
    "SeedDescriptionLocalization":
    {
        "es": "Plántalas en primavera. Toma 6 días para producir una rica flor morada.",
        "ko": "봄에 심으세요. 8일 후 진한 보라빛의 꽃이 핍니다.",
        "de": "Pflanze sie im Frühling. Wächst in 8 Tagen zu einer kräftig-lilafarbenen Blume heran.",
        "fr": "Planter au printemps. Prend 8 jours pour produire une fleur pourpre riche.",
         // "hu": "",
         // "it": "",
        "ja": "春植えの花。8日かけて高貴な色の花を咲かせる。色は咲いてのおたのしみ。",
        "pt": "Plante-as na primavera. Demoram 8 dias para produzir uma rica flor roxa.",
        "ru": "Сажайте весной. Через 8 дней вырастает ярко-фиолетовый цветок.",
         // "tr": "",
        "zh": "春天播种。8天后可收获很多紫色的花。",
    }
}
