{
  "Name": "Violet",
  "Description": "A hardy plant that flowers in the spring. Has a variety of uses.",
  "Category": "Flower",
  "Edibility": 22,
  "Price": 90,
  "IsColored": true,
  "Recipe": null,
  "NameLocalization": { 
    "es": "Violeta",
    "ko": "제비꽃",
    "de": "Violett",
     // "fr": "",
     // "hu": "",
     // "it": "",
     // "ja": "",
    "pt": "Violeta",
     // "ru": "",
     // "tr": "",
    "zh": "紫罗兰花",
     },
 "DescriptionLocalization": { 
    "es": "Una planta resistente que florece en la primavera. Tiene muchos usos.",
    "ko": "봄에 꽃이 피는 생명력이 강한 식물. 다양한 용도로 사용됩니다.",
    "de": "Eine winterharte Pflanze, die im Frühling blüht. Vielfältig einsetzbar.",
     // "fr": "",
     // "hu": "",
     // "it": "",
     // "ja": "",
    "pt": "Uma planta resistente que floresce na primavera. Tem uma variedade de usos.",
     // "ru": "",
     // "tr": "",
    "zh": "一种在春天开花的耐寒植物。有多种用途。",
    },
    "ContextTags": [
    	"color_purple",
    	"flower_item",
    	"season_spring"
    ]
}