{
  "Name": "Potted English Rose",
  "Description": "A rose potted in a little wooden pot. Remember to water it!",
  "Price": 1,
  "ProvidesLight": false,
  "Recipe": {
    "ResultCount": 1,
    "Ingredients": [
      {
		  "Object": "English Rose",
		  "Count": 1,
      },
      {
		  "Object": 388,
		  "Count": 10,
      },
	  {
		  "Object": 330,
		  "Count": 10,
	  },
    ],
	"CanPurchase": false,
  },
  "NameLocalization": { 
    "es": "Rosa inglesa en maceta",
    "ko": "실내 화초 잉글리쉬 장미",
    "de": "Eingemachte englische Rose",
     // "fr": "",
     // "hu": "",
     // "it": "",
     // "ja": "",
    "pt": "Vaso de Rosa Inglesa",
     // "ru": "",
     // "tr": "",
    "zh": "英伦玫瑰",
     },
 "DescriptionLocalization": { 
    "es": "Una rosa en una pequeña maceta de madera. ¡Recuerda regarla!",
    "ko": "작은 나무 화분에 심겨진 잉글리쉬 장미 입니다. 물 주는거 잊지마세요!",
    "de": "Eine Rose in einem kleinen Holztopf. Denken Sie daran, es zu gießen!",
     // "fr": "",
     // "hu": "",
     // "it": "",
     // "ja": "",
    "pt": "Uma rosa em um pequeno vaso de madeira. Lembre-se sempre de regá-la!",
     // "ru": "",
     // "tr": "",
    "zh": "一个小木盆里的英伦玫瑰。记得给它浇水！",
    }
}
