{
    "Name": "Handmade Soap",
    "Description": "A scented bar of artisanal soap.",
    "Category": "ArtisanGoods",
    "Edibility": -300,
    "Price": 200,
    "IsColored": false,
    "Recipe": null,
    "GiftTastes":
    {
        "Love": ["Emily", "Sandy"],
        "Like": ["Evelyn", "Caroline", "Jodi", "Linus", "Penny", "Marnie", "Leah", "Robin"],
        "Neutral": ["Clint", "George", "Sebastian", "Abigail", "Alex", "Demetrius", "Dwarf", "Elliott", "Gus", "Haley", "Harvey", "Jas", "Kent", "Krobus", "Lewis", "Maru", "Pam", "Pierre", "Sam", "Shane", "Vincent", "Willy", "Wizard"],
    },
    "NameLocalization":
    {
        "es": "Jabón para manos",
        "ko": "수제 비누",
        "de": "Handgemachte Seife",
         // "fr": "",
         // "hu": "",
         // "it": "",
        "ja": "お手製石けん",
         // "pt": "",
         // "ru": "",
         // "tr": "",
        "zh": "手工香皂",
    },
    "DescriptionLocalization":
    {
        "es": "Una barra perfumada de jabón artesanal.",
        "ko": "향기로운 향이 나는 비누.",
        "de": "Ein duftendes Stück handwerklich hergestellter Seife.",
         // "fr": "",
         // "hu": "",
         // "it": "",
        "ja": "いい香りがする手作りの石けん。",
         // "pt": "",
         // "ru": "",
         // "tr": "",
        "zh": "一块有香味的手工肥皂。",
    }
}