{
    "Name": "Boiled Greens",
    "Description": "It's bitter, but it's healthy.",
    "Category": "Cooking",
    "Edibility": 80,
    "EdibleIsDrink": false,
    "EdibleBuffs": null,
    "Price": 200,
    "IsColored": false,
    "Recipe":
    {
        "ResultCount": 1,
        "Ingredients": [
        {
            "Object": "Daisy",
            "Count": 1,
        },
        {
            "Object": "Chrysanthemum",
            "Count": 1,
        },
        {
            "Object": 278,
            "Count": 1,
        }, ],
        "IsDefault": false,
        "CanPurchase": false,
    },
    "GiftTastes":
    {
        "Love": ["Leah", "George"],
        "Like": ["Harvey", "Demetrius", "Linus"],
        "Neutral": ["Emily", "Evelyn", "Wizard", ],
        "Dislike": ["Abigail", "Elliott", "Penny", "Caroline", "Maru", "Gus", "Pierre", "Jodi", "Kent", "Lewis", "Marnie", "Shane", "Willy", "Robin", "Alex", "Dwarf", "Krobus", "Sam", "Pam", "Sebastian"],
        "Hate": ["Sandy", "Clint", "Haley", "Jas", "Vincent"]
    },
    "NameLocalization":
    {
        "es": "Verduras hervidas",
        "ko": "삶은 채소",
        "de": "Gekochtes Grüns",
         // "fr": "",
         // "hu": "",
         // "it": "",
         // "ja": "",
        "pt": "Cozido Verde",
         // "ru": "",
         // "tr": "",
        "zh": "煮青蔬",
    },
    "DescriptionLocalization":
    {
        "es": "Amargo, pero saludable.",
        "ko": "쓴 맛이 있지만 건강합니다.",
        "de": "Es ist bitter, aber gesund.",
         // "fr": "",
         // "hu": "",
         // "it": "",
         // "ja": "",
        "pt": "É amargo, mas é saudável.",
         // "ru": "",
         // "tr": "",
        "zh": "它很苦，但很健康。",
    }
}