{
  "Format": "1.9",
  "Changes": [
 {       
	 "LogName": "Ancient Flower & Tuber",
	 "Action": "EditData",
	 "Target": "data/events/farm",
	 "Entries": {
     "444810001/s 454 5/x ancient1flower": "null",
	 "444810002/s {{spacechase0.JsonAssets/ObjectId:Ancient Flower}} 5/x ancient1tuber": "null",
	 },
	 },
	 {
	 "LogName": "Ancient Fern",
	 "Action": "EditData",
	 "Target": "data/events/farm",
	 "When": {"HasReadLetter:ancient1nut1":true},
	 "Entries": {
	 
	 "444810003/s {{spacechase0.JsonAssets/ObjectId:Ancient Nut}} 5/f Caroline 2500/f Clint 2500/f Demetrius 2500/f Dwarf 2500/f Evelyn 2500/f George 2500/f Gus 2500/f Jas 2500/f Jodi 2500/f Kent 2500/f Krobus 2500/f Lewis 2500/f Linus 2500/f Pam 2500/f Pierre 2500/f Robin 2500/f Sandy 2500/f Vincent 2500/f Willy 2500/f Wizard 2500/x ancient1fern": "null",
	 },
	 },
	 {
	 "LogName": "Ancient Fern",
	 "Action": "EditData",
	 "Target": "data/events/farm",
	 "When": {"HasReadLetter:ancient1nut":true},
	 "Entries": {
	 
	 "444810003/s {{spacechase0.JsonAssets/ObjectId:Ancient Nut}} 5/f Caroline 2500/f Clint 2500/f Demetrius 2500/f Dwarf 2500/f Evelyn 2500/f George 2500/f Gus 2500/f Jas 2500/f Jodi 2500/f Kent 2500/f Krobus 2500/f Lewis 2500/f Linus 2500/f Pam 2500/f Pierre 2500/f Robin 2500/f Sandy 2500/f Vincent 2500/f Willy 2500/f Wizard 2500/x ancient1fern": "null",
	 },
	 },
	 {
	 "LogName": "Skill Challenge",
	 "Action": "EditData",
	 "Target": "data/events/farm",
	 "When": {	 
	  "HasFlag:qiChallengeComplete":true},
	  "Entries": {
	 "444810008/s {{spacechase0.JsonAssets/ObjectId:Ancient Fern}} 5/x skillschallenge": "null",
	 },
	 },
	 {
	 "LogName": "Ancient Coffee",
	 "Action": "EditData",
	 "Target": "data/events/farm",
	 "When": {"HasReadLetter:skillschallenge":true,
	 "SkillLevel:Combat": "10,11,12,13,14,15,16,17,18,19,20",
	 "SkillLevel:Farming": "10,11,12,13,14,15,16,17,18,19,20",
	 "SkillLevel:Fishing": "10,11,12,13,14,15,16,17,18,19,20",
	 "SkillLevel:Foraging": "10,11,12,13,14,15,16,17,18,19,20",
	 "SkillLevel:Mining": "10,11,12,13,14,15,16,17,18,19,20"},
	 "Entries": {
	 "444810007/m 10/x ancient1coffee": "null"
	 },
	 },
	 {
	 "LogName": "Ancient Olive",
	 "Action": "EditData",
	 "Target": "data/events/farm",
	 "When": {"HasReadLetter:ancient1coffee":true},
	 "Entries": {
	 "444810005/s {{spacechase0.JsonAssets/ObjectId:Ancient Coffee}} 1/x ancient1olive": "null",
	 },
	 },
	 {
	 "LogName": "Fiona's Prize",
	 "Action": "EditData",
	 "Target": "data/events/farm",
	 "When": {"HasReadLetter:ancient1olive":true},
	 "Entries": {
	 "444810006/s {{spacechase0.JsonAssets/ObjectId:Ancient Olive}} 5/x legendaryfarmer": "null",
	 },
	 },
	 {
	 "LogName": "Ancient Tuber CC",       
	 "Action": "EditData",
	 "Target": "data/events/farm",
	 "When": {"IsCommunityCenterComplete":true,
			  "HasReadLetter:ancient1tuber":true},
	 "Entries": {
     "444810004/s {{spacechase0.JsonAssets/ObjectId:Ancient Tuber}} 5/x ancient1nut": "null",
	 },
	 },
	 {
	 "LogName": "Ancient Tuber Joja",
	 "Action": "EditData",
	 "Target": "data/events/farm",
	 "When": {"HasFlag": "jojaBoilerRoom,jojaCraftsRoom,jojaFishTank,jojaPantry,jojaVault",
			  "HasReadLetter:ancient1tuber":true},
	 "Entries": {
     "444810004/s {{spacechase0.JsonAssets/ObjectId:Ancient Tuber}} 5/x ancient1nut1": "null",
	 
	 },
	 },
	{
	"LogName": "Letters",
	"Action": "EditData",
	"Target": "Data/Mail",
	"Entries": {
		"ancient1flower": "Hey @,^^  I hear you've successfully grown that ancient seed I taught you to craft. I’ve got some more seeds for you to try your hand at, if you’re up to it. Try planting these during Spring, but be aware that they’re the last existing seeds of their kind in the whole world. If you want to plant these flowers again, you'll need to reproduce them using a seed maker.^^  -Gunther %item object {{spacechase0.JsonAssets/ObjectId:Ancient Flower Seeds}} 10 %%",
		"ancient1tuber": "Good morning @,^^  Congratulations on growing the ancient flowers! Those flowers were extinct and the seeds I sent you were the last ones we had. No other farmer or scientist managed to do what you did!^^ I am giving you another type of ancient seeds with the hopes that you can revive this species as well. These are seeds from an ancient tuber plant. They should be more challenging, but I trust you can do it! Also, don't forget to save some, so you can reproduce the seeds with a seed maker.^^  -Gunther %item object {{spacechase0.JsonAssets/ObjectId:Ancient Tuber Seeds}} 10 %%",
		"ancient1fern": "You've received a mysterious package with a note that says: You've made everyone around you happier,so I hope this little gift can make you happy. %item object {{spacechase0.JsonAssets/ObjectId:Ancient Fern Seeds}} 2 %%",
		"ancient1nut": "You've received a mysterious package with a note that says: This is a small token of gratitude for all the gifts! %item object {{spacechase0.JsonAssets/ObjectId:Ancient Nut Seeds}} 2 %%",
		"ancient1nut1": "Hey @,^^  As a token of gratitude for helping me get the big promotion, here’s a little gift that my workers dug up during the renovation. I’m not sure if this still can be planted, but perhaps you can put it to good use.^^  -Morris %item object {{spacechase0.JsonAssets/ObjectId:Ancient Nut Seeds}} 2 %%",
		"ancient1olive": "Hey @,^^  You’ve been a boon to scientific community in restoring several extinct plants, but there is still one missing! This is an ancient olive seed. It's one of a kind and the last hope for this plant. Could you please try to grow it?^^Thank you for all your efforts!^^  -Gunther %item object {{spacechase0.JsonAssets/ObjectId:Ancient Olive Seeds}} 1 %%",
		"legendaryfarmer": "Dear @,^^  This letter is to inform you that you are being awarded the Fiona Prize for your significant contributions to the field of botany. In addition to your new title, enclosed is a gift to show our collective gratitude. As president of the International Committee of Plant Sciences, I wanted to write to thank you personally for bringing back seven ancient species long thought to be forever extinct. The specimens that your colleague Gunther have given us will surely fuel new discoveries for many years to come.^^  Sincerely, Dr. Jacob Lewitt  %item object 434 1 %%",
		"skillschallenge": "Hey kid,^^ I hear you've grown some ancient crops. I have a rare ancient coffee bean here and I'll reward you with it if you manage to refine all your skills to their full potential.^^ -Qi.",
		"ancient1coffee": "You've done it again kid, you really are something. As promised, here’s your reward. Keep striving for excellence.^^ -Qi%item object {{spacechase0.JsonAssets/ObjectId:Ancient Coffee Bean}} 1 %%",		
		},
		},
	{
	"LogName": "Letters",
	"Action": "EditData",
	"Target": "Data/Mail",
	"When": {"Language":"ko"},
	"Entries":{
		"ancient1flower": "@,^^  제가 알려드린 고대의 씨앗 제작법으로 고대의 식물을 키웠다는 소식을 들었습니다. 저한테 몆가지 씨앗이 더 있는데, 한번 시도해 보심이 어떤지요. 봄에 심어야 할 겁니다. 하지만 이 씨앗들은 전 세계에서 마지막으로 남은 것들이라는 걸 잊지 마십시오. 이 꽃들을 다시 심고 싶다면 씨앗 생성기에 넣어야 할 겁니다.^^  -군터 %item object {{spacechase0.JsonAssets/ObjectId:Ancient Flower Seeds}} 10 %%",
		"ancient1tuber": "@,^^  해냈군요! 이 꽃들은 오랫동안 멸종한 것으로 알려져 있었고, 우리가 가지고 있던 게 마지막이었지요. 그 어떤 농부나 과학자도 그걸 해낼 수는 없었는데!^^ 또 다른 고대 씨앗을 보냅니다. 혹시 살려낼 수 있을까요? 이것들은 고대의 덩이줄기를 키울 수 있는 씨앗입니다. 좀 어렵겠지만 당신이라면 할 수 있다고 믿습니다! 씨앗 제조기로 씨앗을 만들 수 있게 몇 개 남겨두는 걸 잊지 마세요.^^  -군터 %item object {{spacechase0.JsonAssets/ObjectId:Ancient Tuber Seeds}} 10 %%",
		"ancient1fern": "정체불명의 소포와 쪽지를 받았습니다: 네 주변의 모두를 행복하게 했으니, 이제 이 선물을 받고 네가 행복해졌으면 좋겠다. %item object {{spacechase0.JsonAssets/ObjectId:Ancient Fern Seeds}} 2 %%",
		"ancient1nut": "정체불명의 소포와 쪽지를 받았습니다: 많은 선물들을 줘서 정말 고마워요! %item object {{spacechase0.JsonAssets/ObjectId:Ancient Nut Seeds}} 2 %%",
		"ancient1nut1": "@님께,^^ 덕분에 최근 몇 단계나 승진을 했습니다! 답례로 이걸 보내지요. 재건 공사 중 인부들이 이런 걸 발견했는데, 아직 자랄 수 있을지 모르겠군요.^^  -모리스 %item object {{spacechase0.JsonAssets/ObjectId:Ancient Nut Seeds}} 2 %%",
		"ancient1olive": "@,^^  최근 멸종한 식물들을 되살려내 식물학계에 엄청난 공헌을 했지만, 아직 하나가 남아있어요! 이것은 고대의 올리브 씨앗입니다. 이 식물종의 마지막 생존자지요. 한번 키워보시겠습니까? ^^당신의 수고에 한번 더 감사인사를 드리며,^^  -군터 %item object {{spacechase0.JsonAssets/ObjectId:Ancient Olive Seeds}} 1 %%",
		"legendaryfarmer": "@귀하,^^  귀하는 식물학계에 중대한 공헌을 하였으며, 그 공로로 피오나 상을 수상하게 되었음을 알려드립니다. 이와 함께, 저희의 감사의 표시로 선물을 동봉했습니다. 국제식물학회의 회장으로서 일곱 가지나 되는 멸종한 식물들을 되살려 낸 데 대해 개인적으로 심심한 감사의 인사를 드립니다. 당신의 동료, 군터가 보내준 표본들은 오랫동안 중대한 발견들의 원천이 될 것입니다.^^  제이콥 루잇 박사  %item object 434 1 %%",
		"skillschallenge": "이봐 꼬마야,^^ 고대의 작물을 키우고 있다고 들었다. 내가 가지고 있는 희귀한 고대의 커피콩을 보내줄 수 있지. 단, 네가 하는 모든 일에서 최고의 수준을 달성한다면 말이지. ^^ -미스터 치.",
		"ancient1coffee": "해냈구나 꼬마야. 엄청난데. 약속대로 너의 상을 보내주마. 항상 최고만을 위해 노력해라.^^ -미스터 치%item object {{spacechase0.JsonAssets/ObjectId:Ancient Coffee Bean}} 1 %%",					
		},
		},
	{
	"LogName": "Letters",
	"Action": "EditData",
	"Target": "Data/Mail",
	"When": {"Language":"zh"},
	"Entries":{
		"ancient1flower": "嗨 @,^^  我听说你成功地种下了我教你做的那种古老的种子。我还有一些种子给你试试，如果你能行的话。试着在春天种下这些种子，但要知道，它们是世界上仅存的同类种子。如果你想再次种植这些花，你需要用制种机来繁殖它们。^^  -冈瑟 %item object {{spacechase0.JsonAssets/ObjectId:Ancient Flower Seeds}} 10 %%",
		"ancient1tuber": "早上好 @,^^  祝贺你种出这些古老的花!那些花已经绝种了，我送给你的是我们最后的种子。没有其他农民或科学家能做到你所做的!^^我给你们另一种古老的种子，希望你们也能让这个物种复活。这些是一种古老块茎植物的种子。他们应该更具挑战性，但我相信你能做到!另外，不要忘记保存一些，这样你就可以用制种机来繁殖种子。^^  -冈瑟 %item object {{spacechase0.JsonAssets/ObjectId:Ancient Tuber Seeds}} 10 %%",
		"ancient1fern": "你收到了一个神秘的包裹，上面写着:你让你周围的人都开心了，所以我希望这个小礼物能让你开心。 %item object {{spacechase0.JsonAssets/ObjectId:Ancient Fern Seeds}} 2 %%",
		"ancient1nut": "你收到了一个神秘的包裹，上面写着:这是我送给你的所有礼物的一点小小的心意! %item object {{spacechase0.JsonAssets/ObjectId:Ancient Nut Seeds}} 2 %%",
		"ancient1nut1": "嗨 @,^^ 为了感谢你帮我升职，这里有一件小礼物，是我的工人在装修期间挖出来的。我不确定这棵树是否还能种下去，但也许你能好好利用它。^^  -莫尔斯 %item object {{spacechase0.JsonAssets/ObjectId:Ancient Nut Seeds}} 2 %%",
		"ancient1olive": "Hey @,^^  在恢复几种已经灭绝的植物方面，你对科学界是一个恩惠，但是还有一种植物不见了!这是一颗古老的橄榄籽。这是这种植物的一种，也是最后的希望。你能试着种一下吗?^^谢谢你的努力!^^  -冈瑟 %item object {{spacechase0.JsonAssets/ObjectId:Ancient Olive Seeds}} 1 %%",
		"legendaryfarmer": "亲爱的 @,^^  这封信是要通知你，你将被授予菲奥娜奖，因为你在植物学领域的重大贡献。除了您的新头衔，随信附上一份礼物，以表示我们的共同感谢。作为国际植物科学委员会主席，我想亲自写信感谢你们带回了7个长期以来被认为永远灭绝的古老物种。你的同事冈瑟给我们的标本肯定会在未来许多年推动新的发现。真诚的雅各布·勒维特博士  %item object 434 1 %%",
		"skillschallenge": "我的孩子,^^ 我听说你种了一些古老的农作物。我这里有一颗稀有的古代咖啡豆，如果你能把你所有的技能都发挥到极致，我将奖励你。^^ -齐先生.",
		"ancient1coffee": "你又来了，孩子，你真了不起。正如承诺的，这是你的报酬。不断追求卓越。^^ -齐先生%item object {{spacechase0.JsonAssets/ObjectId:Ancient Coffee Bean}} 1 %%",			
		},
		},
	]
}
