{
    "Name": "Clematis",
    "Description": "A flowering vine that blooms in the fall. Popular among gardeners.",
    "Category": "Flower",
    "Edibility": -20,
    "Price": 60,
    "IsColored": false,
    "Recipe": null,
    "GiftTastes":
    {
        "Love": ["Maru"],
        "Like": ["Elliott", "Harvey", "Sam", "Emily", "Haley", "Leah", "Penny", "Abigail", "Demetrius", "Evelyn", "Jas", "Jodi", "Kent", "Lewis", "Linus", "Marnie", "Robin", "Sandy", "Carloine"],
        "Neutral": ["Alex", "Shane", "Dwarf", "Gus", "Krobus", "Pam", "Pierre", "Vincent", "Willy", "Wizard"],
        "Dislike": ["Sebastian", "Clint", "George"],
    },
    "NameLocalization":
    {
        "es": "Clemátide",
        "ko": "클레머티스",
        "de": "Klematis",
         // "fr": "",
         // "hu": "",
         // "it": "",
         // "ja": "",
        "pt": "Atragene",
         // "ru": "",
         // "tr": "",
        "zh": "铁线莲",
    },
    "DescriptionLocalization":
    {
        "es": "Una enredadera floreciente que florece en otoño. Popular entre los jardineros.",
        "ko": "가을에 피는 덩굴의 꽃. 정원사들 사이에서 인기가 있다.",
        "de": "Eine blühende Rebe, die im Herbst blüht. Beliebt bei Gärtnern.",
         // "fr": "",
         // "hu": "",
         // "it": "",
         // "ja": "",
        "pt": "Uma videira que floresce no outono. Popular entre jardineiros.",
         // "ru": "",
         // "tr": "",
        "zh": "秋天开花的藤蔓植物。很受园丁欢迎。",
    },
    "ContextTags": [
    	"color_purple",
    	"flower_poisonous",
    	"flower_item",
    	"season_fall"
    ]
}