{
    "Name": "Hot Irish Coffee",
    "Description": "Hot coffee and whiskey, together at last!",
    "Category": "ArtisanGoods",
    "Edibility": 30,
    "EdibleIsDrink": true,
    "EdibleBuffs":
    {
        "Farming": 0,
        "Fishing": 0,
        "Mining": 0,
        "Luck": 2,
        "Foraging": 0,
        "MaxStamina": 0,
        "MagnetRadius": 0,
        "Speed": 0,
        "Defense": -1,
        "Attack": 1,
        "Duration": 180,
    },
    "CanPurchase": true,
    "PurchaseFrom": "Gus",
    "PurchasePrice": 1500,
    "PurchaseRequirements": null,
    "Price": 500,
    "IsColored": false,
    "Recipe": null,
    "NameLocalization":
    {
        "es": "Café irlandés caliente",
        "ko": "핫 아이리시 커피",
        "de": "Heißer Irish Coffee",
         // "fr": "",
         // "hu": "",
         // "it": "",
        "ja": "アイリッシュコーヒー",
         // "pt": "",
         // "ru": "",
         // "tr": "",
        "zh": "热爱尔兰咖啡",
    },
    "DescriptionLocalization":
    {
        "es": "Café caliente con whisky, ¡por fin juntos!",
        "ko": "뜨거운 커피와 위스키의 조합!",
        "de": "Endlich heißer Kaffee und Whiskey zusammen!",
         // "fr": "",
         // "hu": "",
         // "it": "",
        "ja": "ホットコーヒーとウィスキーをとうとう一緒に！",
         // "pt": "",
         // "ru": "",
         // "tr": "",
        "zh": "热咖啡和威士忌终于凑在一起了！",
    }
}