﻿{
    "Name": "Ancient Flower",
    "Product": "Ancient Flower",
    "SeedName": "Ancient Flower Seeds",
    "SeedDescription": "Plant in spring, summer or fall. Takes 8 days to produce flowers.",
    "Type": "Flower",
    "Seasons": ["spring", "summer", "fall"],
    "Phases": [1, 2, 2, 2, 1],
    "RegrowthPhase": -1,
    "HarvestWithScythe": false,
    "TrellisCrop": false,
    "Colors": ["227, 109, 103, 255",
        "227, 137, 86, 255",
        "191, 145, 245, 255",
        "102, 212, 239, 255"
    ],
    "Bonus":
    {
        "MinimumPerHarvest": 1,
        "MaximumPerHarvest": 1,
        "MaxIncreasePerFarmLevel": 10,
        "ExtraChance": 0.0
    },
    "CanPurchase": true,
	"SeedPurchasePrice": 300,
	"SeedPurchaseFrom": "DONTSELLTHISATNPC",
    "SeedPurchaseRequirements": null,
    "SeedNameLocalization":
    {
        "es": "Semillas de Flores Antiguas",
        "ko": "고대 꽃 씨앗",
        "de": "Alte Blumensamen",
        "fr": "Graines De Fleurs Anciennes",
        //"hu": "",
        //"it": "",
        "ja": "古代の花の種",
        "pt": "Sementes Antigas de Flores",
        "ru": "Семена древнего цветка",
        //"tr": "",
        "zh": "远古之花种子"
    },
    "SeedDescriptionLocalization":
    {
        "es": "Plantalas en primavera, verano o otoño. Tarda 8 días en producir flores.",
        "ko": "봄, 여름, 또는 가을 작물. 꽃을 피우는데 8일이 소요됩니다.",
        "de": "Pflanze dies im Frühling, Sommer oder Herbst. Die Herstellung von Blumen dauert 8 Tage.",
        "fr": "À planter au printemps, en été ou en automne. Prends 8 jours pour produire des fleurs.",
        //"hu": "",
        //"it": "",
        "ja": "春、夏、秋植えの花。8日かけて花を咲かせる。",
        "pt": "Plante-as na primavera, verão ou outono. Leva 8 dias para produzir flores.",
        "ru": "Сажайте весной, летом или осенью. Через 8 дней вырастает древний цветок.",
        //"tr": "",
        "zh": "在春季，夏季或秋季种一朵古老的花。花8天的时间才能开花。"
    },
    "ContextTags": [
        "season_spring",
        "season_summer",
        "season_fall",
        "seed_item"
    ]
}
