﻿{
    "Name": "Ancient Olive Plant",
    "Product": "Ancient Olive",
    "SeedName": "Ancient Olive Seeds",
    "SeedDescription": "Plant in spring, summer or fall to grow an ancient olive plant. Takes 46 days to mature, and keeps producing after the first harvest.",
    "Type": "Fruit",
    "Seasons": ["spring", "summer", "fall"],
    "Phases": [6, 10, 12, 12, 6],
    "RegrowthPhase": 4,
    "HarvestWithScythe": false,
    "TrellisCrop": false,
    "Colors": null,
    "Bonus":
    {
        "MinimumPerHarvest": 2,
        "MaximumPerHarvest": 3,
        "MaxIncreasePerFarmLevel": 10,
        "ExtraChance": 0.6,
    },
    "CanPurchase": false,
    "SeedNameLocalization":
    {
        "es": "Semillas de Oliva Antiguas",
        "ko": "고대의 올리브 씨앗",
        //"de": "",
        //"fr": "",
        //"hu": "",
        //"it": "",
        //"ja": "",
        //"pt": "",
        //"ru": "",
        //"tr": "",
        "zh": "远古橄榄种子"
    },
    "SeedDescriptionLocalization":
    {
        "es": "Plantalas en primavera, verano u otoño para cultivar una antigua planta de oliva. Tarda 46 días en madurary continúa produciendo luego de la primer cosecha.",
        "ko": "봄, 여름, 또는 가을 작물. 성장하려면 46일 소요되며, 수확한 후에도 계속 작물이 생산됩니다.",
        //"de": "",
        //"fr": "",
        //"hu": "",
        //"it": "",
        //"ja": "",
        //"pt": "",
        //"ru": "",
        //"tr": "",
        "zh": "在春季、夏季或秋季种植一种古老的橄榄植物。成熟需要46天，并在第一次收获后继续生产。"
    },
    "ContextTags": [
        "season_spring",
        "season_summer",
        "season_fall",
        "seed_item"
    ]
}