{
    "Name": "Pound Cake",
    "Description": "A rich, buttery slice of cake. Goes great with coffee.",
    "Category": "Cooking",
    "Edibility": 35,
    "EdibleIsDrink": false,
    "EdibleBuffs": null,
    "Price": 350,
    "IsColored": false,
    "Recipe":
    {
        "ResultCount": 1,
        "Ingredients": [
        {
            "Object": "Butter",
            "Count": 1,
        },
        {
            "Object": 245,
            "Count": 1,
        },
        {
            "Object": -5,
            "Count": 2,
        }],
        "CanPurchase": true,
        "PurchaseFrom": "Gus",
        "PurchasePrice": 500,
        "PurchaseRequirements": null,
    },
    "NameLocalization":
    {
        "es": "Bizcocho",
        "ko": "파운드 케이크",
        "de": "Pfund-Kuchen",
         // "fr": "",
         // "hu": "",
         // "it": "",
        "ja": "パウンドケーキ",
        "pt": "Bolo de Libra",
        "ru": "Фунтовый кекс",
         // "tr": "",
        "zh": "磅蛋糕",
    },
    "DescriptionLocalization":
    {
        "es": "Una rica rebanada de pastel mantecosa. Queda muy bien con café.",
        "ko": "버터의 맛이 들어간 케이크 조각. 커피와 잘 어울립니다.",
        "de": "Ein gehaltvolles, buttriges Stück Kuchen. Passt hervorragend zum Kaffee.",
         // "fr": "",
         // "hu": "",
         // "it": "",
        "ja": "濃厚でバターのようなケーキ。コーヒーと相性がいい。",
        "pt": "Uma rica fatia de bolo amanteigado, que casa muito bem com café.",
        "ru": "Маслянистый кусок большого кекса. Отлично сочетается с кофе.",
         // "tr": "",
        "zh": "又叫“四分之一蛋糕”，一块丰盛的奶油蛋糕。与咖啡搭配食用效果很好。",
    }
}