﻿{
    "Name": "Ancient Olive Oil",
    "Description": "This extra-virgin olive oil has more flavor than any other you’ve tasted.",
    "Category": "ArtisanGoods",
    "Edibility": -300,
    "EdibleIsDrink": false,
    "Price": 1800,
    "IsColored": false,
    "Recipe": null,
    "GiftTastes":
    {
        "Love": ["Gus", "Evelyn", "Marnie", "Caroline", "Lewis", "Jodi"]
    },
    "NameLocalization":
    {
        "es": "Aceite de Oliva Antiguo",
        "ko": "고대의 올리브유",
        "de": "Altes Olivenöl",
        "fr": "Huile D'Olive Ancienne",
        //"hu": "",
        //"it": "",
        "ja": "古代のオリーブオイル",
        "pt": "Azeite de Oliva Antigo",
        "ru": "Древнее оливковое масло",
        //"tr": "",
        "zh": "远古橄榄油"
    },
    "DescriptionLocalization":
    {
        "es": "Este aceite extra-virgen de oliva tiene más sabor que cualquier otro que hayas probado.",
        "ko": "이 엑스트라-버진 올리브유는 여태껏 맛본 그 어느 것보다도 맛이 풍부합니다. ",
        "de": "Dieses Olivenöl hat mehr Geschmack als jedes andere, das duprobiert hast.",
        "fr": "Cette huile d'olive extra vierge a plus de saveur que toutes les autres que vous avez goûtées.",
        //"hu": "",
        //"it": "",
        "ja": "今まで味わったことがないほど風味豊かなエキストラバージンオイル。",
        "pt": "Este azeite de oliva extra-virgem tem mais sabor do que qualquer outro que já tenha sido provado.",
        "ru": "Вкус этого оливкового масла высшей категории в разы насыщеннее, чем у любого другого, что Вам доводилось пробовать",
        //"tr": "",
        "zh": "这种特级初榨橄榄油比你吃过的任何一种都更有味道。"
    },
    "ContextTags": [
        "color_brown"
    ]
}
