{
    "Name": "Queens Park Swizzle",
    "Description": "Swizzle swizzle swizzle.",
    "Category": "Cooking",
    "Edibility": 33,
    "EdibleIsDrink": true,
    "EdibleBuffs":
    {
        "Farming": 0,
        "Fishing": 0,
        "Mining": 0,
        "Luck": 0,
        "Foraging": 0,
        "MaxStamina": 0,
        "MagnetRadius": 0,
        "Speed": -1,
        "Defense": 0,
        "Attack": 0,
        "Duration": 100,
    },
    "Price": 1000,
    "IsColored": false,
    "CanPurchase": true,
    "PurchaseFrom": "Gus",
    "PurchasePrice": 2000,
    "PurchaseRequirements": null,

    "Recipe":
    {
        "ResultCount": 1,
        "Ingredients": [
        {
            "Object": "Rum",
            "Count": 1,
        },
        {
            "Object": "Lime",
            "Count": 1,
        },
        {
            "Object": "Simple Syrup",
            "Count": 1,
        },
        {
            "Object": "Mint",
            "Count": 1,
        }],
        "CanPurchase": true,
        "PurchaseFrom": "Gus",
        "PurchasePrice": 6000,
        "PurchaseRequirements": null,
    },

    "NameLocalization":
    {
        "es": "Reinas del Parque Swizzle",
        "ko": "퀸즈 파크 스위즐",
        "de": "Queens Park Swizzle",
        // "fr": "",
        // "hu": "",
        // "it": "",
        // "ja": "",
        // "pt": "",
        // "ru": "",
        // "tr": "",
        "zh": "女王公园",
    },
    "DescriptionLocalization":
    {
        "es": "Swizzle swizzle swizzle.",
        "ko": "스위즐 스위즐 스위즐.",
        "de": "Swizzle swizzle swizzle.",
        // "fr": "",
        // "hu": "",
        // "it": "",
        // "ja": "",
        // "pt": "",
        // "ru": "",
        // "tr": "",
        "zh": "女王公园。甜酒，甜酒，甜酒。重要的事说三遍。",
    }
}
