{
    "Name": "Snowman Scenery Cookie",
    "Description": "A hard cookie decorated with a winter scenery.",
    "Category": "Cooking",
    "Edibility": 40,
    "EdibleIsDrink": false,
    "EdibleBuffs": null,
    "Price": 140,
    "IsColored": false,
    "Recipe":
    {
        "ResultCount": 1,
        "Ingredients": [
        {
            "Object": 246,
            "Count": 1,
        },
        {
            "Object": 245,
            "Count": 1,
        },
        {
            "Object": -5,
            "Count": 1,
        }, ],
    },
    "GiftTastes":
    {
        "Like": ["Abigail", "Alex", "Caroline", "Clint", "Demetrius", "Dwarf", "Elliott", "Emily", "Evelyn", "George", "Gus", "Haley", "Jas", "Jodi", "Kent", "Lewis", "Linus", "Marnie", "Maru", "Pam", "Penny", "Pierre", "Robin", "Sam", "Sandy", "Sebastian", "Shane", "Vincent", "Wizard"],
        "Dislike": ["Harvey", "Krobus", "Leah", "Willy"],
    },
    "NameLocalization":
    {
        // "es": "",
        "ko": "눈사람 겨울쿠키",
        "de": "Schneemann Landschaftsplätzchen",
        // "fr": "",
        // "hu": "",
        // "it": "",
        "ja": "雪だるまの風景画のクッキー",
        "pt": "Biscoito de Neve",
        // "ru": "",
        // "tr": "",
        "zh": "雪景饼干",
    },
    "DescriptionLocalization":
    {
        // "es": "",
        "ko": "겨울풍경으로 장식한 딱딱한 쿠키",
        "de": "Ein harter Keks, der mit einer Winterlandschaft verziert wird.",
        // "fr": "",
        // "hu": "",
        // "it": "",
        "ja": "冬の景色が描かれているクッキー。",
        "pt": "Um biscoito duro decorado em formato de cenário de neve.",
        // "ru": "",
        // "tr": "",
        "zh": "一块硬饼干，冬日雪景跃然其上。",
    }
}