{
  "Name": "Veggie Chips",
  "Description": "A bag of dried vegetable pieces.",
  "Category": "ArtisanGoods",
  "Edibility": -300,
  "Price": 25,
  "IsColored": false,
  "Recipe": null,
  "NameLocalization": { 
    "es": "Frituras de verduras",
    "ko": "채소 칩",
    "de": "Gemüse-Chips",
     // "fr": "",
     // "hu": "",
     // "it": "",
     // "ja": "",
    "pt": "Fandangos de Vegetais",
     // "ru": "",
     // "tr": "",
    "zh": "蔬菜脆片",
     },
 "DescriptionLocalization": { 
    "es": "Una bolsa con trozos de vegetales fritos.",
    "ko": "말린 채소 칩으로 가득한 한 봉지.",
    "de": "Eine Tüte mit getrockneten Gemüsestücken.",
     // "fr": "",
     // "hu": "",
     // "it": "",
     // "ja": "",
    "pt": "Um saco com pedaços de vegetais secos.",
     // "ru": "",
     // "tr": "",
    "zh": "蔬菜脆片。一袋干蔬菜片。",
    }
}