{
    "Name": "Bouquet of Hope",
    "Description": "Bright yellow flowers, wrapped into a bouquet. It fills you with hope.",
    "Category": "Crafting",
    "Edibility": -300,
    "Price": 750,
    "IsColored": false,
    "Recipe":
    {
        "ResultCount": 1,
        "Ingredients": [
        {
            "Object": "Chrysanthemum",
            "Count": 1
        },
        {
            "Object": "Magnolia",
            "Count": 1
        },
        {
            "Object": 18,
            "Count": 1
        },
        {
            "Object": 421,
            "Count": 1
        }, ],
        "CanPurchase": false,
    },
    "GiftTastes":
    {
        "Love": ["Jodi", "Penny"],
        "Like": ["Leah", "Sandy", "Abigail", "Elliott", "Maru", "Sam", "Linus", "Gus", "Demetrius", "Evelyn", "Caroline", "Jas", "Vincent", "Willy", "Dwarf", "Kent", "Robin", "Shane"],
        "Neutral": ["Alex", "Haley", "Wizard", "Krobus", "Marnie", "Lewis", "Pierre", "Sebastian"],
        "Dislike": ["Pam", "Clint", "George"],
    },
    "NameLocalization":
    {
        "es": "Ramo de esperanza",
        "ko": "희망찬 꽃다발",
        "de": "Blumenstrauß der Hoffnung",
         // "fr": "",
         // "hu": "",
         // "it": "",
         // "ja": "",
        "pt": "Buquê da Esperança",
         // "ru": "",
         // "tr": "",
        "zh": "希冀花束",
    },
    "DescriptionLocalization":
    {
        "es": "Flores brillantes de color amarillo envueltas en un ramo. Te llenan de esperanza.",
        "ko": "밝은 노란색 꽃으로 만든 꽃다발입니다. 희망이 당신을 채웁니다.",
        "de": "Leuchtend gelbe Blüten, in einen Strauß gehüllt. Es erfüllt dich mit Hoffnung.",
         // "fr": "",
         // "hu": "",
         // "it": "",
         // "ja": "",
        "pt": "Flores amarelas brilhantes, envolto em um buquê.Isso te enche de esperança.",
         // "ru": "",
         // "tr": "",
        "zh": "明丽的黄色花束，使人充满希望。",
    }
}