{
  "Name": "Lotus Mochi",
  "Description": "A sweet pastry made from rice flour, filled with a paste made from lotus seeds. Very chewy.",
  "Category": "Cooking",
  "Edibility": 34,
  "EdibleIsDrink": false,
  "EdibleBuffs": null,
  "Price": 250,
  "IsColored": false,
  "Recipe": {
    "ResultCount": 1,
    "Ingredients": [
      {
        "Object": 423,
        "Count": 1,
      },
      {
        "Object": 245,
        "Count": 1,
      },
	  {
		  "Object": "Lotus",
		  "Count": 1,
	  },
    ],
    "IsDefault": false,
	"CanPurchase": false,
	"PurchaseFrom": "Gus",
  },
  "NameLocalization": { 
    "es": "Mochi de loto",
    "ko": "연꽃 떡",
    "de": "Lotus Mochi",
     // "fr": "",
     // "hu": "",
     // "it": "",
     // "ja": "",
    "pt": "Mochi de Lótus",
     // "ru": "",
     // "tr": "",
    "zh": "莲子糯米团",
     },
 "DescriptionLocalization": { 
    "es": "Una pasta dulce hecha de harina de arroz, rellena con una pasta de semillas de loto. Muy masticable.",
    "ko": "연꽃씨로 만든 풀로 가득 찬 쌀가루로 만든 달콤한 페이스트리. 아주 쫄깃쫄깃하다.",
    "de": "Ein süßes Gebäck aus Reismehl, gefüllt mit einer Paste aus Lotus-Samen. Sehr zäh.",
     // "fr": "",
     // "hu": "",
     // "it": "",
     // "ja": "",
    "pt": "Uma massa doce feita com farinha de arroz, preenchida com uma pasta feita com sementes de lótus.",
     // "ru": "",
     // "tr": "",
    "zh": "莲子糯米团。一种由米粉制成的甜馅饼，装满莲子和糖制成的糊状物。非常耐咀嚼。",
    }
}