{
    "Name": "Delphinium",
    "Product": "Delphinium",
    "SeedName": "Delphinium Seeds",
    "SeedDescription": "Plant in spring. Takes 9 days to produce a large cluster of blue flowers.",
    "Type": "Flower",

    "Seasons": ["spring"],
    "Phases": [ 1, 2, 2, 2, 2 ],
	"RegrowthPhase": -1,
    "HarvestWithScythe": false,
    "TrellisCrop": false,
    "Colors": [
		"85, 135, 255, 255",
		"195, 100, 255, 255",
		"255, 90, 230, 255"
	],
    "Bonus": {
        "MinimumPerHarvest": 1,
        "MaximumPerHarvest": 1,
        "MaxIncreasePerFarmLevel": 5,
        "ExtraChance": 0.0,
    },
	
	"SeedPurchaseRequirements": [
		"y 2",
	],
    "SeedPurchasePrice": 50,
    "SeedNameLocalization": { 
    "es": "Semillas de delfinio",
    "ko": "델피니움 씨앗",
    "de": "Delphinium Samen",
     // "fr": "",
     // "hu": "",
     // "it": "",
     // "ja": "",
    "pt": "Semente de Esporinha",
     // "ru": "",
     // "tr": "",
    "zh": "翠雀花种子",
    },
"SeedDescriptionLocalization": { 
    "es": "Plántalas en primavera. Toma 9 días para producir un gran racimo de flores azules.",
    "ko": "봄에 심습니다. 9일후에 푸른 꽃들이 핍니다.",
    "de": "Im Frühjahr pflanzen. Es dauert 9 Tage, um eine große Ansammlung blauer Blüten zu bilden.",
     // "fr": "",
     // "hu": "",
     // "it": "",
     // "ja": "",
    "pt": "Plante-a na primavera. Demoram 9 dias para nascer um grande amontoado de flores azuis.",
     // "ru": "",
     // "tr": "",
    "zh": "春天下种。9天产出茂盛的蓝色花簇。",
    }
}
