{
  "Name": "Potted Violet",
  "Description": "A violet potted in a little wooden pot. Remember to water it!",
  "Price": 1,
  "ProvidesLight": false,
  "Recipe": {
    "ResultCount": 1,
    "Ingredients": [
      {
        "Object": "Violet",
        "Count": 1,
      },
	  {
		  "Object": 388,
		  "Count": 10
	  },
	  {
		  "Object": 330,
		  "Count": 10
	  },
    ],
	  "CanPurchase": false,  
  },
  "NameLocalization": { 
    "es": "Violeta en maceta",
    "ko": "실내 화초 제비꽃",
    "de": "Eingemachtes Veilchen",
     // "fr": "",
     // "hu": "",
     // "it": "",
     // "ja": "",
    "pt": "Vaso de Violeta",
     // "ru": "",
     // "tr": "",
    "zh": "紫罗兰花盆栽",
     },
 "DescriptionLocalization": { 
    "es": "Una violeta en una pequeña maceta de madera. ¡Recuerda regarla!",
    "ko": "작은 나무 화분에 심겨진 제비꽃 입니다. 물 주는거 잊지마세요!",
    "de": "Ein Veilchen in einem kleinen Holztopf. Denken Sie daran, es zu gießen!",
     // "fr": "",
     // "hu": "",
     // "it": "",
     // "ja": "",
    "pt": "Uma violeta em um pequeno vaso de madeira. Lembre-se sempre de regá-la!",
     // "ru": "",
     // "tr": "",
    "zh": "一个小木盆里的紫罗兰花。记得给它浇水！",
    }
}
