{
    "Name": "Bellini",
    "Description": "A mixture of sparkling wine and peach purée or nectar.",
    "Category": "Cooking",
    "Edibility": 44,
    "EdibleIsDrink": true,
    "EdibleBuffs":
    {
        "Farming": 0,
        "Fishing": 0,
        "Mining": 0,
        "Luck": 0,
        "Foraging": 0,
        "MaxStamina": 0,
        "MagnetRadius": 0,
        "Speed": -1,
        "Defense": 0,
        "Attack": 0,
        "Duration": 100,
    },
    "Price": 590,
    "IsColored": false,
    "CanPurchase": true,
    "PurchaseFrom": "Gus",
    "PurchasePrice": 915,
    "Recipe":
    {
        "ResultCount": 1,
        "Ingredients": [
        {
            "Object": 636,
            "Count": 1,
        },
        {
            "Object": "Sparkling Wine",
            "Count": 1,
        }],
        "CanPurchase": true,
        "PurchaseFrom": "Gus",
        "PurchasePrice": 5590,
        "PurchaseRequirements": null,
    },

    "NameLocalization":
    {
        "es": "Bellini",
        "ko": "벨리니",
        "de": "Bellini",
        // "fr": "",
        // "hu": "",
        // "it": "",
        // "ja": "",
        // "pt": "",
        // "ru": "",
        // "tr": "",
        "zh": "贝里尼",
    },
    "DescriptionLocalization":
    {
        "es": "Una mezcla de vino espumoso y puré de melocotón o néctar.",
        "ko": "스파클링 와인과 복숭아 퓨레 또는 과실음료의 혼합.",
        "de": "Eine Mischung aus Sekt und Pfirsichpüree oder Nektar.",
        // "fr": "",
        // "hu": "",
        // "it": "",
        // "ja": "",
        // "pt": "",
        // "ru": "",
        // "tr": "",
        "zh": "贝里尼鸡尾酒。一种气泡酒和蜜桃露或花蜜的混合饮品。",
    }
}
