{
    "Name": "Apple Cider",
    "Description": "A delicious refreshment that sparkles in the light.",
    "Category": "ArtisanGoods",
    "Edibility": 22,
    "EdibleIsDrink": true,
    "Price": 200,
    "IsColored": false,
    "Recipe": null,
    "GiftTastes":
    {
        "Like": ["Abigail", "Alex", "Caroline", "Clint", "Demetrius", "Dwarf", "Elliott", "Emily", "Evelyn", "George", "Gus", "Haley", "Harvey", "Jas", "Jodi", "Kent", "Krobus", "Leah", "Lewis", "Linus", "Marnie", "Maru", "Pam", "Penny", "Pierre", "Robin", "Sam", "Sandy", "Sebastian", "Shane", "Vincent", "Willy", "Wizard"],
    },
    "NameLocalization":
    {
        "es": "Sidra de manzana",
        "ko": "애플 사이다",
        "de": "Apfelwein",
         // "fr": "",
         // "hu": "",
         // "it": "",
        "ja": "アップルサイダー",
         // "pt": "",
         // "ru": "",
         // "tr": "",
        "zh": "苹果酒",
    },
    "DescriptionLocalization":
    {
        "es": "Un delicioso refresco que brilla a la luz.",
        "ko": "빛을 비추면 반짝이는 맛있는 다과.",
        "de": "Eine köstliche Erfrischung, die im Licht funkelt.",
         // "fr": "",
         // "hu": "",
         // "it": "",
        "ja": "明かりが当たると光り輝くおいしい飲料。",
         // "pt": "",
         // "ru": "",
         // "tr": "",
        "zh": "经发酵而成，瓶中液体在阳光下闪闪发光。",
    }
}