{
    "Format": "1.15.0",
    "DynamicTokens": [
    {
        "Name": "TailorMouse-Style",
        "Value": ""
    },
    {
        "Name": "TailorMouse-Style",
        "Value": "_FlowerValley",
        "When":
        {
            "HasMod:kaya.floralvalley": true
        }
    },
],
    "Changes": [
    {
        "LogName": "Tailor Mouse Sheets",
        "Action": "Load",
        "Target": "spring_tailormouse, Maps/spring_tailormouse, summer_tailormouse, Maps/summer_tailormouse, fall_tailormouse, Maps/fall_tailormouse, winter_tailormouse, Maps/winter_tailormouse",
        "FromFile": "assets/Tilesheets/{{TargetWithoutPath}}{{TailorMouse-Style}}.png",
    },
    {
        "LogName": "Tailor Mouse Map Patch",
        "Action": "EditMap",
        "Target": "Maps/Forest",
        "FromFile": "assets/Maps/clothingstand{{TailorMouse-Style}}.tbin",
        "ToArea":
        {
            "X": 46,
            "Y": 66,
            "Width": 4,
            "Height": 5
        },
        "When":
        {
            "HasReadLetter |contains=tailormouseletter": true,
            "HasMod |contains=TMXVMarket": false
        }
    },
    {
        "LogName": "English Mail",
        "Action": "EditData",
        "Target": "Data/Mail",
        "Entries":
        {
            "tailormouseletter": "Hi.^^Me sell clothes. Okay, poke?^^Come to arrow shape island, poke. Near old old old haus, poke. Bring many coines. New cloth every day.^^-tailor mouse",
        },
        "When":
        {
            "HasReadLetter |contains=hatter": true,
        },
    }, 
    {
        "LogName": "Chinese Mail",
        "Action": "EditData",
        "Target": "Data/Mail",
        "Entries":
        {
            "tailormouseletter": "你好！^^我有在卖衣服，要来吗吱？^^位置就在箭头形状的那座半岛上吱。就在那座很老很老的老房子附近叽叽吱。带上那些亮晶晶的东西来吱。每天都有新衣服！^^——裁缝鼠",
        },
        "When":
        {
            "HasReadLetter |contains=hatter": true,
            "Language": "zh",
        },
    }, 
    ]
}