﻿{
    "Name": "Ancient Nut Butter",
    "Description": "The taste is so unique that no human language has been able to describe it.",
    "Category": "ArtisanGoods",
    "Edibility": 52,
    "Price": 875,
    "IsColored": false,
    "Recipe": null,
	"EnableWithMod": "ppja.artisanvalleymachinegoods",
    "GiftTastes":
    {
        "Love": ["Abigail", "Alex", "Caroline", "Clint", "Demetrius", "Dwarf", "Elliott", "Emily", "Evelyn", "George", "Gus", "Haley", "Harvey", "Jodi", "Kent", "Krobus", "Leah", "Lewis", "Linus", "Marnie", "Maru", "Pam", "Penny", "Pierre", "Robin", "Sam", "Sandy", "Sebastian", "Shane", "Willy", "Wizard", "Vincent", "Jas"]
    },
    "NameLocalization":
    {
        "es": "Manteca de Nuez Antigua",
        "ko": "고대의 견과 버터",
        "de": "Alte Nussbutter",
        "fr": "Beurre De Noix Ancien",
        //"hu": "",
        //"it": "",
        //"ja": "",
        "pt": "Manteiga de Noz Antiga",
        "ru": "Древнее ореховое масло",
        //"tr": "",
        "zh": "远古坚果黄油"
    },
    "DescriptionLocalization":
    {
        "es": "El sabor es tan único que ningúna lengua humana ha podido describirlo.",
        "ko": "너무나도 독특한 맛이어서 그 어떤 인간의 말로도 설명할 수 없습니다.",
        "de": "Der Geschmack ist so einzigartig, dass keine menschliche Sprache ihn beschreiben konnte.",
        "fr": "Le goût est si unique qu'aucun langage humain n'a pu le décrire.",
        //"hu": "",
        //"it": "",
        //"ja": "",
        "pt": "O sabor é tão único que nenhuma língua humana é capaz de descrever.",
        "ru": "Этот вкус настолько уникален, что ни один человеческий язык не был способен его описать.",
        //"tr": "",
        "zh": "这种味道是如此独特，以至于没有人类语言能够描述它。"
    },
    "ContextTags": [
        "color_yellow"
    ]
}
