{
  "Name": "Herb-Crusted Fish",
  "Description": "A breaded fish that was covered in herbs and fried.",
  "Category": "Cooking",
  "Edibility": 35,
  "EdibleIsDrink": false,
  "EdibleBuffs": {
    "Farming": 0,
    "Fishing": 1,
    "Mining": 0,
    "Luck": 0,
	"Foraging": 0,
	"MaxStamina": 0,
    "MagnetRadius": 0,
	"Speed": 0,
	"Defense": 0,
	"Attack": 0,
    "Duration": 600,
  },
  "Price": 300,
  "IsColored": false,
  "Recipe": {
    "ResultCount": 1,
    "Ingredients": [
      {
        "Object": -4,
        "Count": 1,
      },
      {
        "Object": 246,
        "Count": 1,
      },
	  {
		  "Object": "Lavender",
		  "Count": 1,
	  },
    ],
    "IsDefault": false,
	"CanPurchase": false,
  },
  "NameLocalization": { 
    "es": "Pescado con costra de hierba",
    "ko": "허브 크러스트 피쉬",
    "de": "Fisch mit Kräuterkruste",
     // "fr": "",
     // "hu": "",
     // "it": "",
     // "ja": "",
    "pt": "Peixe com Crosta de Ervas",
     // "ru": "",
     // "tr": "",
    "zh": "香草鱼",
     },
 "DescriptionLocalization": { 
    "es": "Un pescado frito cubierto de hierbas.",
    "ko": "허브를 곁들인 구운 빵에 절인 생선.",
    "de": "Ein panierter Fisch, der mit Kräutern überzogen und gebraten wurde.",
     // "fr": "",
     // "hu": "",
     // "it": "",
     // "ja": "",
    "pt": "Um peixe a milanesa coberto de ervas e selado.",
     // "ru": "",
     // "tr": "",
    "zh": "香草鱼。包裹着面包和香草的鱼，炸制酥脆。",
    }
}