{
    "Name": "Pecan Butter",
    "Description": "A hearty butter with a thick texture.",
    "Category": "ArtisanGoods",
    "Edibility": 18,
    "Price": 175,
    "IsColored": false,
    "Recipe": null,
    "GiftTastes":
    {
        "Love": ["Leah"],
        "Like": ["Abigail", "Alex", "Caroline", "Clint", "Demetrius", "Dwarf", "Elliott", "Emily", "Evelyn", "George", "Gus", "Haley", "Harvey", "Jas", "Jodi", "Kent", "Krobus", "Lewis", "Linus", "Marnie", "Maru", "Pam", "Penny", "Pierre", "Robin", "Sam", "Sandy", "Sebastian", "Shane", "Vincent", "Willy", "Wizard"],
    },
    "NameLocalization":
    {
        "es": "Mantequilla de nuez moscada",
        "ko": "피칸 버터",
        "de": "Pekannuss-Butter",
         // "fr": "",
         // "hu": "",
         // "it": "",
        "ja": "ペカンバター",
         // "pt": "",
         // "ru": "",
         // "tr": "",
        "zh": "核桃奶油",
    },
    "DescriptionLocalization":
    {
        "es": "Una mantequilla fuerte con una textura espesa.",
        "ko": "뻑뻑한 질감의 버터.",
        "de": "Eine herzhafte Butter, mit einer dicken Textur.",
         // "fr": "",
         // "hu": "",
         // "it": "",
        "ja": "濃厚な食感でボリュームのあるバター。",
         // "pt": "",
         // "ru": "",
         // "tr": "",
        "zh": "一种浓郁的奶油，口感浓厚。",
    }
}