{
    "Name": "Sandy's Calico Colada",
    "Description": "From the Stardew Valley Pixel to Plate",
    "Category": "Cooking",
    "Edibility": 35,
    "EdibleIsDrink": true,
    "EdibleBuffs":
    {
        "Farming": 0,
        "Fishing": 0,
        "Mining": 0,
        "Luck": 0,
        "Foraging": 0,
        "MaxStamina": 0,
        "MagnetRadius": 0,
        "Speed": -1,
        "Defense": 0,
        "Attack": 0,
        "Duration": 100,
    },
    "Price": 470,
    "IsColored": false,
    "CanPurchase": true,
    "PurchaseFrom": "Gus",
    "PurchasePrice": 470,
    "Recipe":
    {
        "ResultCount": 1,
        "Ingredients": [
        {
            "Object": "Rum",
            "Count": 1,
        },
        {
            "Object": 88,
            "Count": 1,
        },
        {
            "Object": "Pineapple",
            "Count": 1,
        }, ],
        "CanPurchase": true,
        "PurchaseFrom": "Gus",
        "PurchasePrice": 940,
        "PurchaseRequirements": ["f Krobus 1000", ],
    },
    "NameLocalization":
    {
        // "es": "",
        "ko": "샌디의 칼리코 칼라다",
        "de": "Sandy´s Calico Colada",
        // "fr": "",
        // "hu": "",
        // "it": "",
        // "ja": "",
        // "pt": "",
        // "ru": "",
        // "tr": "",
        "zh": "桑迪的卡利科朗姆酒",
    },
    "DescriptionLocalization":
    {
        // "es": "",
        "ko": "스타듀 밸리 픽셀에서 플레이트 메뉴까지.",
        "de": "Vom Stardew Valley Pixel auf den Teller.",
        // "fr": "",
        // "hu": "",
        // "it": "",
        // "ja": "",
        // "pt": "",
        // "ru": "",
        // "tr": "",
        "zh": "桑迪的卡利科朗姆酒。名字起源于星露谷，卡利科是桑迪所在那片沙漠的名字。",
    }
}
