{
    "Name": "Poblano Extract",
    "Description": "This liquid has been extracted from a pepper.",
    "Category": "ArtisanGoods",
    "Edibility": -300,
    "Price": 425,
    "IsColored": false,
    "Recipe": null,
    "GiftTastes":
    {
        "Like": ["Abigail", "Kent", "Krobus", "Sam", "Sandy", "Shane", "Sebastian"],
        "Neutral": ["Alex", "Clint", "Demetrius", "Dwarf", "Emily", "George", "Gus", "Leah", "Linus", "Marnie", "Maru", "Pam", "Penny", "Robin", "Willy", "Wizard"],
        "Dislike": ["Caroline", "Elliott", "Haley", "Harvey", "Jodi", "Lewis"],
        "Hate": ["Evelyn", "Jas", "Pierre", "Vincent"],
    },
    "NameLocalization":
    {
        "es": "Extracto de poblano",
        "ko": "포블라노 추출액",
        "de": "Poblano-Extrakt",
         // "fr": "",
         // "hu": "",
         // "it": "",
        "ja": "ポブラノエキス",
         // "pt": "",
         // "ru": "",
         // "tr": "",
        "zh": "墨西哥胡椒提取物",
    },
    "DescriptionLocalization":
    {
        "es": "Este líquido ha sido extraído de un pimiento.",
        "ko": "고추에서 추출됐습니다.",
        "de": "Diese Flüssigkeit wurde aus einem Pfeffer extrahiert.",
         // "fr": "",
         // "hu": "",
         // "it": "",
        "ja": "トウガラシから抽出されたエキス。",
         // "pt": "",
         // "ru": "",
         // "tr": "",
        "zh": "这种液体是从墨西哥胡椒中提取出来的。",
    }
}