﻿{
    "Name": "Ancient Olive Oil",
    "Description": "This extra-virgin olive oil has more flavor than any other you’ve tasted.",
    "Category": "ArtisanGoods",
    "Edibility": -300,
    "EdibleIsDrink": false,
    "Price": 1800,
    "IsColored": false,
    "Recipe": null,
    "GiftTastes":
    {
        "Love": ["Gus", "Evelyn", "Marnie", "Caroline", "Lewis", "Jody"],
    },
    "NameLocalization":
    {
        "es": "Aceite de Oliva Antiguo",
        "ko": "고대의 올리브유",
        //"de": "",
        //"fr": "",
        //"hu": "",
        //"it": "",
        //"ja": "",
        //"pt": "",
        //"ru": "",
        //"tr": "",
        "zh": "远古橄榄油"
    },
    "DescriptionLocalization":
    {
        "es": "Este aceite extra-virgen de oliva tiene más sabor que cualquier otro que hayas probado.",
        "ko": "이 엑스트라-버진 올리브유는 여태껏 맛본 그 어느 것보다도 맛이 풍부합니다. ",
        //"de": "",
        //"fr": "",
        //"hu": "",
        //"it": "",
        //"ja": "",
        //"pt": "",
        //"ru": "",
        //"tr": "",
        "zh": "这种特级初榨橄榄油比你吃过的任何一种都更有味道。"
    },
    "ContextTags": [
        "color_brown"
    ]
}