{
  "Name": "Jasmine",
  "Description": "A delicate white flower known for its scent. Often used to make tea.",
  "Category": "Flower",
  "Edibility": 10,
  "Price": 120,
  "IsColored": false,
  "Recipe": null,
  "NameLocalization": { 
    "es": "Jazmín",
    "ko": "자스민",
    "de": "Jasmin",
    "fr": "Jasmin",
     // "hu": "",
     // "it": "",
    "ja": "ジャスミン",
    "pt": "Jasmim",
     // "ru": "",
     // "tr": "",
    "zh": "茉莉",
     },
 "DescriptionLocalization": { 
    "es": "Una flor blanca delicada conocida por su aroma. A menudo se utiliza para hacer té.",
    "ko": "향기로 알려진 섬세한 흰 꽃. 종종 차를 만드는 데 사용됩니다.",
    "de": "Eine zarte weiße Blume, die für ihren Duft bekannt ist. Oft verwendet, um Tee zu machen.",
    "fr": "Une fleur blanche délicate connue pour son parfum. Souvent utilisé pour faire du thé.",
     // "hu": "",
     // "it": "",
    "ja": "香りで知られる繊細な白い花。お茶を作るのによく使われます。",
    "pt": "Uma delicada flor branca conhecida pelo seu aroma.  Freqüentemente usado para fazer chá.",
     // "ru": "",
     // "tr": "",
    "zh": "一种以其气味闻名的精致的白花。常用来泡茶。",
    },
    "ContextTags": [
    	"flower_item",
    	"fruit_tree_flower_item",
    	"season_fall",
    	"color_white"
    ]
}