{
    "Name": "Black Junimo",
    "Description": "Five parts vodka to two parts coffee liqueur.",
    "Category": "Cooking",
    "Edibility": 42,
    "EdibleIsDrink": true,
    "EdibleBuffs":
    {
        "Farming": 0,
        "Fishing": 0,
        "Mining": 0,
        "Luck": 0,
        "Foraging": 0,
        "MaxStamina": 0,
        "MagnetRadius": 0,
        "Speed": -1,
        "Defense": 0,
        "Attack": 0,
        "Duration": 930,
    },
    "Price": 930,
    "IsColored": false,
    "CanPurchase": true,
    "PurchaseFrom": "Gus",
    "PurchasePrice": 1255,
    "Recipe":
    {
        "ResultCount": 1,
        "Ingredients": [
        {
            "Object": "Coffee Liqueur",
            "Count": 1,
        },
        {
            "Object": "Vodka",
            "Count": 1,
        }],
        "CanPurchase": true,
        "PurchaseFrom": "Gus",
        "PurchasePrice": 5930,
        "PurchaseRequirements": ["y 2", ],
    },

    "NameLocalization":
    {
        "es": "Junimo negro",
        "ko": "블랙 주니모",
        "de": "",
        // "fr": "",
        // "hu": "",
        // "it": "",
        // "ja": "",
        // "pt": "",
        // "ru": "",
        // "tr": "",
        "zh": "黑色祝尼魔",
    },
    "DescriptionLocalization":
    {
        "es": "Cinco partes de vodka, dos partes de licor de café.",
        "ko": "두 잔의 커피 리큐어에 다섯 잔의 보드카.",
        "de": "Fünf CL von Wodka zu zwei CL Kaffeelikör.",
        // "fr": "",
        // "hu": "",
        // "it": "",
        // "ja": "",
        // "pt": "",
        // "ru": "",
        // "tr": "",
        "zh": "黑色祝尼魔。五份伏特加两份咖啡利口酒。",
    }
}
