{
    "Name": "Strawberry Santa",
    "Description": "A ripe strawberry decorated to look like Santa!",
    "Category": "Cooking",
    "Edibility": 48,
    "EdibleIsDrink": false,
    "EdibleBuffs": null,
    "Price": 500,
    "IsColored": false,
    "Recipe":
    {
        "ResultCount": 1,
        "Ingredients": [
        {
            "Object": 400,
            "Count": 1,
        },
        {
            "Object": 245,
            "Count": 1,
        }, ],
        "IsDefault": true,
    },
    "GiftTastes":
    {
        "Love": ["Abigail", "Haley", "Maru", "Sebastian"],
        "Like": ["Alex", "Caroline", "Clint", "Demetrius", "Dwarf", "Elliott", "George", "Gus", "Harvey", "Jas", "Jodi", "Kent", "Leah", "Lewis", "Linus", "Marnie", "Pam", "Penny", "Pierre", "Robin", "Sam", "Sandy", "Shane", "Vincent", "Wizard"],
        "Neutral": ["Emily", "Krobus", "Willy"],
        "Hate": ["Evelyn"],
    },
    "NameLocalization":
    {
        // "es": "",
        "ko": "딸기 산타",
        "de": "Erdbeer Santa",
        // "fr": "",
        // "hu": "",
        // "it": "",
        "ja": "ストロベリーサンタ",
        "pt": "Papai Noel de Morango",
        // "ru": "",
        // "tr": "",
        "zh": "草莓圣诞老人",
    },
    "DescriptionLocalization":
    {
        // "es": "",
        "ko": "잘 익은 딸기를 산타모양으로 장식했습니다!",
        "de": "Eine reife Erdbeere, die so dekoriert ist, dass sie wie der Weihnachtsmann aussieht!",
        // "fr": "",
        // "hu": "",
        // "it": "",
        "ja": "完熟イチゴをサンタに見立ててデコレーション！",
        "pt": "Um morango maduro decorado em forma de Papai Noel!",
        // "ru": "",
        // "tr": "",
        "zh": "一个圣诞老人形状的成熟草莓！",
    }
}