{
    "Name": "Dark and Stormy",
    "Description": "It was a dark and stormy night...",
    "Category": "Cooking",
    "Edibility": 55,
    "EdibleIsDrink": true,
    "EdibleBuffs":
    {
        "Farming": 0,
        "Fishing": 0,
        "Mining": 0,
        "Luck": 0,
        "Foraging": 0,
        "MaxStamina": 0,
        "MagnetRadius": 0,
        "Speed": -1,
        "Defense": 0,
        "Attack": 0,
        "Duration": 100,
    },
    "Price": 780,
    "IsColored": false,
    "CanPurchase": true,
    "PurchaseFrom": "Gus",
    "PurchasePrice": 1780,
    "PurchaseRequirements": ["f Sebastian 2000", ],
    "Recipe":
    {
        "ResultCount": 1,
        "Ingredients": [
        {
            "Object": "Rum",
            "Count": 1,
        },
        {
            "Object": "Ginger",
            "Count": 1,
        },
        {
            "Object": 346,
            "Count": 1,
        },
        {
            "Object": "Lime",
            "Count": 1,
        }],
        "CanPurchase": false,
    },

    "NameLocalization":
    {
        "es": "Oscuro y tormentoso",
        "ko": "어둠과 폭풍",
        // "de": "",
        // "fr": "",
        // "hu": "",
        // "it": "",
        // "ja": "",
        // "pt": "",
        // "ru": "",
        // "tr": "",
        "zh": "黑暗风暴",
    },
    "DescriptionLocalization":
    {
        "es": "Era una noche oscura y tormentosa...",
        "ko": "어둡고 폭풍우 치는 밤이었어요...",
        // "de": "",
        // "fr": "",
        // "hu": "",
        // "it": "",
        // "ja": "",
        // "pt": "",
        // "ru": "",
        // "tr": "",
        "zh": "黑暗风暴。那是一个漆黑的夜晚，风雨大作.....",
    }
}