{
  "Name": "Potted Crocus",
  "Description": "A crocus potted in a little wooden pot. Remember to water it!",
  "Price": 1,
  "ProvidesLight": false,
  "Recipe": {
    "ResultCount": 1,
    "Ingredients": [
      {
		  "Object": 418,
		  "Count": 1,
      },
      {
		  "Object": 388,
		  "Count": 10,
      },
	  {
		  "Object": 330,
		  "Count": 10,
	  },
    ],
	"CanPurchase": false,
  },
  "NameLocalization": { 
    "es": "Azafrán en maceta",
    "ko": "실내 화초 크로커스",
    "de": "Eingemachter Krokus",
     // "fr": "",
     // "hu": "",
     // "it": "",
     // "ja": "",
    "pt": "Vaso de Açafrão",
     // "ru": "",
     // "tr": "",
    "zh": "番红花盆栽",
     },
 "DescriptionLocalization": { 
    "es": "Un azafrán en una pequeña maceta de madera. ¡Recuerda regarlo!",
    "ko": "작은 나무 화분에 심겨진 크로커스 입니다. 물 주는거 잊지마세요!",
    "de": "Ein Krokus in einem kleinen Holztopf. Denken Sie daran, es zu gießen!",
     // "fr": "",
     // "hu": "",
     // "it": "",
     // "ja": "",
    "pt": "Um açafrão em um pequeno vaso de madeira. Lembre-se sempre de rega-lo!",
     // "ru": "",
     // "tr": "",
    "zh": "一个小木盆里的番红花。记得给它浇水！",
    }
}
