{
    "Name": "Rose",
    "Description": "A rose by any other name would smell as sweet.",
    "Category": "Flower",
    "Edibility": 18,
    "Price": 55,
    "IsColored": false,
    "Recipe": null,
    "GiftTastes":
    {
        "Love": ["Evelyn", "Jodi", "Penny", "Haley"],
        "Like": ["Abigail", "Alex", "Caroline", "Clint", "Demetrius", "Dwarf", "Elliott", "Emily", "George", "Gus", "Harvey", "Jas", "Kent", "Krobus", "Leah", "Lewis", "Linus", "Marnie", "Maru", "Pam", "Pierre", "Robin", "Sam", "Sandy", "Sebastian", "Shane", "Vincent", "Willy", "Wizard"],
    },
    "NameLocalization":
    {
        "es": "Rosa",
        "ko": "장미",
        "de": "Rose",
        "fr": "Rose",
         // "hu": "",
         // "it": "",
        "ja": "バラ",
        "pt": "Rosa",
        "ru": "Роза",
         // "tr": "",
        "zh": "玫瑰",
    },
    "DescriptionLocalization":
    {
        "es": "Una dulce flor, con un olor irresistible.",
        "ko": "장미는 이름이 장미가 아니더라도 향기롭기는 매한가지일 것입니다.",
        "de": "Frauen lieben sie, pass aber auf die Dornen auf.",
        "fr": "Une rose sous un autre nom aurait une odeur aussi douce.",
         // "hu": "",
         // "it": "",
        "ja": "「バラと呼ばれている花を別の名前にしても、甘く美しい香りはそのままだわ。」",
        "pt": "Uma rosa de qualquer outro nome poderia ter um cheiro tão doce como essa.",
        "ru": "Как розу не назови, пахнуть она будет столь же сладко.",
         // "tr": "",
        "zh": "玫瑰闻起来都是甜的。",
    }
} 
