{
  "Name": "Floral Soap",
  "Description": "A bar of soap that smells like flowers. It's been dressed up with a bow.",
  "Category": "ArtisanGoods",
  "Edibility": -300,
  "Price": 150,
  "IsColored": false,
  "Recipe": null,
  "NameLocalization": { 
    "es": "Jabón floral",
    "ko": "비누 꽃",
    "de": "Blumenseife",
     // "fr": "",
     // "hu": "",
     // "it": "",
     // "ja": "",
    "pt": "Sabonete Floral",
     // "ru": "",
     // "tr": "",
    "zh": "花味香皂",
     },
 "DescriptionLocalization": { 
    "es": "Una barra de jabón que huele a flores. Ha sido amarrado con un lazo.",
    "ko": "꽃냄새가 나는 비누. 리본으로 이쁘게 장식되어 있다.",
    "de": "Ein Stück Seife, das nach Blumen riecht. Es ist mit einem Bogen verkleidet worden.",
     // "fr": "",
     // "hu": "",
     // "it": "",
     // "ja": "",
    "pt": "Uma barra de sabão que cheira a flores. Foi decorado com um lanço roxo.",
     // "ru": "",
     // "tr": "",
    "zh": "闻起来有花香的肥皂。中间系着蝴蝶结。",
    }
}