{
    "Name": "Beeswax",
    "Description": "Wax used to bind goods and make numerous products.",
    "Category": "ArtisanGoods",
    "Edibility": -300,
    "Price": 350,
    "IsColored": false,
    "Recipe": null,
    "GiftTastes":
    {
        "Dislike": ["Abigail", "Alex", "Caroline", "Clint", "Demetrius", "Dwarf", "Elliott", "Emily", "Evelyn", "George", "Gus", "Haley", "Harvey", "Jas", "Jodi", "Kent", "Krobus", "Leah", "Lewis", "Linus", "Marnie", "Maru", "Pam", "Penny", "Pierre", "Robin", "Sam", "Sandy", "Sebastian", "Shane", "Vincent", "Willy", "Wizard"],
    },
    "NameLocalization":
    {
        "es": "Cera de abejas",
        "ko": "밀랍",
        "de": "Bienenwachs",
         // "fr": "",
         // "hu": "",
         // "it": "",
        "ja": "ミツロウ",
         // "pt": "",
         // "ru": "",
         // "tr": "",
        "zh": "蜂蜡",
    },
    "DescriptionLocalization":
    {
        "es": "Cera utilizada para atar mercancías y hacer numerosos productos.",
        "ko": "접착성이 있고 제품을 만드는데 사용됩니다.",
        "de": "Wachs zum Binden von Waren und zur Herstellung zahlreicher Produkte.",
         // "fr": "",
         // "hu": "",
         // "it": "",
        "ja": "ワックスは原料を結び付け、色んな種類の製品を生み出すために使われる。",
         // "pt": "",
         // "ru": "",
         // "tr": "",
        "zh": "由蜂蜜制成，用来制造许多产品。",
    }
}