{
    "Name": "Geranium",
    "Product": "Geranium",
    "SeedName": "Geranium Seeds",
    "SeedDescription": "Plant in fall. Takes 9 days to produce a cluster of flowers.",
    "Type": "Flower",

    "Seasons": ["fall"],
    "Phases": [1, 2, 3, 3],
    "RegrowthPhase": -1,
    "HarvestWithScythe": false,
    "TrellisCrop": false,
    "Colors": [
        "255, 0, 100, 255",
        "255, 15, 0, 255",
        "255, 65, 15, 255"
    ],
    "Bonus":
    {
        "MinimumPerHarvest": 1,
        "MaximumPerHarvest": 1,
        "MaxIncreasePerFarmLevel": 5,
        "ExtraChance": 0.0,
    },

    "SeedPurchaseRequirements": [
        "y 3",
    ],
    "SeedPurchasePrice": 40,
    "SeedNameLocalization":
    {
        "es": "Semillas de geranio",
        "ko": "제라늄 씨앗",
        "de": "Geranien-Saat",
         // "fr": "",
         // "hu": "",
         // "it": "",
         // "ja": "",
        "pt": "Semente de Gerânio",
         // "ru": "",
         // "tr": "",
        "zh": "老鹳草种子",
    },
    "SeedDescriptionLocalization":
    {
        "es": "Plántalas en otoño. Toma 9 días para producir un racimo de flores.",
        "ko": "가을에 심습니다. 9일후에 꽃이 핍니다.",
        "de": "Pflanze im Herbst. Es dauert 9 Tage, um eine Gruppe von Blumen zu produzieren.",
         // "fr": "",
         // "hu": "",
         // "it": "",
         // "ja": "",
        "pt": "Plante-a no  outono. Demoram 9 dias para crescer um conjunto de flores",
         // "ru": "",
         // "tr": "",
        "zh": "秋天下种。9天产出花束。",
    }
}