{
    "Name": "The Last Word",
    "Description": "Who gets the last word?",
    "Category": "Cooking",
    "Edibility": 60,
    "EdibleIsDrink": true,
    "EdibleBuffs":
    {
        "Farming": 0,
        "Fishing": 0,
        "Mining": 0,
        "Luck": 0,
        "Foraging": 0,
        "MaxStamina": 0,
        "MagnetRadius": 0,
        "Speed": -1,
        "Defense": 0,
        "Attack": 0,
        "Duration": 100,
    },
    "Price": 705,
    "IsColored": false,
    "CanPurchase": true,
    "PurchaseFrom": "Gus",
    "PurchasePrice": 1705,
    "PurchaseRequirements": null,

    "Recipe":
    {
        "ResultCount": 1,
        "Ingredients": [
        {
            "Object": "Gin",
            "Count": 1,
        },
        {
            "Object": "Lime",
            "Count": 1,
        },
        {
            "Object": "Mint",
            "Count": 1,
        },
        {
            "Object": "Olive",
            "Count": 1,
        }],
        "CanPurchase": true,
        "PurchaseFrom": "Gus",
        "PurchasePrice": 5705,
        "PurchaseRequirements": null,
    },

    "NameLocalization":
    {
        "es": "La última palabra",
        "ko": "더 라스트 워드",
        "de": "Das letzte Wort",
        // "fr": "",
        // "hu": "",
        // "it": "",
        // "ja": "",
        // "pt": "",
        // "ru": "",
        // "tr": "",
        "zh": "临别一语",
    },
    "DescriptionLocalization":
    {
        "es": "¿Quién recibe la última palabra?",
        "ko": "누가 라스트 워드를 얻을까요?",
        "de": "Wer hat das letzte Wort?",
        // "fr": "",
        // "hu": "",
        // "it": "",
        // "ja": "",
        // "pt": "",
        // "ru": "",
        // "tr": "",
        "zh": "临别一语。谁说了最后一句话？",
    }
}
