{
  "Name": "Fruity Soap",
  "Description": "A bar of homemade soap. It smells like fruit.",
  "Category": "ArtisanGoods",
  "Edibility": -300,
  "Price": 75,
  "IsColored": false,
  "Recipe": null,
  "NameLocalization": { 
    "es": "Jabón frutal",
    "ko": "과일 비누",
    "de": "Fruchtige Seife",
     // "fr": "",
     // "hu": "",
     // "it": "",
     // "ja": "",
    "pt": "Sabonete Frutados",
     // "ru": "",
     // "tr": "",
    "zh": "果味香皂",
     },
 "DescriptionLocalization": { 
    "es": "Una barra de jabón casero. Huele a fruta.",
    "ko": "집에서 만든 수제 비누. 과일 향이 난다.",
    "de": "Ein Stück hausgemachte Seife. Es riecht nach Obst.",
     // "fr": "",
     // "hu": "",
     // "it": "",
     // "ja": "",
    "pt": "Uma barra de sabão caseiro. Cheira a fruta",
     // "ru": "",
     // "tr": "",
    "zh": "一块自制肥皂。闻起来是水果味。",
    }
}