{
    "Name": "Pitcher Plant",
    "Description": "A swamp-dwelling plant with a bell-shaped bloom that traps insects.",
    "Category": "Flower",
    "Edibility": 0,
    "Price": 350,
    "IsColored": false,
    "Recipe": null,
    "GiftTastes":
    {
        "Love": ["Krobus", "Maru"],
        "Like": ["Abigail", "Sebastian", "Sam", "Sandy", "Harvey", "Dwarf"],
        "Dislike": ["Caroline", "Elliott", "Kent"],
        "Hate": ["Alex", "Clint", "Emily", "Evelyn", "George", "Gus", "Jodi", "Marnie", "Pam", "Penny", "Pierre", "Willy", "Wizard", "Haley", "Jas", "Vincent"],
    },
    "NameLocalization":
    {
        // "es": "",
        "ko": "벌레잡이풀",
        "de": "Kannenpflanze",
        "fr": "Sarracénie",
        // "hu": "",
        // "it": "",
        "ja": "ウツボカズラ",
        // "pt": "",
       "ru": "Кувшиночник",
        // "tr": "",
        "zh": "猪笼草",
    },
    "DescriptionLocalization":
    {
        // "es": "",
        "ko": "덫으로 곤충을 잡는, 종 모양의 늪지대 식물입니다.",
        "de": "Eine Sumpfpflanze mit einem glockenförmigen Unterteil, mit dem sie Insekten fängt.",
        "fr": "Une plante marécageuse avec une fleur en forme de cloche qui piège les insectes.",
        // "hu": "",
        // "it": "",
        "ja": "昆虫を捕らえるための鐘型の袋を持つ、沼地に生息する植物。",
        // "pt": "",
       "ru": "Болотное растение с колоколообразным цветком, ловящим насекомых. ",
        // "tr": "",
        "zh": "一种生长在沼泽中的植物，因外形像猪笼而得名，能捕捉昆虫。",
    }
}
